ID,Nombre,Edad,Ciudad,DNI
1,"Martinez Vargas, Martha",72,Popayan,8683534700
2,"Contreras Campos, Mariana",62,Bucaramanga,7879896401
3,"Gonzalez Osorio, Sebastian",38,Santa Marta,9555841202
4,"Espinoza Soto, Patricia",68,Pereira,9159799603
5,"Espinoza Gomez, Pablo",35,Buenaventura,4503099404
6,"Ortiz Romero, Gabriel",33,Armenia,6181891805
7,"Trujillo Ramos, Claudia",41,Arauca,9746567606
8,"Pena Silva, Lorena",40,Cali,6079418407
9,"Sanchez Fuente, Luis",19,Leticia,4014722308
10,"Miranda Gallego, Pablo",79,Mitu,3934763509
11,"Escobar Vargas, Juan Pablo",21,Cucuta,4963146510
12,"Delgado Fuente, Sandra",21,Armenia,9218427511
13,"Suarez Parra, Alicia",32,Pasto,4453294812
14,"Núñez Soto, Maria Jose",18,Inirida,4766512213
15,"Molina Navarro, Melissa",45,Monteria,8727957914
16,"Lopez Arias, Arturo",60,Bucaramanga,5950972415
17,"Valencia Vega, Pilar",27,Mocoa,9048661716
18,"Moreno Maldonado, Miguel",28,Envigado,4490544817
19,"Escobar Reyes, Raul",20,Pereira,5841290818
20,"Gallego Coronel, Camila",64,Bogota,5210268519
21,"Nieto Leon, Ernesto",29,Buenaventura,7740255020
22,"Villanueva Arias, Isabella",58,Palmira,1522900421
23,"Blanco Carrillo, Javier",39,Riohacha,7910949022
24,"Camacho Tapia, Esperanza",53,Cartagena,6313844423
25,"Contreras Campos, Ana Maria",38,Quibdo,9602070924
26,"Carrillo Sanchez, Esteban",73,Sincelejo,6734139225
27,"Cardenas Gutierrez, Mauricio",37,Villavicencio,1808531026
28,"Aguilar Blanco, Nicolas",37,Cucuta,9247041827
29,"Cano Gallego, Hernan",49,San Jose del Guaviare,1998024328
30,"Suarez Sandoval, Eduardo",73,Arauca,8097544029
31,"Muñoz Dominguez, Mariana",37,Saravena,6449534530
32,"Miranda Ramos, Lorena",40,Palmira,5550542531
33,"Molina Mendez, Laura",20,Valledupar,9246875732
34,"Aguilar Aguilar, Irene",69,Buenaventura,7744140333
35,"Alvarado Rios, Julio",63,Riohacha,8020016934
36,"Mendez Garcia, Felipe",34,Itagui,4181415635
37,"Perez Guzmán, Oscar",38,Popayan,5374212236
38,"Fuentes Osorio, Adriana",45,Neiva,6559227637
39,"Trujillo Guzmán, Monica",28,Quibdo,1848678038
40,"Flores Velasquez, Yolanda",58,Soacha,4061066839
41,"Arias Coronel, Mauricio",19,Sincelejo,6782258940
42,"Alvarez Ramirez, Irene",51,Envigado,2316607641
43,"Martinez Pena, Alicia",55,Santa Marta,3642917542
44,"Ortiz Guzmán, Andres Felipe",18,Buenaventura,9106544443
45,"Salinas Lara, Raul",68,Envigado,5639691444
46,"Vega Diaz, Maria",56,Barranquilla,4794179945
47,"Gallego Vergara, Nicolas",59,Monteria,1181603346
48,"Medina Carrillo, Blanca",36,Buenaventura,5198321547
49,"Carrillo Acosta, Adriana",18,Inirida,4592096848
50,"Silva Ramos, Sofia",69,Puerto Carreno,4862748249
51,"Padilla Diaz, Ana",74,Santa Marta,3125435650
52,"Rojas Barrera, Pilar",30,Barranquilla,3532686951
53,"Trujillo Avila, Silvia",65,Bello,1822505852
54,"Valdez Villanueva, David",74,Buenaventura,7272613453
55,"Delgado Ruiz, Elena",77,Quibdo,5250635154
56,"Ramirez Trujillo, Francisco",57,Cali,1333827555
57,"Contreras Cruz, Beatriz",32,Cartagena,8378865156
58,"Gomez Ruiz, Marcela",52,Popayan,2767659857
59,"Serrano Valdez, Andres Felipe",73,Cartagena,2991742958
60,"Rubio Rios, Maria Clara",77,Manizales,6778929359
61,"Muñoz Pena, Gloria",76,Envigado,5692747360
62,"Rios Bustos, Luis Miguel",26,Villavicencio,1653602761
63,"Padilla Bravo, Francisco",67,Florencia,8402216762
64,"Ramos Naranjo, Antonio",72,Mitu,2508328263
65,"Estrada Becerra, Oscar",74,Tunja,2284897764
66,"Ramos Zamora, Eduardo",48,Quibdo,7383663265
67,"Herrera Contreras, Mario",31,Mitu,5526057366
68,"Ramirez Gallego, Silvia",41,Ibague,7154760067
69,"Vega Estrada, Natalia",67,Pasto,1258680368
70,"Camacho Medina, Maria Clara",40,Monteria,4765186869
71,"Gomez Ortiz, Melissa",18,Medellin,7346118670
72,"Rivera Fuentes, Ignacio",69,Medellin,2566433671
73,"Meza Campos, Victor",45,Quibdo,6898600972
74,"Romero Figueroa, Ramon",30,Manizales,2372262573
75,"Vergara Estrada, Paola",66,Pasto,3152632474
76,"Mendez Navarro, Alejandra",30,Pereira,3157427575
77,"Cabrera Gomez, Ivan",72,Arauca,9102514576
78,"Camacho Gomez, Gabriel",54,Sincelejo,3219007177
79,"Fuente Sandoval, Melissa",61,Puerto Carreno,4566977078
80,"Romero Barrera, Pedro",58,Monteria,4429490479
81,"Ramirez Vásquez, Marcela",46,Buenaventura,1408144680
82,"Vega Rivera, Juan",63,Barrancabermeja,9335690281
83,"Reyes Vargas, Pilar",64,Saravena,9559464482
84,"Pena Blanco, Ricardo",24,Arauca,7088560283
85,"Becerra Fuente, Maria Clara",28,Soacha,1075973884
86,"Castillo Silva, Rafael",64,Manizales,8547543485
87,"Rubio Soto, Mario",63,Soledad,1757000986
88,"Rodriguez Zamora, Pilar",38,Barranquilla,3118112087
89,"Pena Moreno, Helena",63,Arauca,7346526988
90,"Gomez Jimenez, Gloria",23,Bucaramanga,9090623989
91,"Lugo Leon, Adriana",58,Valledupar,7754511490
92,"Leon Palacios, Adriana",24,Ibague,7707444991
93,"Aguilar Blanco, Arturo",29,Cartagena,9909878792
94,"Fuentes Medina, Maria",56,Saravena,6229518093
95,"Trujillo Gonzalez, Andrea",53,Quibdo,9823189894
96,"Salazar Diaz, Oscar",54,Medellin,6628263695
97,"Morales Perez, Paola",70,San Jose del Guaviare,9206891296
98,"Lara Gutierrez, Oscar",63,Medellin,6957639797
99,"Ruiz Rubio, Paola",71,San Jose del Guaviare,5091865898
100,"Flores Valencia, Alicia",57,Soledad,5981140899
101,"Vásquez Sanchez, Juan Pablo",78,Villavicencio,5364903600
102,"Cabrera Campos, Oscar",65,Bucaramanga,4612871101
103,"Contreras Ruiz, Fabian",28,Cartagena,9693183202
104,"Delgado Ramirez, Maria Clara",59,Villavicencio,7074133703
105,"Sandoval Zamora, Ana Maria",74,Florencia,4735935404
106,"Rubio Dominguez, Ana Maria",48,San Jose del Guaviare,3626782505
107,"Trujillo Gutierrez, Rodrigo",70,Florencia,3072858806
108,"Cabrera Soto, Sergio",55,Armenia,6221052807
109,"Moreno Ochoa, Gabriel",56,Soacha,4535363908
110,"Cardenas Salinas, Fernando",51,Cartagena,6849364409
111,"Flores Alvarez, Gustavo",56,Floridablanca,8740091810
112,"Arias Carrillo, Esperanza",55,Sincelejo,5814504811
113,"Gallego Cano, Ramon",37,Riohacha,2207594912
114,"Lara Serrano, Diana",61,Cartagena,4522439113
115,"Medina Becerra, Martha",32,Santa Marta,5193769414
116,"Miranda Salinas, Luis",80,Santa Marta,1912497815
117,"Rios Coronel, Carmen",56,Medellin,3773867916
118,"Guerrero Soto, Enrique",71,Barranquilla,2001500717
119,"Valdez Silva, Mariana",25,Soacha,8407028618
120,"Guerrero Ibarra, Felipe",74,Soacha,9228713019
121,"Osorio Rivera, Ignacio",30,Monteria,3929667720
122,"Contreras Ponce, Paula",48,Floridablanca,1445547621
123,"Mora Arias, Gabriel",80,Mitu,7525819922
124,"Vergara Sanchez, Fernando",24,Saravena,5946657723
125,"Perez Mendoza, Monica",20,Sincelejo,4518991724
126,"Ibarra Valdez, Alicia",42,Yopal,9366995825
127,"Ponce Velasquez, Beatriz",26,Envigado,4475835626
128,"Blanco Salazar, Manuel",31,Arauca,7050278527
129,"Padilla Rivera, Manuel",49,Valledupar,4188917628
130,"Serrano Muñoz, Diana",47,Neiva,3832703029
131,"Vargas Cortez, Felipe",70,Palmira,1953828530
132,"Guerrero Moreno, Cesar",47,Medellin,8417866531
133,"Garcia Morales, Yolanda",32,Buenaventura,1653856732
134,"Moreno Salazar, Ramon",20,Pasto,3899808733
135,"Lara Cortez, Susana",70,Soacha,9789864034
136,"Ponce Naranjo, Diego",46,Popayan,9238983235
137,"Becerra Valencia, Teresa",40,Buenaventura,1047412436
138,"Figueroa Miranda, Maria Jose",45,Soledad,2881202637
139,"Ponce Bravo, Felipe",64,Medellin,3104402338
140,"Trujillo Cano, Alfredo",68,Florencia,6371476439
141,"Naranjo Fuentes, Paula",66,Inirida,6007566540
142,"Valencia Guerrero, Ignacio",58,Pasto,7335520341
143,"Ponce Medina, Felipe",78,Villavicencio,7591156742
144,"Sandoval Salazar, Alfredo",77,Mocoa,8093083143
145,"Jimenez Diaz, Silvia",20,Floridablanca,1016215644
146,"Gutierrez Espinoza, Esteban",49,Bucaramanga,1063885245
147,"Ochoa Guzmán, Antonio",69,Tunja,7037356346
148,"Cortez Jimenez, Sergio",72,Pereira,9809624747
149,"Vega Morales, Gabriel",52,Tunja,7230681748
150,"Gonzalez Ponce, Pedro",29,Puerto Carreno,2389879549
151,"Cortez Sanchez, Esteban",47,Valledupar,5892603050
152,"Mendez Perez, Alicia",24,Armenia,1409394051
153,"Nieto Soto, Angela",64,Soacha,5133347152
154,"Coronel Gonzalez, Melissa",64,Medellin,9813314253
155,"Becerra Rojas, Patricia",46,Palmira,8165815054
156,"Pena Gallego, Paola",75,Puerto Carreno,6694698655
157,"Osorio Cabrera, Raul",40,Saravena,9624058956
158,"Trujillo Gallego, Mariana",75,Quibdo,1140800557
159,"Valdez Gonzalez, Eduardo",65,Tunja,5814901258
160,"Naranjo Ibarra, Irene",62,Mocoa,8806513559
161,"Medina Tapia, Lorena",45,Monteria,2299790160
162,"Valencia Cardenas, Marcela",70,Monteria,7213926461
163,"Blanco Carrillo, Juan",37,Palmira,5198573562
164,"Sandoval Fuente, Teresa",58,Bello,4023354463
165,"Vergara Rubio, Susana",59,Medellin,1775880864
166,"Garcia Ochoa, Hector",62,Itagui,6187694065
167,"Silva Leon, Sofia",80,Monteria,1208664866
168,"Naranjo Herrera, Melissa",34,Barranquilla,8085217067
169,"Perez Becerra, Ignacio",60,Mocoa,8229229168
170,"Gallego Acosta, Cesar",48,Valledupar,5843429669
171,"Rojas Rodriguez, Sergio",28,Inirida,6070735070
172,"Avila Ponce, Eduardo",57,Armenia,6728191971
173,"Dominguez Gomez, Martha",28,Riohacha,2837681272
174,"Bustos Ramos, Ramon",32,Itagui,1314249673
175,"Arias Mendez, Valentina",26,Neiva,6770100374
176,"Serrano Carrillo, Alicia",53,Quibdo,8226493575
177,"Rios Acosta, Roberto",53,Soledad,8778508876
178,"Villanueva Parra, Esteban",59,Floridablanca,1853978677
179,"Ramirez Maldonado, Sandra",76,Villavicencio,2506676978
180,"Moreno Soto, Natalia",48,Cucuta,1162621679
181,"Miranda Naranjo, Eduardo",68,Bello,6434887880
182,"Mendoza Tapia, Mariana",79,Popayan,1926152681
183,"Becerra Velasquez, Javier",46,Inirida,3950998682
184,"Reyes Herrera, Enrique",21,Bello,2794131883
185,"Lopez Villanueva, Ana Maria",44,Monteria,9183448684
186,"Nieto Morales, Tomas",41,Saravena,9313678985
187,"Valdez Blanco, Isabella",59,Floridablanca,7231639086
188,"Muñoz Cruz, Ignacio",74,Florencia,8981438387
189,"Ramos Castillo, Catalina",73,Villavicencio,9549054688
190,"Cano Estrada, Gabriel",72,Floridablanca,7608818289
191,"Cabrera Rubio, Sofia",30,Arauca,6535319690
192,"Bravo Lugo, Rocio",31,Sincelejo,4785628791
193,"Coronel Mora, Yolanda",47,Bogota,3489225492
194,"Bustos Cabrera, Ramon",74,Manizales,1809856293
195,"Dominguez Lugo, Luis Miguel",78,Manizales,3605896994
196,"Molina Nieto, Laura",19,Armenia,7894400895
197,"Naranjo Vargas, Catalina",18,Puerto Carreno,4024096896
198,"Ruiz Ramos, Irene",57,Inirida,2624301597
199,"Parra Peralta, Ivan",34,Cartagena,3533768498
200,"Cabrera Leon, Luisa",64,Mocoa,5187487999
201,"Ponce Becerra, Marcela",69,Cali,9017490000
202,"Ponce Maldonado, Juan Pablo",45,Neiva,3380052601
203,"Naranjo Lopez, Teresa",23,Pereira,2294423502
204,"Fuentes Ibarra, Andres",31,Bello,5288941003
205,"Tapia Ramirez, Ramon",32,Bogota,6349401004
206,"Navarro Cortez, Martha",66,Armenia,2866504705
207,"Nieto Gallego, Ivan",32,Soacha,4185106406
208,"Campos Ponce, Luis",68,Valledupar,8137606907
209,"Lugo Valencia, Rafael",18,Inirida,2570336208
210,"Perez Becerra, Francisco",23,Floridablanca,9727108609
211,"Gomez Gutierrez, Rosa",40,San Jose del Guaviare,6030943510
212,"Muñoz Maldonado, Alejandro",23,Pereira,8494296511
213,"Vargas Carrillo, Alfredo",28,Itagui,7269899512
214,"Mendoza Guerrero, Melissa",39,Riohacha,4822473713
215,"Trujillo Valencia, Diego",42,Pasto,4133672614
216,"Rios Flores, Ernesto",34,Sincelejo,8911183715
217,"Padilla Suarez, Natalia",46,Monteria,9270599016
218,"Herrera Rubio, Angela",65,Manizales,4088605717
219,"Barrera Moreno, Melissa",78,Puerto Carreno,1833490118
220,"Gallego Mendez, Susana",39,Cartagena,7797491119
221,"Reyes Barrera, Adriana",19,Barrancabermeja,7073058320
222,"Mendoza Ponce, Catalina",55,Popayan,2809583821
223,"Salinas Barrera, Catalina",31,Barrancabermeja,3324021122
224,"Soto Ponce, Sandra",30,Bucaramanga,4570944123
225,"Cardenas Ponce, Ricardo",57,Tunja,8387296024
226,"Rivera Molina, Teresa",34,Riohacha,7974517425
227,"Blanco Parra, Lina",75,Santa Marta,6784356826
228,"Arias Becerra, Sofia",80,Soacha,5321891127
229,"Castillo Ibarra, Antonio",40,Yopal,1887241228
230,"Vergara Flores, Luisa",61,Riohacha,5939521229
231,"Fuentes Palacios, Paula",25,Tunja,4046661130
232,"Becerra Rubio, Julio",66,Villavicencio,6717119131
233,"Vergara Gomez, Tomas",61,Manizales,4898835532
234,"Villanueva Zamora, Irene",80,Riohacha,2729220433
235,"Molina Perez, Juan",76,Saravena,7381572334
236,"Cabrera Espinoza, Laura",67,Cali,7691556335
237,"Alvarado Flores, Luis Miguel",31,Ibague,4109211536
238,"Cortez Parra, Esteban",32,Mocoa,6583200237
239,"Serrano Navarro, Manuel",28,Popayan,8462075638
240,"Aguilar Mendoza, Nora",38,Valledupar,9518378439
241,"Bustos Serrano, Irene",72,Itagui,7541799840
242,"Gutierrez Rubio, Alejandro",47,Ibague,8846794841
243,"Barrera Lopez, Gustavo",42,Neiva,3066907342
244,"Velasquez Bustos, Esteban",44,Popayan,8920089143
245,"Pena Tapia, Hector",45,Pereira,7709139244
246,"Parra Herrera, Gustavo",51,Soledad,4184083545
247,"Alvarado Muñoz, Blanca",64,Cali,1212772346
248,"Fuente Navarro, Camila",79,Soacha,5626635947
249,"Velasquez Herrera, Andrea",54,Cali,6085469248
250,"Vargas Jimenez, Javier",63,Saravena,8305695549
251,"Rios Carrillo, Rafael",50,Santa Marta,5943165550
252,"Garcia Bustos, Natalia",44,Tunja,1200975751
253,"Trujillo Miranda, Teresa",30,Buenaventura,5030361652
254,"Blanco Bustos, Nora",27,Monteria,2203666053
255,"Sandoval Vásquez, Juan",31,Riohacha,1918745854
256,"Ruiz Perez, Ana Maria",74,Saravena,3343671955
257,"Rivera Bravo, Patricia",21,Pasto,4639646156
258,"Zamora Figueroa, Daniela",32,Villavicencio,3370691957
259,"Lopez Martinez, Daniela",57,Envigado,8905804758
260,"Ortiz Fuentes, Ana Maria",22,Ibague,7519560159
261,"Leon Valencia, Yolanda",32,Valledupar,8377333860
262,"Gonzalez Alvarado, Fabian",78,Soacha,2226374761
263,"Velasquez Meza, Luis",55,Sincelejo,3033279562
264,"Parra Valdez, Maria Jose",59,San Jose del Guaviare,1694507663
265,"Lugo Moreno, Diego",28,Itagui,4768537864
266,"Coronel Trujillo, Susana",65,Soacha,2915863265
267,"Torres Mendez, Antonio",77,Quibdo,4501313966
268,"Sandoval Mendoza, Alejandra",23,Pereira,2533549567
269,"Figueroa Pena, Rocio",74,Itagui,3099808868
270,"Guerrero Medina, Ivan",69,Santa Marta,5992459069
271,"Naranjo Moreno, Alicia",28,Manizales,3547723370
272,"Palacios Molina, Maria",77,Buenaventura,3477639871
273,"Silva Leon, Helena",44,Envigado,6463727672
274,"Coronel Moreno, Patricia",80,Leticia,9690002973
275,"Meza Guzmán, Sofia",71,Itagui,5740488474
276,"Romero Leon, Eduardo",66,Buenaventura,6251173675
277,"Morales Moreno, Antonio",18,Buenaventura,3056945076
278,"Perez Peralta, Felipe",70,Puerto Carreno,8308211777
279,"Padilla Medina, Carmen",77,Ibague,1298831678
280,"Aguilar Mendoza, Paola",28,Monteria,1251243079
281,"Castillo Sanchez, Adriana",38,Bello,2446923680
282,"Martinez Osorio, Roberto",46,Bello,3554311781
283,"Vargas Maldonado, Cristina",33,Santa Marta,2264293182
284,"Valencia Ramirez, Camila",44,Bogota,8835343783
285,"Mendoza Cruz, Luis",22,Itagui,3689089984
286,"Cardenas Ochoa, Maria",39,Envigado,2831943885
287,"Palacios Montes, Susana",62,Puerto Carreno,9407280086
288,"Nieto Meza, Yolanda",19,Armenia,9948936787
289,"Alvarado Estrada, Ernesto",44,Villavicencio,8668254188
290,"Ibarra Reyes, Pilar",36,Santa Marta,6673929789
291,"Velasquez Montes, Andrea",21,Santa Marta,9116251690
292,"Lopez Guerrero, Angela",56,Cartagena,2619410791
293,"Escobar Rios, Laura",70,Medellin,2799383592
294,"Sanchez Montes, Pilar",22,Valledupar,4000624793
295,"Campos Martinez, Ivan",44,Arauca,6016286394
296,"Reyes Tapia, Hector",37,Bogota,2149870095
297,"Leon Acosta, Nicolas",24,Mitu,5751122396
298,"Rubio Lugo, Camila",18,Popayan,4248149797
299,"Mendoza Cabrera, Sebastian",63,San Jose del Guaviare,9467962498
300,"Mendez Ramirez, Tomas",33,Saravena,1658751599
301,"Tapia Diaz, Mauricio",25,Barrancabermeja,9428637100
302,"Becerra Avila, Lorena",78,Manizales,7649670801
303,"Miranda Perez, Luis",74,Cartagena,2494980102
304,"Maldonado Estrada, Francisco",67,Neiva,1576612103
305,"Escobar Martinez, Rafael",20,Saravena,6940716504
306,"Campos Naranjo, Diana",62,Villavicencio,9949795805
307,"Villanueva Diaz, Ana",54,Buenaventura,7199723006
308,"Becerra Suarez, Paula",80,Inirida,7906546707
309,"Gutierrez Rojas, Carlos",66,Monteria,1815275008
310,"Valencia Velasquez, Daniela",42,Monteria,9278801209
311,"Escobar Suarez, Roberto",50,Pasto,9882053910
312,"Molina Flores, Ernesto",58,Arauca,9284444411
313,"Navarro Castillo, Paola",46,Envigado,4396152012
314,"Rojas Gallego, Mauricio",56,Quibdo,3418180513
315,"Estrada Campos, Mauricio",30,Mocoa,8326878414
316,"Morales Fuentes, Sebastian",31,Neiva,5900361115
317,"Gomez Alvarez, Jorge",67,Popayan,6002351216
318,"Sanchez Salazar, Marcela",63,Floridablanca,9151256117
319,"Meza Avila, Juan",32,Puerto Carreno,5315671118
320,"Avila Becerra, Ana Maria",72,Soacha,2163120619
321,"Guzmán Torres, David",73,Neiva,9110316020
322,"Romero Cortez, Claudia",63,Florencia,3817460621
323,"Alvarez Avila, Andrea",49,Quibdo,5365465122
324,"Ortiz Mendoza, Andres Felipe",44,Cartagena,5102793523
325,"Peralta Bravo, Roberto",32,Valledupar,9636134024
326,"Velasquez Acosta, Irene",41,Yopal,8545885925
327,"Velasquez Suarez, Mauricio",24,Manizales,1836164726
328,"Vega Delgado, Eduardo",48,Tunja,6858527427
329,"Ramos Padilla, Mariana",80,Arauca,2884269528
330,"Navarro Ruiz, Patricia",47,Palmira,9727721329
331,"Martinez Mora, Andres Felipe",64,Cali,2518369330
332,"Delgado Medina, Ramon",33,Buenaventura,1473253931
333,"Diaz Vega, Esteban",80,Bogota,5364206832
334,"Ochoa Cortez, Julio",74,Cucuta,5162016733
335,"Ibarra Ponce, Yolanda",41,Pereira,2894266734
336,"Rodriguez Contreras, Helena",41,Puerto Carreno,6410298435
337,"Mendez Padilla, Mario",46,Valledupar,3409425436
338,"Ruiz Salazar, Hugo",38,Yopal,3019057037
339,"Blanco Cabrera, Silvia",20,Saravena,2568391238
340,"Diaz Mendoza, David",71,Manizales,3606137239
341,"Peralta Lopez, Miguel",26,Cartagena,8788516240
342,"Alvarez Núñez, Daniela",71,Bucaramanga,4364286241
343,"Martinez Torres, Ernesto",59,Pasto,9792674242
344,"Camacho Lugo, Maria Clara",35,Pasto,6815595743
345,"Aguilar Trujillo, Eduardo",61,Neiva,5731041544
346,"Cabrera Martinez, Carmen",52,Riohacha,8885193645
347,"Coronel Figueroa, Patricia",20,Riohacha,4845342446
348,"Arias Sandoval, Gloria",77,Armenia,9004217347
349,"Maldonado Valdez, Victor",40,Bogota,3893897948
350,"Torres Rodriguez, Mario",64,Mocoa,5047073749
351,"Gutierrez Lugo, Blanca",56,Bogota,9769012950
352,"Cardenas Rivera, Beatriz",54,Mitu,1617271751
353,"Muñoz Perez, Ricardo",30,Cartagena,2585738852
354,"Leon Vega, Felipe",62,Bogota,6108108053
355,"Carrillo Vergara, Cristina",24,Medellin,5066047954
356,"Valencia Fuente, Hugo",77,Itagui,9873445755
357,"Ochoa Estrada, Daniela",25,Soacha,3654771556
358,"Rojas Villanueva, Maria",55,Bogota,6256628457
359,"Jimenez Medina, Alicia",31,Valledupar,7392601458
360,"Guerrero Molina, Monica",35,Ibague,6715760959
361,"Delgado Navarro, Blanca",63,Yopal,6592844260
362,"Pena Cano, Elena",65,Buenaventura,9515678161
363,"Fuente Ponce, Juliana",36,Quibdo,1169158662
364,"Lopez Meza, Camila",50,Quibdo,7894076763
365,"Cabrera Parra, Gloria",64,Popayan,1371623664
366,"Gonzalez Ponce, Arturo",52,Bello,9932747765
367,"Coronel Vargas, Yolanda",20,Ibague,8878243766
368,"Suarez Rubio, Rafael",66,Mitu,5240304367
369,"Villanueva Bustos, Hugo",57,Leticia,4109836168
370,"Osorio Dominguez, Silvia",21,Monteria,5351438769
371,"Leon Ortiz, Jorge",52,San Jose del Guaviare,2017173070
372,"Estrada Soto, Nora",33,Bucaramanga,3685845471
373,"Muñoz Padilla, Fernando",30,Neiva,4653277572
374,"Blanco Barrera, David",33,Ibague,2548446073
375,"Campos Ponce, Nora",20,Sincelejo,8688509974
376,"Romero Lara, Silvia",18,San Jose del Guaviare,7119295875
377,"Medina Ruiz, Roberto",29,Popayan,4649104276
378,"Sandoval Cruz, Teresa",80,Floridablanca,1249688077
379,"Blanco Serrano, Arturo",25,Puerto Carreno,1353401978
380,"Guzmán Cabrera, Catalina",59,Quibdo,9502575679
381,"Padilla Vega, Helena",54,San Jose del Guaviare,8674642980
382,"Lugo Naranjo, Beatriz",72,Cartagena,4981228981
383,"Vergara Moreno, Laura",18,Buenaventura,9617699382
384,"Guzmán Mendez, Esteban",28,Riohacha,4452899883
385,"Osorio Perez, Angela",71,Soledad,7048461384
386,"Avila Ortiz, Diana",67,Pasto,3191167085
387,"Figueroa Gomez, Valentina",42,Arauca,4196421786
388,"Contreras Naranjo, Catalina",51,Manizales,3407793687
389,"Ramos Leon, Pilar",48,Monteria,7214799188
390,"Ibarra Carrillo, Paula",18,Pereira,2032737389
391,"Rivera Ponce, Angela",28,Yopal,3278008690
392,"Cano Osorio, Juan",55,Pereira,9297771691
393,"Gutierrez Martinez, Monica",64,Medellin,5531677692
394,"Fuente Nieto, Miguel",70,Monteria,1442230393
395,"Guzmán Vergara, Victor",51,Quibdo,6453137494
396,"Bravo Salazar, Pablo",59,Santa Marta,6618947995
397,"Moreno Figueroa, Sebastian",44,Cucuta,8934094796
398,"Pena Dominguez, Maria Jose",44,Quibdo,5679356797
399,"Trujillo Barrera, Rocio",58,Cali,6568290898
400,"Villanueva Parra, Felipe",76,Tunja,9779908199
401,"Cabrera Nieto, Valentina",52,Ibague,6076050600
402,"Perez Maldonado, Valentina",59,Itagui,4127151001
403,"Lara Aguilar, Alfredo",65,Soacha,4642232502
404,"Serrano Ramos, Eduardo",37,Cucuta,5739371803
405,"Palacios Garcia, Arturo",36,Armenia,8205015004
406,"Dominguez Camacho, Alicia",66,Santa Marta,1974721505
407,"Gonzalez Avila, Sandra",71,Bucaramanga,1138709706
408,"Cardenas Medina, Laura",49,Barranquilla,1690138807
409,"Mendoza Ramos, Diana",75,Leticia,4435708808
410,"Ortiz Guzmán, Silvia",71,Barrancabermeja,2263802909
411,"Rodriguez Aguilar, Sebastian",78,Inirida,4705858210
412,"Soto Cardenas, Juliana",53,Tunja,8741225411
413,"Silva Meza, Gabriel",41,Leticia,5651667912
414,"Miranda Cruz, Mariana",49,Leticia,7703558413
415,"Lara Reyes, Silvia",69,Quibdo,3240571914
416,"Navarro Diaz, Juan",32,Popayan,5936048115
417,"Morales Cano, Gustavo",55,Soledad,5484474516
418,"Ramos Espinoza, Catalina",23,Armenia,2549371417
419,"Contreras Torres, Roberto",52,Bucaramanga,7439625018
420,"Naranjo Delgado, Blanca",48,Monteria,6820710819
421,"Rivera Trujillo, Sergio",77,Soledad,3324617120
422,"Aguilar Peralta, Marcela",20,Puerto Carreno,1353492721
423,"Avila Ponce, Pablo",41,Bello,1433755722
424,"Medina Salazar, Paola",43,Itagui,6733884423
425,"Vásquez Delgado, Andres Felipe",47,Sincelejo,7804164324
426,"Perez Arias, Luis",28,Cali,5270623525
427,"Zamora Vega, Andrea",69,Cucuta,5270645426
428,"Tapia Diaz, Blanca",64,Puerto Carreno,8662694327
429,"Castillo Cabrera, Maria Clara",51,Florencia,1604781328
430,"Bustos Zamora, Susana",69,Monteria,8755903029
431,"Maldonado Valencia, Antonio",56,Saravena,9335109130
432,"Zamora Mora, Marcela",30,Neiva,4950572531
433,"Estrada Morales, Juan",33,Neiva,3177843332
434,"Villanueva Tapia, Mario",49,Mitu,2972338933
435,"Dominguez Meza, Hernan",24,Floridablanca,6307831134
436,"Ochoa Acosta, Ivan",49,Yopal,2396324835
437,"Fuente Suarez, Andres Felipe",22,Floridablanca,5463165036
438,"Navarro Soto, Isabella",19,Envigado,9496035337
439,"Martinez Meza, Esperanza",34,Leticia,2873680638
440,"Vásquez Osorio, Ana Maria",78,Bucaramanga,1837594839
441,"Guzmán Sanchez, Roberto",39,Florencia,8889483540
442,"Rojas Muñoz, Luisa",18,San Jose del Guaviare,9955976641
443,"Lara Alvarado, Rodrigo",48,Arauca,6568747242
444,"Guerrero Miranda, Fabian",61,Cartagena,8695449243
445,"Rodriguez Mora, Francisco",60,Soledad,1061927244
446,"Estrada Lara, Carmen",65,Mocoa,7263741145
447,"Figueroa Sanchez, Laura",67,Bello,8004410446
448,"Ruiz Ortiz, Hugo",25,Neiva,8341206647
449,"Martinez Gomez, Raul",26,Manizales,6721716748
450,"Vásquez Ponce, Isabella",72,Bello,1289038349
451,"Ramirez Jimenez, Juan Pablo",80,Soledad,5131206650
452,"Lugo Martinez, Paola",67,Soledad,9732865751
453,"Moreno Salinas, Luis",64,Soledad,6203232852
454,"Fuente Cabrera, Melissa",61,Barranquilla,3734103353
455,"Becerra Arias, Andres",42,Leticia,4430851154
456,"Carrillo Osorio, Pilar",56,Envigado,6543962655
457,"Medina Delgado, Jorge",29,San Jose del Guaviare,6679058156
458,"Gomez Lopez, Paula",70,Quibdo,6757668557
459,"Acosta Vergara, Natalia",34,Bucaramanga,5715664758
460,"Montes Vergara, Mariana",72,Barrancabermeja,7874031859
461,"Ortiz Montes, Monica",28,Barranquilla,2057589360
462,"Alvarez Cano, Juan",62,Sincelejo,1730030061
463,"Cardenas Vergara, Fabian",22,Inirida,2432326062
464,"Ramos Jimenez, Paula",28,Villavicencio,9906108263
465,"Cruz Molina, Juan",64,Palmira,7095685164
466,"Alvarez Leon, Blanca",28,Monteria,5307435865
467,"Ortiz Morales, Julio",21,Tunja,8374967166
468,"Suarez Ramirez, Ana Maria",62,Florencia,3433216667
469,"Ramirez Gonzalez, Marcela",24,Cali,6527563568
470,"Carrillo Medina, Ana",77,Bucaramanga,3043694169
471,"Garcia Valencia, Juliana",20,Palmira,9280076670
472,"Aguilar Molina, Felipe",23,Cartagena,5587044271
473,"Muñoz Ochoa, Susana",34,Soacha,9897069472
474,"Vergara Pena, Felipe",36,Cali,2501060173
475,"Ramirez Molina, Enrique",39,Bello,9141916774
476,"Delgado Torres, Luis Miguel",27,Barranquilla,6441023475
477,"Martinez Torres, Gloria",64,Santa Marta,8169829276
478,"Espinoza Rojas, Angela",74,Florencia,6196998877
479,"Lara Rios, Maria",63,Arauca,2208774378
480,"Rios Aguilar, Beatriz",78,Villavicencio,4219415779
481,"Pena Ponce, Juliana",30,Barrancabermeja,7802810980
482,"Villanueva Serrano, Arturo",32,Popayan,4240544681
483,"Contreras Villanueva, Nora",40,Barrancabermeja,5192485882
484,"Medina Fuentes, Maria",27,Arauca,9177080183
485,"Cortez Nieto, Victor",38,Leticia,4744738984
486,"Parra Padilla, Antonio",52,Itagui,8910157885
487,"Vergara Cortez, Maria",20,Bogota,5100501786
488,"Torres Vega, Silvia",42,Quibdo,6244802887
489,"Salinas Núñez, Andres",80,Medellin,9587026888
490,"Vargas Escobar, Luis Miguel",46,Mocoa,3391221789
491,"Naranjo Medina, Luis Miguel",34,Sincelejo,1887097990
492,"Delgado Salazar, Laura",80,Santa Marta,5409426391
493,"Osorio Sanchez, Cristina",20,Popayan,6208736592
494,"Becerra Maldonado, Rodrigo",54,San Jose del Guaviare,4353197193
495,"Vergara Lara, Mario",61,Pasto,6272706894
496,"Villanueva Reyes, Miguel",19,Villavicencio,7488350095
497,"Alvarado Montes, Diego",37,Yopal,3388844696
498,"Naranjo Carrillo, Fernando",57,Villavicencio,3166260897
499,"Soto Ramirez, Sergio",36,Itagui,5917316698
500,"Alvarado Leon, Enrique",57,San Jose del Guaviare,5454673299
501,"Guzmán Espinoza, Rodrigo",62,Itagui,8481631100
502,"Acosta Pena, Alejandro",70,Quibdo,4864777001
503,"Guzmán Reyes, Elena",79,Envigado,4416812802
504,"Montes Ruiz, Fernando",72,Ibague,3097747003
505,"Rubio Núñez, Maria",39,Mitu,9204197804
506,"Barrera Ponce, Hector",42,Pasto,2166048805
507,"Soto Leon, Nicolas",74,Cucuta,2521895306
508,"Gutierrez Navarro, Ramon",72,Cucuta,4656279807
509,"Morales Velasquez, Ricardo",79,Itagui,2906623308
510,"Cruz Flores, Paola",78,Santa Marta,7279700509
511,"Padilla Medina, Ignacio",47,Cali,4939507210
512,"Bustos Miranda, Maria",51,Inirida,5199747411
513,"Rodriguez Ramirez, Laura",65,Santa Marta,7394025512
514,"Camacho Mendez, Francisco",65,Bucaramanga,5323041313
515,"Martinez Romero, Alicia",39,Medellin,8765531214
516,"Espinoza Vega, Sandra",33,Bello,9952386815
517,"Rojas Mendoza, Marcela",19,Bogota,5613323816
518,"Maldonado Torres, Oscar",80,Yopal,4791584317
519,"Molina Fuentes, Gloria",54,Puerto Carreno,2374199918
520,"Ruiz Aguilar, Nora",71,Neiva,8886194819
521,"Ortiz Cabrera, Jorge",49,Florencia,2989773820
522,"Fuente Leon, Raul",23,Inirida,7885709321
523,"Núñez Campos, Maria",65,Pasto,5380175022
524,"Carrillo Meza, Rafael",51,Inirida,1794878923
525,"Vásquez Lara, David",35,Bello,1183371324
526,"Villanueva Escobar, Jorge",38,Palmira,8448802725
527,"Dominguez Romero, Paola",70,Arauca,7307239926
528,"Parra Diaz, Sandra",39,Soacha,2223227327
529,"Rodriguez Camacho, Hernan",65,Pasto,6011559828
530,"Maldonado Serrano, Catalina",42,Pasto,2558009629
531,"Moreno Mendez, Raul",22,Sincelejo,5773011530
532,"Martinez Diaz, Andres Felipe",61,Sincelejo,4627491531
533,"Padilla Rivera, Hugo",42,Floridablanca,6472717732
534,"Blanco Gallego, Claudia",53,Popayan,7062120333
535,"Ponce Vergara, Ivan",18,Palmira,3949473434
536,"Gomez Garcia, Natalia",27,San Jose del Guaviare,8590505335
537,"Navarro Soto, Monica",60,Itagui,1901638336
538,"Peralta Cortez, Monica",62,Barranquilla,9816178037
539,"Jimenez Molina, Andrea",22,Quibdo,4760327238
540,"Torres Cano, Esteban",33,Bucaramanga,9948134239
541,"Gomez Pena, Arturo",50,Bucaramanga,4011412140
542,"Moreno Blanco, Beatriz",58,Valledupar,5870446541
543,"Coronel Reyes, Valentina",69,Valledupar,7096693042
544,"Naranjo Ortiz, Pablo",36,Ibague,6008479143
545,"Núñez Nieto, Gloria",70,San Jose del Guaviare,6270561744
546,"Moreno Reyes, Paula",42,Florencia,8243625945
547,"Perez Osorio, Rocio",71,Cartagena,9110923446
548,"Meza Escobar, Rafael",38,Bucaramanga,7435280147
549,"Jimenez Coronel, Blanca",76,Leticia,4771438348
550,"Rubio Cano, Catalina",79,Bello,6499531349
551,"Rubio Suarez, Alejandra",66,Puerto Carreno,4401782850
552,"Núñez Lugo, Francisco",62,Sincelejo,7641229951
553,"Molina Salazar, Hugo",27,Tunja,5803285152
554,"Rivera Pena, Melissa",58,Tunja,2250097853
555,"Nieto Pena, Alfredo",43,Medellin,5375215154
556,"Palacios Velasquez, Alicia",23,Yopal,4413958255
557,"Ortiz Lugo, Luis Miguel",32,Envigado,2609187356
558,"Silva Dominguez, Alejandra",55,Manizales,7391520757
559,"Camacho Barrera, Eduardo",22,Ibague,4969511858
560,"Rios Gomez, Nicolas",59,Leticia,6157134359
561,"Silva Muñoz, Manuel",22,Pasto,8512208060
562,"Bustos Cortez, Arturo",33,Riohacha,1949503261
563,"Cano Trujillo, Rodrigo",40,Leticia,9464187162
564,"Trujillo Vergara, Enrique",29,Sincelejo,8329172063
565,"Cabrera Alvarado, Miguel",26,Palmira,1390626564
566,"Figueroa Rojas, Catalina",69,Medellin,7714039565
567,"Aguilar Perez, Catalina",73,Floridablanca,7661989966
568,"Palacios Coronel, Hernan",72,Manizales,2712860967
569,"Leon Sanchez, Luis Miguel",69,Neiva,7234640568
570,"Medina Barrera, Paola",42,Ibague,4086452769
571,"Mendoza Alvarado, Ricardo",23,Envigado,4850550470
572,"Alvarado Mendez, Lina",79,Valledupar,2038313871
573,"Rojas Dominguez, Felipe",34,Villavicencio,7482028672
574,"Fuente Torres, Miguel",50,Monteria,1758790373
575,"Vargas Medina, Felipe",36,Cartagena,2933007274
576,"Jimenez Bustos, Angela",73,Bello,1454406275
577,"Ortiz Salazar, Sebastian",36,Quibdo,6218468976
578,"Sandoval Palacios, Andrea",69,Barrancabermeja,7429436077
579,"Gomez Bustos, Carmen",71,Mocoa,3218908378
580,"Salazar Vargas, Enrique",18,Mitu,5477550879
581,"Navarro Rivera, Carmen",60,Mitu,8635488780
582,"Bustos Camacho, Raul",30,Tunja,9158619381
583,"Nieto Gallego, Tomas",36,Barranquilla,5743764782
584,"Guzmán Ruiz, Ernesto",21,Villavicencio,3841928183
585,"Mendoza Velasquez, Melissa",37,Bucaramanga,2103733084
586,"Navarro Perez, Daniela",39,Popayan,6698212185
587,"Sanchez Dominguez, Fabian",53,Sincelejo,1175660986
588,"Valencia Rodriguez, Andres",42,Puerto Carreno,7554665687
589,"Jimenez Avila, Gabriel",38,Mitu,1980696988
590,"Jimenez Becerra, Maria",39,Leticia,6217644689
591,"Becerra Leon, Raul",62,Bucaramanga,8514300190
592,"Villanueva Aguilar, Paula",41,Popayan,8070772691
593,"Rubio Navarro, Maria Clara",63,Palmira,3553238192
594,"Muñoz Espinoza, Enrique",43,Ibague,8779195793
595,"Gomez Cabrera, Nora",29,Mitu,3832435394
596,"Montes Tapia, Fernando",75,Armenia,6456586395
597,"Rojas Guerrero, Pedro",50,Barrancabermeja,1004531596
598,"Soto Blanco, Gabriel",54,Palmira,2663227897
599,"Medina Osorio, Jorge",49,Cali,3241527698
600,"Palacios Montes, Luisa",71,Bucaramanga,3296084799
601,"Sandoval Ramos, Mario",63,Cartagena,3331327600
602,"Reyes Tapia, Enrique",68,Pasto,5013771201
603,"Flores Nieto, Sandra",55,Mocoa,5137182602
604,"Montes Jimenez, Juan",59,Armenia,5977515103
605,"Fuente Gallego, Sebastian",75,Floridablanca,6543026404
606,"Escobar Ponce, Alicia",47,Floridablanca,3215232305
607,"Cruz Ruiz, David",48,Manizales,8984258006
608,"Sanchez Cortez, Alicia",38,Puerto Carreno,3952759007
609,"Flores Perez, Enrique",38,Puerto Carreno,8370379308
610,"Cabrera Aguilar, Enrique",52,Quibdo,4923763309
611,"Gomez Silva, Catalina",27,Tunja,4435340110
612,"Trujillo Nieto, Victor",33,Mitu,1011302311
613,"Leon Navarro, Teresa",30,Cucuta,7428108312
614,"Herrera Jimenez, Fabian",63,Neiva,7810959213
615,"Valencia Núñez, Eduardo",66,Palmira,6417540314
616,"Ochoa Sanchez, Lorena",61,Palmira,6441841015
617,"Mora Parra, Sebastian",50,Valledupar,3836605416
618,"Blanco Gutierrez, Maria Clara",46,Sincelejo,4026293017
619,"Pena Sandoval, Pilar",53,Floridablanca,5177477018
620,"Reyes Meza, Daniela",78,Manizales,2292753519
621,"Soto Trujillo, Angela",42,Mocoa,9313970020
622,"Sanchez Naranjo, Luis",60,Mocoa,2463346921
623,"Ochoa Vargas, Paola",29,Villavicencio,2863071022
624,"Vega Diaz, Gabriel",79,Cartagena,7820827023
625,"Mendoza Avila, Alicia",22,Bogota,8517369324
626,"Contreras Mendez, Daniela",39,Medellin,1536058325
627,"Coronel Lara, Esperanza",70,Envigado,9772771526
628,"Ochoa Reyes, Fabian",44,Popayan,3265459427
629,"Figueroa Contreras, Ernesto",64,Santa Marta,2224386928
630,"Ibarra Rubio, Miguel",32,Barrancabermeja,2580423629
631,"Figueroa Fuente, Alfredo",61,Cucuta,1658148530
632,"Ramos Becerra, Javier",65,Palmira,1674308331
633,"Camacho Rubio, Victor",21,Inirida,5738726332
634,"Escobar Barrera, Gloria",77,Puerto Carreno,8926838533
635,"Escobar Ramirez, Ramon",51,Buenaventura,6907981434
636,"Maldonado Cruz, Helena",54,Bello,9405653235
637,"Parra Navarro, Andrea",58,Medellin,8847704136
638,"Bravo Guzmán, Lina",27,Ibague,9027073437
639,"Mendez Perez, Felipe",44,Buenaventura,6154926738
640,"Dominguez Cortez, Lina",36,Riohacha,8233912839
641,"Parra Escobar, Luis",20,Bello,9310287240
642,"Ibarra Vargas, Beatriz",21,Palmira,6071264241
643,"Padilla Becerra, Mariana",80,Cali,5415972242
644,"Cano Valencia, Alicia",22,Popayan,4962367343
645,"Cabrera Trujillo, Natalia",47,Barrancabermeja,3997116444
646,"Cabrera Gonzalez, Monica",26,Cali,3620013545
647,"Torres Ramos, Ernesto",39,Santa Marta,3448787246
648,"Vega Vergara, Julio",58,Mitu,3776662947
649,"Ramos Flores, Roberto",71,Puerto Carreno,5964438648
650,"Garcia Osorio, David",80,Leticia,5730545349
651,"Alvarado Carrillo, Patricia",65,Valledupar,7356460850
652,"Nieto Padilla, Arturo",24,Manizales,4474893251
653,"Campos Vásquez, Sebastian",76,Soledad,9701127952
654,"Alvarez Rios, Alicia",69,Bogota,6692902353
655,"Moreno Aguilar, Juan Pablo",44,Neiva,3210877754
656,"Leon Avila, Isabella",40,Ibague,4007144255
657,"Herrera Blanco, Rodrigo",19,Bucaramanga,7735513556
658,"Sandoval Velasquez, Ricardo",25,Tunja,4453861357
659,"Mendoza Acosta, Roberto",38,Valledupar,3536795958
660,"Nieto Suarez, Hugo",72,Saravena,5809986759
661,"Rodriguez Mora, Gabriel",58,Cartagena,7482188160
662,"Reyes Escobar, Ignacio",34,Arauca,7367572061
663,"Lugo Lara, Roberto",32,Soledad,5245773162
664,"Naranjo Herrera, Andres Felipe",42,Barrancabermeja,5751476163
665,"Silva Moreno, Silvia",80,Buenaventura,1620311264
666,"Herrera Muñoz, Pilar",29,Neiva,2871558565
667,"Osorio Parra, Martha",56,Florencia,8762015666
668,"Avila Rojas, Nora",72,Popayan,8037235367
669,"Medina Molina, Ana",78,Itagui,4053611668
670,"Mendoza Medina, Luis Miguel",69,Neiva,5646554069
671,"Rivera Sanchez, Javier",53,Cali,9704767670
672,"Naranjo Ochoa, Hector",70,Arauca,5580872271
673,"Navarro Valencia, Patricia",38,Santa Marta,4980667972
674,"Mendez Molina, Luis Miguel",20,Pereira,4220999673
675,"Guzmán Cabrera, Fabian",75,Envigado,4780093374
676,"Bravo Trujillo, Pablo",56,Inirida,4560251475
677,"Salazar Aguilar, Eduardo",32,Mocoa,2729215676
678,"Sandoval Cardenas, Esperanza",19,Envigado,3463234177
679,"Fuentes Castillo, Silvia",37,Quibdo,5183163878
680,"Muñoz Parra, Gloria",62,Armenia,9913265879
681,"Martinez Maldonado, Luisa",36,Mitu,8353276380
682,"Torres Gonzalez, Camila",55,Barrancabermeja,4893022781
683,"Romero Mendez, Elena",76,Cartagena,5816178182
684,"Salazar Núñez, David",51,Cartagena,2272715383
685,"Ponce Torres, Daniela",80,Sincelejo,5801999484
686,"Ochoa Lugo, Laura",28,Puerto Carreno,3642564185
687,"Medina Silva, Isabella",44,Popayan,3691144886
688,"Mora Trujillo, Paola",27,Riohacha,8289857387
689,"Becerra Muñoz, Beatriz",54,Monteria,5932161688
690,"Salazar Flores, Adriana",51,Barranquilla,1387492889
691,"Cardenas Gallego, Cesar",57,Armenia,6275314990
692,"Montes Rivera, Roberto",49,Barrancabermeja,2230941191
693,"Herrera Cabrera, Carmen",21,Saravena,1028046492
694,"Alvarez Mora, Esteban",41,Saravena,5426716893
695,"Lara Espinoza, Nicolas",67,Manizales,4398363194
696,"Parra Pena, Andrea",36,Bello,9161583495
697,"Cortez Vega, Lorena",53,Cucuta,4413403896
698,"Cruz Vega, Miguel",37,Santa Marta,4035820197
699,"Romero Gutierrez, Claudia",80,Buenaventura,3910950798
700,"Sanchez Alvarado, Luisa",28,Soledad,9068545699
701,"Gonzalez Guerrero, Adriana",59,Bogota,1786517400
702,"Guzmán Ramos, Adriana",32,Envigado,2603995801
703,"Guzmán Naranjo, Sofia",40,Bello,1681283802
704,"Meza Rojas, Lorena",64,Cucuta,2521934303
705,"Cardenas Lopez, Julio",36,Bucaramanga,1480035804
706,"Garcia Figueroa, Pedro",34,Cucuta,6714708805
707,"Gonzalez Padilla, Sergio",63,Pereira,6887985506
708,"Garcia Maldonado, Sergio",45,Puerto Carreno,8181569107
709,"Campos Mora, Luis Miguel",74,Pasto,4022833508
710,"Delgado Trujillo, Pedro",56,San Jose del Guaviare,6297951209
711,"Ponce Rubio, Alicia",61,Puerto Carreno,8268572510
712,"Valdez Maldonado, Rafael",31,Valledupar,2659289511
713,"Ochoa Soto, Rodrigo",77,Yopal,3234109612
714,"Alvarez Alvarez, Beatriz",42,Cucuta,2972070013
715,"Ibarra Becerra, Rocio",57,Yopal,6360136614
716,"Bustos Mora, Alejandro",69,Arauca,5906264915
717,"Guerrero Escobar, Felipe",29,Ibague,7837640416
718,"Cardenas Blanco, Andres Felipe",30,Medellin,9106834117
719,"Moreno Campos, Diana",27,Pasto,2332510718
720,"Valdez Guzmán, Laura",59,Envigado,4214228419
721,"Fuente Sandoval, Jorge",25,Soledad,9129619520
722,"Medina Rivera, Claudia",27,Cali,7298849521
723,"Núñez Morales, Helena",79,Ibague,4238141822
724,"Serrano Sanchez, Maria Clara",80,Pereira,3743947623
725,"Carrillo Bravo, Valentina",56,Neiva,7435050724
726,"Salazar Serrano, Cesar",50,Quibdo,7753340125
727,"Mendez Garcia, Diego",43,Manizales,5488422726
728,"Coronel Guzmán, Beatriz",50,San Jose del Guaviare,6481569627
729,"Fuentes Sanchez, Sofia",19,Palmira,3776095428
730,"Leon Gallego, Irene",74,Sincelejo,8029260029
731,"Romero Valdez, Ricardo",71,Monteria,3494700930
732,"Pena Rios, Melissa",67,Soacha,2230185431
733,"Fuentes Contreras, Pedro",47,Cali,4699999132
734,"Ramirez Vega, Esperanza",50,Bucaramanga,6052220333
735,"Gomez Blanco, Diana",28,Arauca,2372465834
736,"Vega Mendez, Rodrigo",64,Ibague,3394814335
737,"Contreras Torres, Miguel",18,Armenia,5076038436
738,"Fuente Camacho, Carmen",42,Cucuta,5997722437
739,"Silva Vergara, Ramon",72,Villavicencio,7146042838
740,"Torres Padilla, Helena",52,Villavicencio,9212527739
741,"Nieto Peralta, Lina",28,Valledupar,5519129440
742,"Acosta Vargas, Maria Clara",31,Monteria,1955794441
743,"Ramos Campos, Monica",49,Santa Marta,5001580442
744,"Vega Espinoza, Irene",73,Quibdo,7486305543
745,"Barrera Sanchez, Gloria",32,Ibague,3864345744
746,"Camacho Salinas, Ignacio",79,Bucaramanga,1816136045
747,"Flores Torres, Helena",79,Floridablanca,2984403146
748,"Valdez Guerrero, Mario",44,Neiva,5121686747
749,"Figueroa Naranjo, Susana",72,Buenaventura,9427949348
750,"Delgado Cardenas, Manuel",32,Bogota,6341435949
751,"Navarro Trujillo, Oscar",60,Pasto,9841868050
752,"Naranjo Cano, Rodrigo",62,Envigado,2360849751
753,"Mendoza Núñez, Paola",68,Armenia,8447966852
754,"Becerra Cabrera, Pedro",48,Cali,4563661153
755,"Perez Fuentes, Andres Felipe",66,Ibague,3565202254
756,"Lara Rios, Manuel",46,Manizales,7408076355
757,"Jimenez Cardenas, Alejandro",60,Bello,3096015556
758,"Guerrero Rivera, Camila",43,Barrancabermeja,3476687057
759,"Maldonado Montes, Oscar",41,Valledupar,2481278958
760,"Lara Ibarra, Irene",75,Soacha,5078945859
761,"Coronel Cruz, Sofia",24,Soacha,9246907660
762,"Nieto Salazar, Helena",20,Ibague,8065699661
763,"Avila Dominguez, Mariana",71,Sincelejo,2593188362
764,"Figueroa Tapia, Yolanda",36,Envigado,6084480663
765,"Fuentes Pena, Pedro",58,Monteria,7472096664
766,"Peralta Zamora, Maria Clara",45,Yopal,5144064665
767,"Velasquez Morales, Raul",45,Soledad,8827631766
768,"Ochoa Montes, Juan",36,Inirida,9212321967
769,"Barrera Vargas, Hugo",61,Villavicencio,2139830068
770,"Palacios Rojas, Andrea",50,Itagui,3866536969
771,"Diaz Perez, Helena",79,San Jose del Guaviare,2058763670
772,"Ramos Serrano, Sofia",49,Florencia,2857850471
773,"Alvarado Leon, Rosa",49,Riohacha,9520488672
774,"Guerrero Guerrero, Ernesto",68,San Jose del Guaviare,3283656773
775,"Mora Gallego, Fernando",49,Buenaventura,4516768574
776,"Velasquez Molina, Andres Felipe",49,Bello,1537176275
777,"Sandoval Sanchez, Gloria",73,Mocoa,4336426276
778,"Diaz Reyes, Patricia",26,Bucaramanga,9604639977
779,"Reyes Vega, Raul",54,Valledupar,2649666478
780,"Leon Martinez, Daniela",62,Saravena,8885825079
781,"Guzmán Velasquez, Juan Pablo",48,Soacha,4515408380
782,"Vergara Gallego, Ana Maria",58,Popayan,8448033881
783,"Coronel Fuente, Elena",48,Soacha,4777969882
784,"Ponce Tapia, Daniela",45,Armenia,2929692483
785,"Ponce Castillo, Antonio",31,Bello,8915881484
786,"Lopez Garcia, Lina",41,Floridablanca,6375434485
787,"Herrera Molina, Martha",34,Inirida,9388611386
788,"Osorio Rojas, Alfredo",39,Barranquilla,9486332287
789,"Arias Morales, Rosa",28,Yopal,7133617488
790,"Dominguez Pena, Susana",51,Santa Marta,7100009589
791,"Blanco Gallego, Adriana",21,Bello,4025727590
792,"Contreras Palacios, Nora",32,Cali,6572839991
793,"Mendoza Ruiz, Hernan",34,Leticia,8207170092
794,"Velasquez Ibarra, Alejandra",26,San Jose del Guaviare,3656795593
795,"Gallego Aguilar, Mariana",53,San Jose del Guaviare,6599058294
796,"Salazar Moreno, Cristina",38,Mocoa,9582299295
797,"Padilla Osorio, Rocio",20,Puerto Carreno,2503924796
798,"Suarez Valencia, Fernando",65,Pasto,6383913797
799,"Barrera Barrera, Hernan",80,Puerto Carreno,7769389298
800,"Ibarra Montes, Valentina",33,Arauca,1575772599
801,"Escobar Estrada, Ernesto",52,Neiva,8727922400
802,"Vásquez Figueroa, Claudia",60,Palmira,8430253001
803,"Nieto Pena, Paola",26,Soacha,9633869702
804,"Blanco Rubio, Pilar",62,Cali,7964951603
805,"Aguilar Serrano, Ana Maria",27,Villavicencio,9969725704
806,"Medina Mendez, Laura",37,Yopal,9110581005
807,"Valdez Vergara, Alejandro",72,Cartagena,1818321406
808,"Ruiz Romero, Claudia",67,Riohacha,3911335507
809,"Suarez Avila, Cristina",40,Barranquilla,9921861608
810,"Valdez Maldonado, Julio",61,San Jose del Guaviare,8655222009
811,"Estrada Meza, Lina",76,Envigado,3411134810
812,"Mendoza Rubio, Raul",62,Sincelejo,5903395311
813,"Pena Acosta, Mariana",58,Ibague,8033123612
814,"Torres Mendez, Fabian",37,Pasto,1776149313
815,"Arias Muñoz, Rodrigo",60,Cucuta,6381967014
816,"Fuente Mendez, Irene",75,Puerto Carreno,2887020715
817,"Molina Ruiz, Mauricio",73,Cali,8766267216
818,"Martinez Villanueva, Susana",33,Soledad,7050210717
819,"Maldonado Espinoza, Angela",58,Riohacha,9174879418
820,"Dominguez Rivera, Gustavo",55,Neiva,6446196219
821,"Carrillo Gallego, Claudia",48,Inirida,9636471820
822,"Vargas Sandoval, Victor",79,Arauca,7108994421
823,"Gutierrez Ibarra, Ana",40,Mocoa,4408953322
824,"Romero Lara, Ana Maria",76,Itagui,3602832523
825,"Lara Ramos, Juan Pablo",35,Cali,6881642224
826,"Becerra Mendoza, Carmen",45,Medellin,1613883025
827,"Espinoza Diaz, Maria Jose",48,Inirida,3720869626
828,"Reyes Mora, Blanca",53,Saravena,7941077827
829,"Rojas Leon, Sandra",60,Quibdo,2247084228
830,"Aguilar Gomez, Marcela",37,Puerto Carreno,4451986829
831,"Leon Suarez, Nicolas",38,Bucaramanga,3706559730
832,"Cano Ibarra, Melissa",56,Barrancabermeja,9480308831
833,"Escobar Ramirez, Pilar",56,Sincelejo,2516169432
834,"Osorio Suarez, Sergio",57,Barranquilla,2661402333
835,"Blanco Coronel, Susana",53,Pereira,2258731134
836,"Lopez Zamora, Diana",36,Monteria,9190963835
837,"Moreno Espinoza, Ana",78,Mocoa,6850664836
838,"Gutierrez Silva, Ricardo",20,Neiva,8196933737
839,"Diaz Gonzalez, Sergio",54,Bogota,3442537738
840,"Soto Valencia, Juan",70,Mocoa,4359656339
841,"Vergara Mendoza, Laura",21,Monteria,9788523640
842,"Perez Coronel, Gustavo",48,Valledupar,3311269541
843,"Moreno Ibarra, Diego",62,Yopal,9468579942
844,"Vega Ibarra, Esteban",51,Medellin,9833715443
845,"Alvarado Bustos, Manuel",59,Popayan,8677393944
846,"Alvarado Acosta, Rocio",24,Inirida,7439858645
847,"Gallego Rojas, Carmen",63,Leticia,5407078746
848,"Valencia Cardenas, Beatriz",18,Ibague,9311118447
849,"Ibarra Lara, Carlos",27,Mitu,3584740548
850,"Tapia Cardenas, Maria",52,Cali,8098334949
851,"Contreras Sanchez, Diego",62,Bogota,5160730450
852,"Padilla Arias, Carlos",58,Popayan,7414934251
853,"Dominguez Zamora, Hernan",53,Bucaramanga,3739011952
854,"Perez Fuente, Oscar",60,Medellin,6148800553
855,"Castillo Medina, Carmen",49,Villavicencio,3429590354
856,"Osorio Molina, Angela",64,Ibague,3215929055
857,"Morales Gomez, Elena",40,Santa Marta,7715748256
858,"Cardenas Bustos, Miguel",36,Cali,3078085857
859,"Nieto Becerra, Martha",18,Itagui,4477949058
860,"Vargas Campos, Paula",36,Medellin,6163242459
861,"Parra Ruiz, Laura",60,Bucaramanga,7190935560
862,"Bravo Lopez, Camila",53,Buenaventura,6060450661
863,"Campos Sandoval, Sebastian",38,Yopal,1840428062
864,"Cortez Osorio, Enrique",26,Tunja,1580114863
865,"Molina Jimenez, Carlos",45,Armenia,5502815764
866,"Rubio Aguilar, Lorena",55,Riohacha,2552793865
867,"Ortiz Suarez, Catalina",60,Armenia,8263647466
868,"Rodriguez Rubio, Paola",78,Palmira,1690215467
869,"Salinas Sanchez, Adriana",35,Armenia,7692563768
870,"Alvarez Pena, Cristina",66,Monteria,7169916669
871,"Camacho Diaz, Paula",50,Pereira,3123126270
872,"Estrada Valencia, Roberto",52,Barranquilla,5882046371
873,"Estrada Trujillo, Laura",21,Mitu,9222916272
874,"Avila Cardenas, Ernesto",55,Yopal,3969438473
875,"Molina Suarez, Sofia",38,Soledad,8772710674
876,"Maldonado Guzmán, Martha",30,Villavicencio,3256295875
877,"Salinas Montes, Alfredo",45,Florencia,4615622976
878,"Parra Peralta, Andres",18,Ibague,9072519377
879,"Dominguez Torres, Sebastian",46,Bucaramanga,9752520378
880,"Fuentes Padilla, Martha",34,Ibague,8653007079
881,"Herrera Bustos, Rocio",64,Barrancabermeja,5953932280
882,"Sanchez Lara, Andrea",60,Pereira,8133308281
883,"Cano Valdez, Raul",70,Bucaramanga,3916249982
884,"Pena Vargas, Alfredo",40,Cali,1236503883
885,"Gallego Ibarra, Gloria",29,Puerto Carreno,7282210084
886,"Pena Leon, Juan Pablo",29,Palmira,1104326585
887,"Romero Peralta, Alicia",21,Popayan,9026257786
888,"Acosta Jimenez, Daniela",31,Mitu,8557947387
889,"Moreno Ibarra, Julio",77,San Jose del Guaviare,2403954388
890,"Gonzalez Miranda, Mauricio",78,Medellin,7409389989
891,"Alvarez Ponce, Nora",40,Valledupar,4635396190
892,"Navarro Peralta, Helena",42,Mocoa,6824907691
893,"Mendoza Medina, Angela",60,Valledupar,7169598092
894,"Ponce Palacios, Francisco",80,Mitu,2969718393
895,"Gallego Ruiz, Valentina",77,Barranquilla,2652931794
896,"Montes Gallego, Diana",29,Floridablanca,1670472495
897,"Valdez Montes, Mario",43,Cucuta,8400137396
898,"Miranda Mendoza, Alfredo",70,Pereira,7000282097
899,"Ortiz Navarro, Rafael",27,Santa Marta,8463325798
900,"Maldonado Estrada, Andrea",76,Villavicencio,9224613599
901,"Herrera Dominguez, Teresa",78,Pasto,4600648800
902,"Escobar Suarez, Valentina",37,Saravena,5338774501
903,"Reyes Reyes, Maria",31,San Jose del Guaviare,5281670302
904,"Reyes Velasquez, Esteban",48,Bello,9179963403
905,"Ochoa Rubio, Hector",60,Popayan,2456472104
906,"Soto Fuentes, Ricardo",41,Neiva,6064889505
907,"Diaz Castillo, Irene",18,Itagui,3104101106
908,"Ruiz Velasquez, Pablo",45,Armenia,6097998007
909,"Carrillo Mendez, Alejandra",69,Soacha,3499565708
910,"Estrada Avila, Arturo",52,Pereira,9108968009
911,"Padilla Lara, Fernando",66,Ibague,6259118110
912,"Ponce Coronel, Rafael",29,Pasto,1045050911
913,"Serrano Velasquez, Tomas",42,Armenia,5216019012
914,"Guzmán Mora, Pablo",74,Bello,9177773013
915,"Fuente Montes, Oscar",71,San Jose del Guaviare,7736251614
916,"Diaz Alvarez, Francisco",51,Barrancabermeja,8386767715
917,"Pena Suarez, Oscar",59,Arauca,4178341716
918,"Garcia Salazar, Cesar",24,Riohacha,7006937617
919,"Lara Guerrero, Martha",22,Ibague,6632004318
920,"Lugo Palacios, Laura",67,Bogota,4470901419
921,"Jimenez Ortiz, Arturo",31,Itagui,5933739420
922,"Peralta Rojas, Lina",42,Envigado,3430777321
923,"Delgado Perez, Patricia",37,Leticia,2253030522
924,"Serrano Fuente, Rafael",49,Florencia,7919788823
925,"Rodriguez Ponce, Hector",76,Sincelejo,2777259824
926,"Coronel Miranda, Tomas",38,Cucuta,7482970925
927,"Núñez Ponce, Adriana",36,Valledupar,3768448526
928,"Aguilar Ochoa, Pablo",67,Mitu,6362711927
929,"Nieto Camacho, Luis Miguel",35,Floridablanca,3452639128
930,"Rios Fuentes, Susana",73,Valledupar,7866136329
931,"Moreno Meza, Andres",55,Villavicencio,3162441630
932,"Rojas Maldonado, Hugo",19,Envigado,5857453831
933,"Zamora Salazar, Lorena",67,Cali,1677928632
934,"Vargas Dominguez, Sandra",59,Inirida,4281757633
935,"Morales Bustos, Rocio",26,Floridablanca,7748978634
936,"Sandoval Serrano, Manuel",32,Popayan,2458092735
937,"Rios Cruz, Raul",61,Monteria,4364428636
938,"Muñoz Dominguez, Jorge",73,Sincelejo,5591938637
939,"Valdez Peralta, Raul",33,Santa Marta,7227057438
940,"Perez Parra, Andrea",42,Soacha,8754018739
941,"Reyes Velasquez, Fabian",49,Saravena,9793417040
942,"Cortez Ponce, Maria Clara",47,Palmira,5595784041
943,"Torres Molina, David",77,Pasto,2838318642
944,"Diaz Espinoza, Eduardo",27,Neiva,9055909143
945,"Guerrero Alvarez, Juan",68,Soledad,4431954444
946,"Barrera Vásquez, Luis",36,Neiva,7530144245
947,"Alvarez Fuentes, Fernando",61,Armenia,1390265546
948,"Muñoz Montes, Sergio",28,Mitu,2513243947
949,"Ponce Sandoval, Carmen",40,Bogota,5970669748
950,"Espinoza Suarez, Mauricio",42,Manizales,3431416049
951,"Parra Leon, Monica",44,Riohacha,2444211750
952,"Becerra Ibarra, Paula",26,Neiva,4372397751
953,"Pena Lopez, Luis Miguel",23,Neiva,2245467552
954,"Valdez Jimenez, Eduardo",74,Neiva,5898454553
955,"Trujillo Vega, Yolanda",73,Pereira,4351013654
956,"Guzmán Gutierrez, Pilar",47,Armenia,3831551055
957,"Leon Contreras, David",18,Itagui,1430819756
958,"Ruiz Flores, Susana",29,Quibdo,5386115457
959,"Lara Serrano, Arturo",62,Barranquilla,8577182158
960,"Silva Espinoza, Julio",56,Popayan,9424081559
961,"Ochoa Padilla, Rodrigo",18,Ibague,1979110560
962,"Cruz Suarez, Angela",74,Soledad,6680219561
963,"Alvarez Miranda, Tomas",41,Sincelejo,7615406962
964,"Escobar Morales, Diana",79,Mitu,7695128363
965,"Lara Rubio, Roberto",35,Soledad,5763766364
966,"Flores Zamora, Alfredo",68,Florencia,1129816565
967,"Gomez Mendez, Beatriz",78,Santa Marta,4469001666
968,"Bustos Molina, Irene",72,Cali,1291392067
969,"Estrada Ramos, Cristina",75,San Jose del Guaviare,3988083268
970,"Vargas Leon, Natalia",21,Buenaventura,1758146569
971,"Lopez Martinez, Diego",77,Monteria,8229345570
972,"Salinas Reyes, Mario",72,Barranquilla,5853760371
973,"Campos Mendoza, Tomas",34,Bogota,6882369872
974,"Bustos Miranda, Ivan",27,Armenia,4257153573
975,"Valencia Navarro, Rosa",40,Florencia,2712854374
976,"Fuente Lopez, Ana",43,Soacha,7403499575
977,"Alvarado Espinoza, Juliana",55,Mitu,5489400176
978,"Cabrera Palacios, Blanca",26,Valledupar,3647123477
979,"Jimenez Gonzalez, Ana",66,Monteria,5171287778
980,"Moreno Torres, Ramon",76,Popayan,3430645079
981,"Pena Morales, Enrique",29,Santa Marta,1112758980
982,"Núñez Meza, Ricardo",62,Saravena,5632085981
983,"Moreno Estrada, Lorena",64,Bello,9132787082
984,"Zamora Camacho, Alejandra",22,San Jose del Guaviare,3299794383
985,"Padilla Soto, Teresa",46,Envigado,4691063984
986,"Silva Avila, Beatriz",43,Arauca,9445594285
987,"Bustos Tapia, Ana Maria",24,Yopal,4631053186
988,"Sanchez Bravo, Jorge",54,Envigado,1434578087
989,"Padilla Rubio, Andres Felipe",34,Leticia,8439032188
990,"Ibarra Mendez, Mario",70,Villavicencio,3969326589
991,"Miranda Diaz, Julio",58,Neiva,9638045690
992,"Blanco Ruiz, Irene",42,Pereira,6294408991
993,"Cruz Camacho, Enrique",61,Saravena,2559163792
994,"Vásquez Figueroa, Teresa",43,Mocoa,5568685293
995,"Barrera Reyes, Lorena",49,Cali,9085324494
996,"Alvarado Valencia, Javier",50,Popayan,5795112395
997,"Rios Alvarado, Paola",55,Popayan,1398614996
998,"Gallego Diaz, Nicolas",55,San Jose del Guaviare,1410289997
999,"Salinas Suarez, Carmen",52,Envigado,6109370898
1000,"Figueroa Arias, Ivan",43,Bogota,7018548299
1001,"Dominguez Padilla, Diego",32,Saravena,4611716300
1002,"Acosta Acosta, Gabriel",44,Barrancabermeja,9760776901
1003,"Campos Tapia, Lina",25,Quibdo,2074532902
1004,"Guerrero Gutierrez, Felipe",51,Mitu,7654992303
1005,"Torres Zamora, Sandra",43,Armenia,8923481504
1006,"Cabrera Espinoza, Rodrigo",59,Itagui,4364858105
1007,"Ortiz Navarro, Juan Pablo",19,Barrancabermeja,1675379506
1008,"Cardenas Sandoval, Ricardo",55,Saravena,7100536807
1009,"Molina Mendoza, Esperanza",50,Puerto Carreno,9589313808
1010,"Aguilar Reyes, Camila",45,Pasto,5062599909
1011,"Pena Serrano, Gloria",33,Cali,3863282210
1012,"Ramos Vergara, Laura",20,Puerto Carreno,9009292011
1013,"Serrano Gallego, Nicolas",20,Soacha,3452758412
1014,"Arias Gonzalez, Hugo",49,Leticia,2582583913
1015,"Serrano Peralta, Elena",59,Bello,4895408914
1016,"Ortiz Rodriguez, Jorge",23,Leticia,7897912415
1017,"Ponce Jimenez, Mariana",34,Soledad,1513670216
1018,"Becerra Núñez, Paola",28,Puerto Carreno,2879359117
1019,"Aguilar Sanchez, Ana Maria",49,Saravena,9433834618
1020,"Ramos Acosta, Catalina",42,Manizales,7265588619
1021,"Palacios Velasquez, Eduardo",69,Mitu,7229936620
1022,"Blanco Alvarez, Pilar",66,Bello,5420365321
1023,"Cano Cruz, Rodrigo",65,Mitu,4777908722
1024,"Estrada Ramirez, Carlos",18,Bogota,8802229623
1025,"Gutierrez Reyes, Arturo",24,Barrancabermeja,3415667024
1026,"Montes Ochoa, Angela",21,Sincelejo,8616326125
1027,"Vergara Aguilar, Alfredo",71,Cartagena,3475013626
1028,"Perez Ruiz, Alicia",24,Leticia,4786643327
1029,"Morales Carrillo, Andres Felipe",49,Palmira,8830961128
1030,"Rios Gonzalez, Valentina",62,Medellin,5752119929
1031,"Fuentes Coronel, Silvia",73,Bogota,1603123730
1032,"Coronel Medina, Esteban",46,Puerto Carreno,4389619031
1033,"Ramirez Suarez, Ana",47,Cartagena,8453373132
1034,"Flores Zamora, Hector",77,Florencia,2313016933
1035,"Alvarez Jimenez, Blanca",36,Mocoa,3801407534
1036,"Camacho Maldonado, Irene",45,Bello,5489824935
1037,"Rios Escobar, Rocio",76,Mocoa,3337946036
1038,"Suarez Ibarra, Patricia",42,Monteria,9642198737
1039,"Guerrero Cano, Fernando",76,Bello,2699933938
1040,"Flores Montes, Cristina",41,Soacha,6165000139
1041,"Arias Bravo, Andres",29,Quibdo,6033302340
1042,"Medina Fuente, David",27,Monteria,5173199341
1043,"Gomez Muñoz, Angela",27,Buenaventura,2862977242
1044,"Valencia Montes, Catalina",22,Floridablanca,6247064543
1045,"Dominguez Mendoza, Alejandro",46,Soledad,5530015944
1046,"Cardenas Guzmán, Marcela",47,Tunja,1885305845
1047,"Blanco Flores, Maria Jose",18,Neiva,7273959146
1048,"Núñez Osorio, Arturo",18,Villavicencio,9097213947
1049,"Carrillo Zamora, Carlos",47,Quibdo,7980540448
1050,"Blanco Dominguez, Gustavo",62,Cali,8746310249
1051,"Rubio Gallego, Mario",56,Manizales,7484205950
1052,"Naranjo Cardenas, Patricia",18,Buenaventura,6907257751
1053,"Flores Núñez, Camila",24,Floridablanca,4967332752
1054,"Naranjo Figueroa, Carlos",19,Mitu,1058797653
1055,"Núñez Delgado, Luisa",31,Inirida,6985641554
1056,"Herrera Bustos, Alejandro",26,Ibague,7413391255
1057,"Ramos Moreno, Rafael",61,Bogota,6606755256
1058,"Osorio Flores, Camila",43,Leticia,9912225557
1059,"Silva Meza, Luis",76,Tunja,2561357158
1060,"Ramirez Soto, Francisco",25,Saravena,2929254359
1061,"Castillo Sanchez, Hernan",20,Santa Marta,4887627860
1062,"Espinoza Estrada, Nicolas",38,Bucaramanga,8760522261
1063,"Perez Salinas, Hugo",70,Bucaramanga,2085618562
1064,"Valdez Camacho, Mariana",39,Villavicencio,3863149063
1065,"Ortiz Serrano, Nicolas",65,Ibague,1859790564
1066,"Muñoz Parra, Andres Felipe",51,Cartagena,9956152765
1067,"Naranjo Ortiz, Rafael",39,Barranquilla,9617221966
1068,"Campos Peralta, Raul",46,Neiva,8802630967
1069,"Ibarra Dominguez, Monica",21,Mocoa,6008965368
1070,"Fuente Arias, Gloria",77,Ibague,2341692169
1071,"Mora Blanco, Carmen",43,Puerto Carreno,3480866370
1072,"Leon Acosta, Paola",69,Inirida,3018901271
1073,"Alvarez Tapia, Javier",24,Inirida,1566762072
1074,"Blanco Ibarra, Diego",55,Medellin,8449158173
1075,"Avila Núñez, Pedro",50,Cartagena,7858114174
1076,"Morales Serrano, Gabriel",61,Monteria,9129065875
1077,"Lopez Medina, Isabella",38,Palmira,6274025076
1078,"Navarro Valencia, Lorena",72,Bucaramanga,9423746577
1079,"Diaz Serrano, Alejandra",60,Villavicencio,8964580278
1080,"Ramirez Becerra, Paula",34,Buenaventura,6141339979
1081,"Estrada Camacho, Alejandra",76,Neiva,1899834580
1082,"Sanchez Figueroa, Cesar",47,Mitu,6234938581
1083,"Suarez Lugo, Yolanda",75,Neiva,4268818982
1084,"Naranjo Sanchez, Angela",77,Yopal,2476605083
1085,"Cardenas Mendoza, Ana",51,Florencia,4792866484
1086,"Villanueva Romero, Helena",77,Saravena,3837505185
1087,"Mendoza Romero, Alejandra",80,Barrancabermeja,3993899486
1088,"Gallego Nieto, Esperanza",54,Buenaventura,4026909487
1089,"Salinas Villanueva, Gabriel",28,Puerto Carreno,3219984788
1090,"Rivera Guzmán, Helena",80,Mocoa,7354152289
1091,"Castillo Cruz, Jorge",21,Popayan,7084550990
1092,"Avila Lugo, Esteban",61,Cali,3528868491
1093,"Aguilar Vásquez, Natalia",56,Soledad,7101130292
1094,"Padilla Rodriguez, Sergio",56,Palmira,3829789093
1095,"Zamora Cruz, Silvia",23,Itagui,5161320394
1096,"Espinoza Fuentes, Francisco",74,Cucuta,4604342995
1097,"Cortez Perez, Sergio",45,Medellin,3472975596
1098,"Alvarez Ruiz, Rodrigo",52,Pasto,5073729397
1099,"Molina Pena, Maria",64,Quibdo,8361449298
1100,"Flores Acosta, Carmen",65,Soacha,8170736199
1101,"Escobar Villanueva, Juan",49,Envigado,1978983500
1102,"Navarro Avila, Raul",53,Popayan,6007478401
1103,"Vergara Sandoval, Ernesto",39,Yopal,6883409602
1104,"Gomez Rivera, Andres",71,Buenaventura,9489338803
1105,"Bravo Serrano, Maria Jose",62,Monteria,9676925604
1106,"Campos Guzmán, Pilar",24,Cucuta,1708863705
1107,"Miranda Romero, Ricardo",21,Pasto,3793963106
1108,"Arias Becerra, Ernesto",63,Santa Marta,2927666807
1109,"Núñez Coronel, Carlos",26,Medellin,9794630508
1110,"Gomez Serrano, Alfredo",42,Mocoa,2350615609
1111,"Contreras Acosta, Rosa",21,Soledad,4144580510
1112,"Campos Cortez, Susana",54,Tunja,4869753611
1113,"Jimenez Vásquez, Patricia",48,Bello,1018851212
1114,"Meza Campos, Luis Miguel",60,Medellin,1624429113
1115,"Alvarez Cabrera, Cesar",52,Sincelejo,2570063814
1116,"Rodriguez Figueroa, Felipe",72,Soledad,3051775815
1117,"Gomez Trujillo, Manuel",27,Popayan,5666341216
1118,"Mora Gallego, Esteban",44,Soledad,2649719117
1119,"Herrera Espinoza, Andrea",66,Buenaventura,5068197318
1120,"Ibarra Valdez, Luis",33,Saravena,3043128519
1121,"Guerrero Cabrera, Cristina",52,Popayan,8862045620
1122,"Miranda Camacho, Esperanza",38,Riohacha,1330781921
1123,"Fuente Barrera, Arturo",53,Cali,6263517722
1124,"Tapia Espinoza, Silvia",61,Soledad,5543902823
1125,"Lara Sandoval, Oscar",60,Yopal,2965322424
1126,"Guzmán Alvarado, Sebastian",44,Cartagena,3268851025
1127,"Flores Leon, Alejandra",79,Quibdo,7529012526
1128,"Sanchez Martinez, Gabriel",42,Bello,8626940027
1129,"Jimenez Ponce, Javier",65,Pasto,8475981228
1130,"Vargas Carrillo, Nora",18,Barrancabermeja,8487948729
1131,"Escobar Acosta, Ana Maria",64,Inirida,9986331630
1132,"Cortez Mendez, Lorena",45,Inirida,2698625831
1133,"Núñez Escobar, Carlos",35,Buenaventura,3449574132
1134,"Lopez Mora, Ana Maria",77,San Jose del Guaviare,9385319433
1135,"Mendez Barrera, Monica",25,Barrancabermeja,2767799334
1136,"Delgado Camacho, Marcela",41,Neiva,5401071035
1137,"Cardenas Soto, Tomas",56,Itagui,6584744736
1138,"Becerra Mendoza, Felipe",60,Ibague,2917452037
1139,"Avila Vega, Angela",45,Villavicencio,1951908638
1140,"Rubio Fuente, Andrea",45,Mocoa,2458098239
1141,"Delgado Maldonado, Hugo",58,Arauca,4729830640
1142,"Rubio Dominguez, Catalina",21,Bogota,8825733241
1143,"Estrada Dominguez, Maria Clara",67,Neiva,1419679342
1144,"Torres Muñoz, Hector",19,Armenia,6139886743
1145,"Morales Morales, Hugo",50,Soledad,3021634444
1146,"Suarez Espinoza, Rafael",48,Bello,6739635545
1147,"Ruiz Escobar, Valentina",44,Cali,8940227846
1148,"Valdez Ochoa, Tomas",33,Itagui,1932673347
1149,"Herrera Ponce, Monica",46,Popayan,6298250748
1150,"Trujillo Fuentes, Rocio",62,Ibague,2178265949
1151,"Naranjo Meza, Melissa",22,Popayan,3359893250
1152,"Figueroa Cabrera, Mariana",56,Palmira,8212579951
1153,"Rivera Salinas, Cristina",22,Barrancabermeja,5084402152
1154,"Romero Rivera, Diego",19,Arauca,9384193053
1155,"Camacho Rubio, Ana",34,Saravena,3616190354
1156,"Ruiz Perez, Sofia",55,Quibdo,7819216155
1157,"Navarro Morales, Pedro",19,Saravena,2376311856
1158,"Moreno Rios, Ernesto",75,Buenaventura,4628527357
1159,"Osorio Medina, Pedro",34,Puerto Carreno,1313837358
1160,"Vargas Nieto, Raul",64,Itagui,8067153659
1161,"Gallego Cruz, Diego",72,Buenaventura,9689141860
1162,"Ponce Silva, Adriana",59,Leticia,7728647861
1163,"Espinoza Fuentes, Catalina",18,Puerto Carreno,4098574962
1164,"Morales Rodriguez, Raul",22,Armenia,1686368963
1165,"Muñoz Rios, Helena",77,Bucaramanga,6431323464
1166,"Cortez Aguilar, Sergio",56,Inirida,1585903865
1167,"Gutierrez Navarro, Pablo",66,Bucaramanga,7633958366
1168,"Salazar Dominguez, Yolanda",68,Mocoa,6766450467
1169,"Lopez Castillo, Rosa",35,Santa Marta,1648161568
1170,"Escobar Mendoza, Elena",64,Sincelejo,6209371269
1171,"Mendez Mendoza, Ana Maria",22,Monteria,9651800670
1172,"Bravo Pena, Sandra",61,Itagui,2532763371
1173,"Gutierrez Vergara, Mariana",36,Riohacha,7157651872
1174,"Rojas Romero, Rafael",30,Florencia,9129189773
1175,"Avila Sandoval, Juan",74,Tunja,7733134174
1176,"Cortez Campos, Ana",42,Cucuta,9857239875
1177,"Ramirez Escobar, Monica",59,Bogota,4795884676
1178,"Mendez Vergara, Luisa",61,Mitu,7273621777
1179,"Lara Alvarado, Andres",41,Valledupar,4783452578
1180,"Ortiz Dominguez, Susana",48,Bucaramanga,4683844279
1181,"Vargas Núñez, Francisco",38,Buenaventura,5701577780
1182,"Peralta Mendez, Andres Felipe",76,Bogota,7716621881
1183,"Rojas Medina, Ivan",21,Mocoa,5721395982
1184,"Jimenez Naranjo, Roberto",53,Bello,3867152283
1185,"Mendoza Gallego, Lina",48,Valledupar,7017392484
1186,"Blanco Coronel, Enrique",25,Puerto Carreno,5511498285
1187,"Villanueva Vásquez, Ricardo",73,Arauca,8211711386
1188,"Torres Estrada, Esperanza",43,Ibague,1050507487
1189,"Martinez Mendez, Sofia",44,Medellin,1176744388
1190,"Osorio Alvarado, Eduardo",29,Saravena,9887060689
1191,"Velasquez Gonzalez, Juan",46,Armenia,5288352990
1192,"Ruiz Gutierrez, Marcela",80,San Jose del Guaviare,1346368991
1193,"Vásquez Rubio, Daniela",18,Envigado,2888808892
1194,"Medina Fuentes, Andrea",37,Bello,9989213793
1195,"Escobar Camacho, Carlos",18,Bucaramanga,7548259294
1196,"Cano Mora, Laura",44,Sincelejo,6300315895
1197,"Jimenez Trujillo, Monica",64,Yopal,1171996196
1198,"Medina Coronel, Monica",66,Bogota,7947050697
1199,"Lopez Perez, Pilar",79,Santa Marta,1863740898
1200,"Lara Escobar, Alicia",66,Florencia,2340038499
1201,"Romero Carrillo, Pedro",75,Santa Marta,1203639400
1202,"Cano Gonzalez, Gustavo",66,Barrancabermeja,1164653201
1203,"Padilla Arias, Angela",56,Bogota,5030347202
1204,"Vega Cabrera, Alejandro",21,Quibdo,1034054803
1205,"Salazar Bustos, Marcela",66,Cali,7090061104
1206,"Rubio Salazar, Ignacio",78,Sincelejo,4561276305
1207,"Zamora Acosta, Valentina",35,Medellin,3171529806
1208,"Jimenez Valencia, Lorena",74,Palmira,9121998407
1209,"Fuente Becerra, Laura",79,Villavicencio,5937951108
1210,"Padilla Leon, Claudia",57,Florencia,5455158109
1211,"Medina Guzmán, Susana",65,Floridablanca,6779398310
1212,"Parra Lara, Manuel",39,Soacha,5949396611
1213,"Cabrera Palacios, Catalina",25,Palmira,5119253312
1214,"Alvarado Flores, Roberto",71,Riohacha,9053762513
1215,"Maldonado Ortiz, Martha",48,Inirida,1363397814
1216,"Salazar Carrillo, Gabriel",76,Riohacha,1413857815
1217,"Guzmán Meza, Rocio",38,Bogota,8291621516
1218,"Tapia Carrillo, Daniela",20,Mocoa,6944651517
1219,"Alvarez Ibarra, Nicolas",44,Ibague,6630086118
1220,"Perez Meza, Adriana",58,Itagui,7865067319
1221,"Molina Rodriguez, Juan",38,Mitu,7386072920
1222,"Ibarra Muñoz, Rodrigo",59,Monteria,4392614821
1223,"Cortez Ibarra, Elena",80,Medellin,6902191922
1224,"Gomez Maldonado, Hector",76,Arauca,7118790023
1225,"Herrera Coronel, Alejandro",40,Santa Marta,5119757024
1226,"Diaz Dominguez, Pilar",31,Ibague,5639040925
1227,"Navarro Rodriguez, Alfredo",55,Cali,4999739226
1228,"Cardenas Acosta, Miguel",77,Bogota,9975638027
1229,"Garcia Osorio, Alejandro",42,Itagui,2512384228
1230,"Rubio Osorio, Cesar",49,Armenia,5954189829
1231,"Serrano Mendez, Maria Jose",45,Quibdo,7601154930
1232,"Alvarado Molina, Francisco",67,Yopal,5504524231
1233,"Gonzalez Lara, Oscar",26,Arauca,8772695432
1234,"Cano Sanchez, Camila",44,Mitu,1619794933
1235,"Coronel Soto, Maria Clara",67,Mitu,6205884134
1236,"Soto Valdez, Jorge",26,Mocoa,5111256735
1237,"Lopez Dominguez, Daniela",19,Sincelejo,5101755336
1238,"Sanchez Osorio, Catalina",34,Quibdo,4056550937
1239,"Guzmán Muñoz, Beatriz",65,Arauca,3385468938
1240,"Serrano Peralta, Andres Felipe",62,Cartagena,4533772039
1241,"Lara Meza, Andres",52,Cucuta,6401695340
1242,"Ramirez Tapia, Elena",29,Santa Marta,3338478241
1243,"Morales Soto, Esteban",78,Valledupar,3164280642
1244,"Vásquez Zamora, Gloria",30,Cali,2887582943
1245,"Dominguez Maldonado, Daniela",29,Palmira,7723215544
1246,"Meza Diaz, Gustavo",56,Pasto,5182938945
1247,"Flores Jimenez, Monica",19,Envigado,3850811046
1248,"Peralta Lara, Lina",34,Quibdo,4852570247
1249,"Rubio Leon, Jorge",70,Florencia,4142325148
1250,"Salazar Ortiz, Esteban",54,Riohacha,8536090049
1251,"Núñez Cardenas, Lorena",23,Cartagena,3861915150
1252,"Alvarez Aguilar, Rafael",75,Cartagena,3881299851
1253,"Romero Aguilar, Diana",52,Itagui,9602765352
1254,"Alvarado Herrera, Andres Felipe",59,Valledupar,3517570153
1255,"Soto Villanueva, Pablo",58,Neiva,7089310754
1256,"Maldonado Trujillo, Alejandro",45,Santa Marta,1131346955
1257,"Padilla Ochoa, Elena",68,Soacha,4715781956
1258,"Ramos Delgado, Laura",77,Florencia,1266064057
1259,"Nieto Muñoz, Esteban",69,Bogota,8284341558
1260,"Velasquez Moreno, Blanca",31,Tunja,2714500159
1261,"Carrillo Cruz, Maria Jose",72,Yopal,5597438660
1262,"Gomez Cabrera, Sebastian",18,Barranquilla,3232837261
1263,"Soto Avila, Isabella",66,Riohacha,1939637462
1264,"Gutierrez Martinez, Mariana",77,Cali,3978852463
1265,"Ibarra Peralta, Catalina",29,Barranquilla,4481256764
1266,"Diaz Osorio, Rocio",66,Cucuta,2954116865
1267,"Barrera Bustos, Raul",36,Tunja,2474911566
1268,"Rojas Salinas, Luis",68,Manizales,9244406167
1269,"Morales Lara, Carlos",41,Leticia,1726269168
1270,"Gomez Padilla, Angela",70,Bogota,3087077169
1271,"Diaz Diaz, Gloria",68,Pereira,4829459670
1272,"Rubio Rubio, Tomas",27,Bucaramanga,9203525771
1273,"Ramirez Arias, Hugo",75,Quibdo,1847572172
1274,"Carrillo Herrera, Valentina",37,Leticia,6557498373
1275,"Estrada Leon, Monica",59,Buenaventura,3197508274
1276,"Osorio Rubio, Mario",45,Saravena,2605462675
1277,"Medina Blanco, Catalina",60,Leticia,3320855876
1278,"Parra Rubio, Roberto",41,Puerto Carreno,9068425477
1279,"Estrada Alvarez, Miguel",38,Palmira,2336248478
1280,"Miranda Ponce, Pilar",48,Cali,5146141379
1281,"Sanchez Ortiz, Teresa",51,Cucuta,5795908680
1282,"Morales Moreno, Melissa",36,Tunja,2240333981
1283,"Ibarra Sandoval, Ignacio",75,Valledupar,7487425482
1284,"Barrera Reyes, Beatriz",69,Arauca,7525112583
1285,"Miranda Palacios, Julio",62,Mitu,4337162184
1286,"Naranjo Delgado, Andrea",70,Monteria,8519750385
1287,"Salazar Romero, Martha",38,Leticia,6286127486
1288,"Becerra Cardenas, Angela",34,Riohacha,5959422587
1289,"Serrano Salazar, Lina",24,Barrancabermeja,6958174388
1290,"Molina Lugo, Lorena",47,Santa Marta,2155864889
1291,"Salazar Peralta, Isabella",28,Soacha,1202146090
1292,"Ibarra Torres, Nora",60,Ibague,9791203091
1293,"Mora Guerrero, Nicolas",32,Quibdo,4454570392
1294,"Gallego Barrera, Andrea",28,Soledad,5044807793
1295,"Maldonado Palacios, Lorena",48,Envigado,2185308394
1296,"Salinas Sandoval, Natalia",18,Pasto,8434193795
1297,"Ponce Camacho, Jorge",40,Cali,9397317096
1298,"Avila Acosta, Sergio",36,Palmira,8138046197
1299,"Becerra Muñoz, Arturo",24,Yopal,8697652698
1300,"Zamora Escobar, Gloria",80,Ibague,4151788599
1301,"Lugo Soto, Lorena",22,Ibague,8429756900
1302,"Trujillo Garcia, Nora",32,Medellin,9049168501
1303,"Naranjo Herrera, Patricia",26,Soacha,9796552102
1304,"Padilla Ochoa, Valentina",37,Sincelejo,2588925003
1305,"Guzmán Salazar, Hernan",66,Tunja,7698069204
1306,"Morales Leon, Felipe",36,Leticia,7347265605
1307,"Coronel Romero, Carlos",48,Villavicencio,1575247706
1308,"Salinas Ruiz, Silvia",33,Medellin,2609237007
1309,"Castillo Camacho, Maria Jose",37,Cucuta,9743556208
1310,"Silva Muñoz, Diego",35,Neiva,1539456609
1311,"Martinez Maldonado, Maria",74,Mocoa,9246684610
1312,"Valdez Sandoval, Ana",77,Cali,2133984311
1313,"Molina Jimenez, Rodrigo",66,Yopal,7154451712
1314,"Leon Serrano, Elena",68,Palmira,7588924413
1315,"Cortez Gutierrez, Elena",69,Barranquilla,4050145714
1316,"Arias Ruiz, Rafael",78,Palmira,1753236415
1317,"Cabrera Gonzalez, Maria",39,Itagui,8214176316
1318,"Contreras Suarez, Paola",63,Envigado,8126484017
1319,"Torres Contreras, Ivan",51,Villavicencio,9642761018
1320,"Becerra Morales, Catalina",22,Neiva,8316880019
1321,"Martinez Gallego, Javier",33,Monteria,7298694020
1322,"Parra Muñoz, Francisco",39,San Jose del Guaviare,5886113921
1323,"Avila Moreno, Oscar",45,Sincelejo,7255114922
1324,"Barrera Becerra, Ricardo",18,Inirida,1764664023
1325,"Bustos Pena, Javier",44,Quibdo,7882425324
1326,"Muñoz Lara, Tomas",36,Riohacha,9791625825
1327,"Becerra Lopez, Beatriz",60,Medellin,1483809026
1328,"Zamora Moreno, Cesar",28,Armenia,8636288327
1329,"Fuentes Alvarez, Angela",23,Santa Marta,5258724428
1330,"Rivera Vargas, Jorge",42,Armenia,2519493229
1331,"Dominguez Rubio, Pablo",38,Riohacha,8060731130
1332,"Naranjo Contreras, Carmen",34,Buenaventura,2044577331
1333,"Vergara Rojas, David",25,Saravena,4220059232
1334,"Fuente Lara, Adriana",44,Sincelejo,3900418733
1335,"Ponce Gallego, Nora",63,Inirida,6435742234
1336,"Cano Vargas, Carlos",62,Cucuta,6897110535
1337,"Zamora Muñoz, Jorge",25,Leticia,3110871436
1338,"Ibarra Dominguez, Mauricio",56,Soledad,9469661837
1339,"Cano Bravo, Victor",28,Pereira,3667421238
1340,"Mendez Martinez, Juan",20,Monteria,2921891239
1341,"Morales Vergara, Camila",32,Popayan,4310304140
1342,"Valencia Flores, Isabella",73,Yopal,7083737941
1343,"Romero Navarro, Gloria",66,Riohacha,6808396642
1344,"Trujillo Nieto, Carlos",43,Puerto Carreno,9156290343
1345,"Guzmán Fuente, Camila",31,Bogota,6702407644
1346,"Torres Lugo, Rosa",64,Envigado,3294548345
1347,"Bravo Salinas, Arturo",72,Mocoa,7642144946
1348,"Camacho Lara, Isabella",71,Envigado,9382681147
1349,"Villanueva Reyes, Victor",50,Buenaventura,1765083648
1350,"Ramos Rios, Natalia",42,Bello,2437260949
1351,"Suarez Gonzalez, Manuel",45,Pereira,8283552350
1352,"Delgado Campos, Rodrigo",35,Soledad,9862494251
1353,"Palacios Moreno, Camila",52,Cucuta,5936582052
1354,"Romero Gomez, Ivan",63,Ibague,4710220953
1355,"Martinez Muñoz, Mario",70,Valledupar,1811715254
1356,"Estrada Peralta, Claudia",59,Bogota,6864605655
1357,"Gonzalez Silva, Andrea",42,Arauca,8590424756
1358,"Vargas Vásquez, Fabian",45,Barranquilla,5350283157
1359,"Bustos Salazar, Isabella",19,Cucuta,8410636958
1360,"Gutierrez Herrera, Elena",43,Buenaventura,2599604159
1361,"Ramos Figueroa, Ricardo",32,Soacha,4660413560
1362,"Vega Bustos, Andrea",74,Quibdo,5754787461
1363,"Blanco Soto, Luisa",40,Sincelejo,7663675162
1364,"Montes Molina, Sergio",22,Villavicencio,8831339563
1365,"Parra Nieto, Marcela",22,Armenia,6799581364
1366,"Martinez Camacho, Enrique",55,Barrancabermeja,9331734865
1367,"Gallego Arias, Monica",56,Cali,3026375866
1368,"Arias Soto, Oscar",50,Soacha,7684163967
1369,"Moreno Blanco, Alicia",23,San Jose del Guaviare,9779091568
1370,"Ortiz Rubio, Teresa",33,Bucaramanga,8959332969
1371,"Pena Pena, Mario",45,Envigado,5466923070
1372,"Serrano Muñoz, Gloria",70,Itagui,9872727271
1373,"Mendoza Nieto, Enrique",59,Quibdo,7861578872
1374,"Romero Peralta, Helena",26,Bello,6057586073
1375,"Salazar Velasquez, Enrique",62,Mocoa,5479351374
1376,"Medina Garcia, Javier",54,Popayan,3858977875
1377,"Reyes Alvarez, Arturo",19,Palmira,6782315976
1378,"Suarez Barrera, Raul",44,Arauca,2534202777
1379,"Vergara Naranjo, Helena",18,Pasto,8351829578
1380,"Campos Diaz, Oscar",55,Soledad,8305901179
1381,"Flores Rubio, Javier",79,Ibague,5593535380
1382,"Villanueva Morales, Alejandro",48,Inirida,7522055881
1383,"Lara Lugo, Diana",67,Itagui,1416670782
1384,"Aguilar Silva, Susana",66,Cartagena,3257991883
1385,"Lugo Diaz, Gabriel",57,Bello,3105263784
1386,"Trujillo Bustos, Raul",69,Arauca,8449960685
1387,"Valencia Estrada, Hernan",18,Pasto,6274215086
1388,"Gallego Ibarra, Maria Clara",39,Tunja,1138556687
1389,"Cruz Jimenez, Javier",78,Valledupar,8707800388
1390,"Camacho Aguilar, Francisco",30,Neiva,3209610089
1391,"Barrera Salinas, Andres",56,Soacha,7051204890
1392,"Vásquez Molina, Marcela",28,Palmira,1957832391
1393,"Miranda Meza, Javier",31,Floridablanca,1000522192
1394,"Alvarado Delgado, Marcela",77,Manizales,1816448693
1395,"Suarez Valdez, Laura",35,Mocoa,9488437894
1396,"Dominguez Sandoval, Irene",67,Riohacha,2424923095
1397,"Guerrero Gallego, Helena",40,Envigado,7985541796
1398,"Osorio Parra, Rosa",28,Cartagena,9422461397
1399,"Trujillo Lugo, Lorena",75,Floridablanca,8650267298
1400,"Vásquez Vásquez, Luisa",79,Valledupar,4309462599
1401,"Sanchez Vega, Fernando",30,Mocoa,4642391600
1402,"Escobar Estrada, Gloria",66,Bogota,1226428001
1403,"Bravo Zamora, Juliana",71,Villavicencio,2164734902
1404,"Palacios Valdez, Enrique",73,Leticia,6602023503
1405,"Carrillo Ortiz, Luis Miguel",49,Bucaramanga,8862022304
1406,"Romero Nieto, Ramon",79,Cartagena,5857864905
1407,"Bravo Romero, Tomas",46,Neiva,9370912506
1408,"Espinoza Gomez, Maria",41,Arauca,2891879007
1409,"Delgado Mendoza, Esteban",44,Bello,8915634908
1410,"Navarro Campos, Camila",65,Cali,6534786309
1411,"Fuentes Castillo, Lina",35,Manizales,1920618010
1412,"Valdez Vega, Antonio",61,Envigado,1239364811
1413,"Ramirez Velasquez, Fabian",63,Saravena,8038683712
1414,"Estrada Avila, Catalina",26,Villavicencio,4856446013
1415,"Rodriguez Guzmán, Lina",39,Floridablanca,9953632714
1416,"Gallego Campos, Camila",62,Bogota,5419810115
1417,"Barrera Maldonado, Pedro",48,Soacha,4179467116
1418,"Morales Carrillo, Jorge",55,Tunja,3033723417
1419,"Reyes Alvarez, Fernando",23,Bello,1095610218
1420,"Ortiz Avila, Silvia",52,Mitu,7540779519
1421,"Martinez Meza, Melissa",72,Bogota,4809002120
1422,"Suarez Carrillo, Melissa",77,Riohacha,3170901321
1423,"Vásquez Tapia, Helena",19,Envigado,4138706422
1424,"Valdez Martinez, Ricardo",35,Cartagena,9393587023
1425,"Vergara Moreno, Arturo",36,Envigado,4306843724
1426,"Peralta Acosta, Gabriel",36,Sincelejo,3728597425
1427,"Soto Figueroa, Patricia",34,Itagui,5350246726
1428,"Escobar Rios, Susana",41,Cali,4878874627
1429,"Delgado Villanueva, Luisa",78,Soledad,4416222628
1430,"Medina Pena, Hernan",72,Soledad,1523185329
1431,"Vega Figueroa, Francisco",66,San Jose del Guaviare,5676859530
1432,"Figueroa Diaz, Oscar",44,Cali,3617313531
1433,"Alvarez Silva, Maria Jose",35,Arauca,5999351032
1434,"Padilla Guzmán, Mario",77,Tunja,7946704333
1435,"Gutierrez Ponce, Maria",25,Sincelejo,2519753434
1436,"Vergara Camacho, Manuel",80,Cucuta,9436627435
1437,"Zamora Martinez, Andrea",63,Pereira,3084934336
1438,"Guzmán Sanchez, Lorena",44,Leticia,2920177337
1439,"Medina Barrera, Cristina",31,Bello,8341344738
1440,"Blanco Peralta, Sandra",49,Mitu,8546626839
1441,"Becerra Muñoz, Teresa",79,Cali,5156118040
1442,"Bravo Vega, Diana",60,Palmira,5496743041
1443,"Diaz Nieto, Teresa",38,Popayan,9850799342
1444,"Rodriguez Jimenez, Mario",57,Medellin,7746772343
1445,"Ruiz Torres, Sofia",54,Monteria,5627895044
1446,"Gallego Jimenez, Yolanda",60,Inirida,5829107445
1447,"Rojas Silva, Sergio",68,Inirida,8557322346
1448,"Fuentes Meza, Enrique",47,Monteria,6024643047
1449,"Pena Escobar, Helena",42,Cucuta,6597869848
1450,"Vargas Guerrero, Cristina",62,Bello,3146331749
1451,"Mendez Silva, Melissa",71,Buenaventura,8937369150
1452,"Castillo Mora, Sandra",53,Bucaramanga,1685808051
1453,"Lugo Navarro, Angela",78,Itagui,7239570552
1454,"Romero Ochoa, Sandra",47,Barrancabermeja,5699045953
1455,"Rojas Garcia, Andres",34,Medellin,7023146154
1456,"Blanco Gomez, Teresa",48,Palmira,6708355255
1457,"Campos Villanueva, Maria",65,Neiva,3529825056
1458,"Vega Peralta, Adriana",60,Neiva,7172309057
1459,"Reyes Ortiz, Adriana",49,Palmira,3363044258
1460,"Maldonado Aguilar, Gabriel",28,Florencia,2581232159
1461,"Herrera Fuentes, Maria",53,Manizales,8029569760
1462,"Soto Rodriguez, Elena",62,Floridablanca,4326510861
1463,"Escobar Diaz, Luis Miguel",73,Tunja,8470004362
1464,"Bustos Bustos, Yolanda",74,Palmira,5502901863
1465,"Escobar Vargas, Ana Maria",65,Riohacha,4717107564
1466,"Vergara Jimenez, Gloria",73,Mocoa,4321331365
1467,"Castillo Alvarado, Rodrigo",54,Itagui,4036701666
1468,"Bravo Camacho, Esteban",54,Valledupar,2956742767
1469,"Muñoz Coronel, Rafael",53,Arauca,8565442868
1470,"Aguilar Pena, Javier",38,Sincelejo,2381927269
1471,"Muñoz Barrera, Ramon",74,Bello,3970711570
1472,"Moreno Ponce, Julio",18,Tunja,6812047871
1473,"Silva Vásquez, Nicolas",38,Palmira,1101968472
1474,"Gallego Blanco, Rafael",22,Bucaramanga,6173958173
1475,"Velasquez Acosta, Arturo",67,Popayan,7020663174
1476,"Herrera Herrera, Luisa",42,Barrancabermeja,5499281375
1477,"Reyes Núñez, Sofia",38,Inirida,3939254776
1478,"Figueroa Alvarez, Teresa",45,Soledad,7888994677
1479,"Fuente Acosta, Andrea",28,Cucuta,9567460378
1480,"Dominguez Cruz, Rocio",26,Riohacha,6003039579
1481,"Acosta Herrera, Ivan",55,San Jose del Guaviare,9690103680
1482,"Bustos Molina, Ana Maria",51,Bogota,5497101081
1483,"Medina Pena, Maria Clara",61,Barrancabermeja,2120812482
1484,"Rivera Sanchez, Claudia",56,Ibague,8936949683
1485,"Vargas Flores, Carmen",50,Buenaventura,6006937484
1486,"Diaz Cruz, Ana Maria",40,Puerto Carreno,1522043985
1487,"Morales Romero, Lina",42,Yopal,4515312886
1488,"Ruiz Becerra, Felipe",54,Inirida,2606942687
1489,"Becerra Campos, Melissa",18,Soledad,2142463888
1490,"Blanco Castillo, Nora",20,Cucuta,4827666089
1491,"Gallego Velasquez, Angela",23,Soacha,8153275690
1492,"Perez Peralta, Martha",30,Floridablanca,3450361491
1493,"Alvarado Lara, Victor",38,Bello,9726993592
1494,"Flores Campos, Angela",29,Bucaramanga,4632365393
1495,"Valdez Morales, Hector",75,Leticia,6857617294
1496,"Rivera Pena, Camila",47,Arauca,8335979095
1497,"Ponce Campos, Enrique",21,Quibdo,2197446996
1498,"Blanco Morales, Esperanza",67,Cartagena,7693354597
1499,"Alvarez Figueroa, Paola",55,Monteria,5861557298
1500,"Avila Escobar, Patricia",71,Cartagena,1746186599
1501,"Delgado Ochoa, Martha",45,Yopal,6615838300
1502,"Carrillo Mendez, Antonio",50,Arauca,6066561501
1503,"Meza Ochoa, Gabriel",78,Itagui,9349153302
1504,"Cruz Ibarra, Esteban",51,Florencia,1700409403
1505,"Coronel Leon, Paula",61,Medellin,6109258004
1506,"Naranjo Rodriguez, Blanca",39,Santa Marta,1393523105
1507,"Guerrero Villanueva, Valentina",33,Yopal,8317192306
1508,"Vásquez Salinas, Julio",34,Mocoa,3865843707
1509,"Valencia Osorio, Oscar",37,Quibdo,1738416608
1510,"Montes Aguilar, Tomas",54,Cartagena,5026940709
1511,"Avila Romero, Claudia",45,Quibdo,6592024410
1512,"Mendez Suarez, Diana",68,Pasto,9887972111
1513,"Cano Maldonado, Victor",72,Ibague,1351627712
1514,"Moreno Perez, Monica",46,Medellin,6969367713
1515,"Arias Ochoa, Mariana",34,Medellin,9514796714
1516,"Ruiz Nieto, Ivan",60,Manizales,7307127915
1517,"Estrada Cruz, Julio",18,Cartagena,8819097616
1518,"Vásquez Martinez, Hernan",71,Pereira,5734850617
1519,"Flores Alvarado, Isabella",18,Envigado,4283618918
1520,"Garcia Gallego, Arturo",47,Yopal,2423339519
1521,"Trujillo Alvarado, Ana",73,Arauca,2758412420
1522,"Cabrera Barrera, Luis Miguel",28,Cartagena,8847944421
1523,"Vega Trujillo, Mariana",41,Barranquilla,5532592322
1524,"Muñoz Rubio, Rosa",67,Santa Marta,3444354623
1525,"Ramirez Lugo, Melissa",34,Cucuta,8853931724
1526,"Rojas Ochoa, Diana",44,Quibdo,8250901925
1527,"Torres Barrera, Paola",34,Mocoa,7985359926
1528,"Aguilar Barrera, Angela",66,Barranquilla,8857891527
1529,"Coronel Lopez, Ignacio",26,Barranquilla,4298083328
1530,"Meza Miranda, Melissa",63,Barranquilla,5695999429
1531,"Morales Campos, Mauricio",32,Ibague,6863738930
1532,"Mendez Gallego, Paola",35,Armenia,8788519431
1533,"Valencia Lopez, Cristina",42,Leticia,1594550132
1534,"Ortiz Sandoval, Irene",72,Soledad,8646032533
1535,"Silva Valdez, Andrea",23,Sincelejo,3269215334
1536,"Rodriguez Sanchez, Diego",27,Tunja,7293689035
1537,"Cabrera Ruiz, Andres",41,Envigado,1316055936
1538,"Mendez Bravo, Ivan",31,Ibague,1859775537
1539,"Gallego Molina, Ricardo",35,Barranquilla,7436396138
1540,"Camacho Sandoval, Antonio",34,Soledad,5670698839
1541,"Delgado Tapia, Roberto",75,Sincelejo,4201293640
1542,"Cardenas Gutierrez, Luis",61,Soacha,9048002041
1543,"Ochoa Gallego, Paula",42,Popayan,5896339642
1544,"Pena Ponce, Andres Felipe",32,Neiva,6371288343
1545,"Avila Vega, Mariana",19,Barranquilla,2419417644
1546,"Nieto Palacios, Esteban",55,Tunja,7209363445
1547,"Serrano Rubio, Ivan",21,Pereira,7387685646
1548,"Bravo Ortiz, Patricia",51,Leticia,6500563247
1549,"Camacho Gomez, Luisa",33,Popayan,1502524548
1550,"Maldonado Silva, Pilar",53,Palmira,4472644549
1551,"Lopez Gonzalez, Esperanza",53,Bello,6169778450
1552,"Lopez Vega, Helena",32,Palmira,1585306851
1553,"Ruiz Rivera, Juan",44,Monteria,1296944652
1554,"Rios Gallego, Natalia",25,Cali,9281903953
1555,"Cabrera Delgado, Angela",74,Palmira,4727507154
1556,"Mendoza Jimenez, Manuel",27,Pasto,8569947855
1557,"Delgado Núñez, Julio",32,Valledupar,8476772856
1558,"Meza Fuentes, Gustavo",34,Barrancabermeja,3688668557
1559,"Bravo Rodriguez, Claudia",78,Santa Marta,5788544858
1560,"Arias Villanueva, Andres",74,Medellin,9748264259
1561,"Cardenas Figueroa, Eduardo",34,Barranquilla,9426051160
1562,"Leon Bravo, Rocio",42,Barranquilla,8547518461
1563,"Núñez Guerrero, Diego",78,Neiva,2924266362
1564,"Maldonado Becerra, Pablo",36,Neiva,5192524163
1565,"Medina Guzmán, Helena",39,Bogota,1778186764
1566,"Villanueva Guerrero, Miguel",30,San Jose del Guaviare,8816694865
1567,"Salazar Becerra, Enrique",35,Itagui,6046343366
1568,"Rodriguez Montes, Victor",61,Arauca,2547567967
1569,"Martinez Nieto, Paola",61,Floridablanca,1225901268
1570,"Salinas Cardenas, Monica",29,Arauca,2597507469
1571,"Ibarra Sanchez, Luis Miguel",47,Saravena,9882454670
1572,"Alvarado Contreras, Esteban",32,Floridablanca,3520562271
1573,"Valdez Leon, Pilar",77,Palmira,4361241572
1574,"Villanueva Torres, Elena",22,Popayan,7840791073
1575,"Valencia Miranda, Andres",19,Sincelejo,3813527974
1576,"Ramos Ibarra, Andres",32,Manizales,1952434875
1577,"Padilla Mendez, Gabriel",70,Itagui,6745764576
1578,"Becerra Lopez, Teresa",66,Armenia,5247849677
1579,"Aguilar Estrada, David",42,Floridablanca,9255751778
1580,"Mendez Carrillo, Elena",53,Medellin,2350226379
1581,"Ramirez Osorio, Mariana",40,Mitu,8142216780
1582,"Palacios Rubio, Manuel",56,Sincelejo,7787070481
1583,"Vásquez Avila, Maria Clara",25,Sincelejo,4620143282
1584,"Rojas Martinez, Angela",75,Barranquilla,9866598883
1585,"Martinez Sandoval, Angela",68,San Jose del Guaviare,3278309584
1586,"Salazar Fuentes, Francisco",19,Soledad,4189480685
1587,"Sandoval Escobar, Esperanza",67,Soledad,1995157486
1588,"Figueroa Velasquez, Gustavo",50,Inirida,3837301387
1589,"Herrera Contreras, Cesar",24,Medellin,8836778588
1590,"Barrera Osorio, David",45,Floridablanca,4246913989
1591,"Flores Miranda, Elena",53,Buenaventura,5137400890
1592,"Blanco Navarro, Yolanda",76,Ibague,7413149791
1593,"Romero Suarez, Manuel",66,Cali,1026866292
1594,"Blanco Guzmán, Silvia",24,Arauca,4411550793
1595,"Soto Figueroa, Rafael",62,Tunja,3030057294
1596,"Sandoval Palacios, Alejandro",59,Saravena,1662002095
1597,"Lopez Miranda, Claudia",55,Bogota,3941781496
1598,"Ramos Ortiz, Ignacio",66,Riohacha,8785301497
1599,"Moreno Jimenez, Andrea",42,Manizales,7221299798
1600,"Dominguez Rios, Hugo",58,Cucuta,4609664799
1601,"Ortiz Medina, Isabella",19,Cali,6540947700
1602,"Alvarado Vega, Camila",48,Inirida,4981415701
1603,"Navarro Gallego, Laura",68,Tunja,7754199202
1604,"Nieto Guerrero, Andres",28,Popayan,8544037503
1605,"Rios Rojas, Daniela",76,Bucaramanga,3700298004
1606,"Perez Campos, Gloria",39,Barrancabermeja,7748268505
1607,"Espinoza Cardenas, Antonio",50,Ibague,9097707306
1608,"Miranda Rojas, Ana Maria",44,Medellin,8809181507
1609,"Sandoval Campos, Mario",71,Mocoa,8831556808
1610,"Reyes Cortez, Angela",77,Cartagena,8334785009
1611,"Flores Velasquez, Nora",32,Florencia,8975892410
1612,"Padilla Martinez, Alejandro",42,Floridablanca,7451563711
1613,"Delgado Maldonado, Diego",23,Mitu,2609997612
1614,"Alvarado Alvarez, Gabriel",62,Mitu,8842404613
1615,"Cruz Figueroa, Cristina",51,Soledad,5907073714
1616,"Valdez Leon, Ana Maria",73,Barranquilla,9915900115
1617,"Naranjo Muñoz, Javier",36,Saravena,3065207316
1618,"Parra Molina, Irene",70,Santa Marta,6471347217
1619,"Becerra Moreno, Rafael",47,Pereira,6587268018
1620,"Figueroa Coronel, Angela",70,Sincelejo,1448549519
1621,"Padilla Espinoza, Susana",18,Valledupar,1425198420
1622,"Zamora Ochoa, Francisco",73,Itagui,9987256221
1623,"Ramirez Dominguez, Sebastian",57,San Jose del Guaviare,7353222822
1624,"Lugo Moreno, Luis",36,Riohacha,5476621823
1625,"Campos Lara, Carmen",64,Ibague,3888789724
1626,"Rodriguez Rubio, Maria Jose",80,Armenia,8285683625
1627,"Salinas Medina, Lina",31,Tunja,8662497726
1628,"Rubio Silva, Mariana",76,Floridablanca,5980057727
1629,"Cortez Alvarado, Oscar",53,Neiva,4175849928
1630,"Meza Aguilar, Maria",23,Floridablanca,9925139429
1631,"Escobar Campos, Ricardo",49,Tunja,5290655130
1632,"Medina Lara, Maria Jose",54,Itagui,5757652231
1633,"Jimenez Rios, Jorge",57,Mocoa,9953596432
1634,"Nieto Núñez, Javier",51,Yopal,6391487533
1635,"Fuente Vásquez, Valentina",22,Monteria,6329616434
1636,"Dominguez Leon, Ivan",73,Envigado,5626545235
1637,"Valencia Estrada, Camila",67,Manizales,2694035736
1638,"Ortiz Lugo, Nicolas",21,Soacha,1077525337
1639,"Vásquez Espinoza, Fernando",18,Puerto Carreno,2913875538
1640,"Miranda Meza, Raul",38,Quibdo,8199269339
1641,"Gallego Rojas, Helena",24,Saravena,6590883940
1642,"Coronel Figueroa, Sebastian",42,Medellin,4036078441
1643,"Avila Ruiz, Arturo",39,Villavicencio,5040725942
1644,"Ramos Gomez, Laura",55,San Jose del Guaviare,6398674643
1645,"Mora Cardenas, Ernesto",73,Bogota,9695391244
1646,"Alvarez Becerra, Javier",32,Itagui,8243898845
1647,"Trujillo Acosta, Francisco",55,Popayan,4989970046
1648,"Osorio Valencia, Sergio",63,Soacha,3597296747
1649,"Silva Vásquez, Esperanza",62,Pereira,6316941948
1650,"Gutierrez Rojas, Esperanza",68,Florencia,2352824349
1651,"Lugo Diaz, Hugo",71,Florencia,9989266450
1652,"Vergara Cardenas, Ana Maria",23,Palmira,2841068851
1653,"Perez Dominguez, Valentina",19,Cartagena,5149092352
1654,"Villanueva Castillo, Ivan",34,Pereira,9821705053
1655,"Cano Ramirez, Adriana",70,Pereira,7799177154
1656,"Valdez Vergara, Tomas",77,Barrancabermeja,9357679855
1657,"Guerrero Suarez, Rafael",38,Quibdo,3850130156
1658,"Avila Vergara, Nicolas",35,Quibdo,6029449457
1659,"Diaz Salazar, Esperanza",57,Florencia,1381433658
1660,"Perez Rubio, Martha",51,Cali,6888247659
1661,"Silva Romero, Gloria",60,Riohacha,5628808660
1662,"Herrera Castillo, Diego",33,Tunja,4605312561
1663,"Vergara Ramirez, Rodrigo",65,Valledupar,7679083562
1664,"Osorio Lugo, Beatriz",27,Quibdo,3280948463
1665,"Bustos Serrano, Rafael",54,Arauca,5704706864
1666,"Morales Campos, Sebastian",58,Cartagena,6259309965
1667,"Perez Guzmán, Carlos",39,Riohacha,2807661866
1668,"Camacho Martinez, Jorge",40,Ibague,9309478167
1669,"Maldonado Campos, Camila",80,Barranquilla,1062586568
1670,"Flores Bustos, Hugo",78,Bello,3453912169
1671,"Sanchez Silva, Juan",70,Valledupar,4861225270
1672,"Sanchez Barrera, Pablo",71,Leticia,7857133871
1673,"Camacho Cruz, Beatriz",69,Florencia,1893007872
1674,"Ortiz Perez, Luis",41,Yopal,2154082473
1675,"Rodriguez Ruiz, Cesar",38,Florencia,1803063474
1676,"Salazar Figueroa, Paula",61,Leticia,6660250875
1677,"Osorio Perez, Juan Pablo",38,Envigado,2024993976
1678,"Perez Figueroa, Gabriel",33,Bello,6007734977
1679,"Herrera Rios, Rosa",58,Florencia,3916574478
1680,"Tapia Sandoval, Alejandro",72,Villavicencio,4240805779
1681,"Estrada Rivera, Mauricio",54,Inirida,3950617380
1682,"Vergara Padilla, Marcela",44,Manizales,2987721781
1683,"Castillo Vergara, Mario",79,Medellin,5886181782
1684,"Tapia Garcia, Ivan",58,Envigado,4629136283
1685,"Barrera Acosta, Patricia",32,Manizales,1471802684
1686,"Fuente Mora, Irene",65,Riohacha,9252462785
1687,"Perez Gonzalez, Sergio",57,Sincelejo,3339126086
1688,"Guzmán Muñoz, Melissa",53,Buenaventura,4494555287
1689,"Rodriguez Ibarra, Paola",62,Puerto Carreno,5300091188
1690,"Guzmán Parra, Pedro",42,Manizales,1113901589
1691,"Salinas Torres, Ernesto",32,Floridablanca,8672882290
1692,"Herrera Padilla, Carmen",60,Quibdo,9306624291
1693,"Dominguez Trujillo, Beatriz",67,Saravena,8413959292
1694,"Vergara Morales, Rodrigo",57,Buenaventura,6076367293
1695,"Miranda Figueroa, Lorena",70,Sincelejo,3187644194
1696,"Sandoval Herrera, Ana",34,Ibague,9376853195
1697,"Salinas Morales, Juan",72,Soacha,1163106196
1698,"Blanco Serrano, Melissa",28,Pereira,9788954197
1699,"Vergara Campos, Fabian",36,Quibdo,6032721998
1700,"Jimenez Carrillo, Lorena",35,Mocoa,8876934799
1701,"Campos Silva, Patricia",26,Puerto Carreno,1371092700
1702,"Guzmán Velasquez, Elena",60,Buenaventura,5740966101
1703,"Vargas Cabrera, Sergio",68,Sincelejo,7242820802
1704,"Romero Estrada, Diego",44,Bucaramanga,4307954003
1705,"Guzmán Mora, Manuel",51,Yopal,6677451704
1706,"Reyes Garcia, Fernando",50,Santa Marta,8708414305
1707,"Cabrera Tapia, Ricardo",38,Inirida,2015514706
1708,"Vergara Garcia, Luisa",25,Barranquilla,2209304107
1709,"Estrada Zamora, Cristina",35,Soacha,1245807108
1710,"Rodriguez Ruiz, Fernando",42,Pereira,8681592509
1711,"Torres Estrada, Raul",45,Monteria,3176300310
1712,"Blanco Ortiz, Alejandro",35,Yopal,3827071711
1713,"Mendoza Sandoval, Martha",63,Riohacha,1952564612
1714,"Reyes Gonzalez, Lorena",22,Pereira,4060308313
1715,"Figueroa Camacho, Patricia",18,Cali,6769685114
1716,"Salazar Arias, Angela",41,Neiva,2588515915
1717,"Bravo Rios, Adriana",42,Envigado,6915095016
1718,"Delgado Lopez, Ivan",37,Pasto,6369422817
1719,"Lara Alvarez, Silvia",18,Bello,2019262018
1720,"Rubio Reyes, Miguel",63,Itagui,6935619819
1721,"Bravo Delgado, Esperanza",49,Sincelejo,6665961220
1722,"Castillo Acosta, Nicolas",63,Bello,7910409821
1723,"Valdez Romero, Carlos",50,Barranquilla,5853129922
1724,"Tapia Navarro, Rodrigo",75,Soacha,8075313023
1725,"Pena Ortiz, Valentina",55,Valledupar,9757113224
1726,"Leon Cano, Claudia",55,Neiva,8315081325
1727,"Ochoa Perez, Ignacio",18,Ibague,8346317226
1728,"Ibarra Martinez, Gabriel",19,Armenia,6829149227
1729,"Tapia Vargas, Maria Jose",74,Bello,5172182028
1730,"Salinas Velasquez, Yolanda",72,Valledupar,9181700129
1731,"Perez Estrada, Ana Maria",36,Neiva,8735705130
1732,"Coronel Guerrero, Hernan",60,Barranquilla,5460986531
1733,"Peralta Romero, Ricardo",61,Quibdo,5399068932
1734,"Escobar Vásquez, Sofia",22,Buenaventura,5303341933
1735,"Contreras Martinez, Eduardo",25,Quibdo,2600832734
1736,"Alvarado Mora, Alicia",24,Cali,7283031835
1737,"Cardenas Naranjo, Diana",56,Itagui,2943000536
1738,"Soto Guerrero, Silvia",66,Riohacha,2702670037
1739,"Mora Sandoval, Gustavo",72,Inirida,3656863738
1740,"Leon Cortez, Adriana",49,Mitu,4359871539
1741,"Herrera Ochoa, Manuel",47,Soacha,4711517440
1742,"Aguilar Serrano, Tomas",23,Monteria,2865683441
1743,"Romero Becerra, Enrique",22,Florencia,9633642942
1744,"Parra Vásquez, Eduardo",51,Barrancabermeja,4453142243
1745,"Valencia Pena, Patricia",74,San Jose del Guaviare,8580961244
1746,"Lopez Becerra, Helena",38,Neiva,9528997745
1747,"Sandoval Coronel, Catalina",35,Leticia,1568202046
1748,"Sanchez Morales, Irene",33,Envigado,5944315647
1749,"Velasquez Ramos, Angela",66,Saravena,6426240248
1750,"Contreras Coronel, Angela",27,Mocoa,1579256449
1751,"Cruz Ramirez, Nora",29,Leticia,5284086550
1752,"Vásquez Coronel, Miguel",72,Leticia,8605834651
1753,"Cruz Salazar, Sofia",29,San Jose del Guaviare,5595990852
1754,"Nieto Sandoval, Rosa",41,Monteria,8223225253
1755,"Ponce Rios, Enrique",67,Florencia,2665409754
1756,"Cano Campos, Paula",24,Mocoa,4936884155
1757,"Nieto Sanchez, Manuel",26,Armenia,5280791956
1758,"Cabrera Leon, Fernando",59,Yopal,7068650957
1759,"Salinas Ramos, Rafael",65,Barrancabermeja,5429147758
1760,"Rubio Sandoval, Luisa",62,Mitu,6262496859
1761,"Muñoz Fuentes, Cesar",38,Soacha,6554085560
1762,"Suarez Osorio, Mario",68,Arauca,4140829661
1763,"Mora Meza, Miguel",28,Saravena,3641152362
1764,"Muñoz Parra, Blanca",35,Mitu,5096003763
1765,"Contreras Ponce, Victor",44,Riohacha,1956057164
1766,"Tapia Avila, Diego",58,Medellin,3734964765
1767,"Zamora Zamora, Helena",51,Soacha,2652749066
1768,"Moreno Medina, Rafael",70,Santa Marta,1879632267
1769,"Vásquez Ramos, Hector",36,Bucaramanga,2162834568
1770,"Vásquez Camacho, Andrea",26,Riohacha,5782878469
1771,"Mendez Mendez, Claudia",65,Medellin,1541490070
1772,"Suarez Bravo, Luis Miguel",43,Ibague,5692086771
1773,"Vásquez Muñoz, Ana",47,Arauca,6074754772
1774,"Osorio Romero, Carmen",66,Manizales,2403871173
1775,"Estrada Peralta, Jorge",56,Riohacha,2492230574
1776,"Valdez Acosta, Ana",44,Barrancabermeja,2320765675
1777,"Romero Palacios, Marcela",54,Ibague,1327321076
1778,"Sanchez Diaz, Alejandra",45,Arauca,3606602977
1779,"Herrera Rodriguez, Felipe",22,Cali,5654649178
1780,"Rubio Moreno, Sergio",34,Puerto Carreno,1319978079
1781,"Ramirez Aguilar, Martha",46,Puerto Carreno,7662802980
1782,"Estrada Morales, Carlos",39,Cucuta,9579534881
1783,"Miranda Flores, Jorge",58,Cartagena,5130919582
1784,"Ochoa Salazar, Luis Miguel",41,Monteria,2228018483
1785,"Arias Diaz, Sandra",23,Florencia,1094269584
1786,"Figueroa Arias, Hugo",22,Puerto Carreno,8825459885
1787,"Navarro Herrera, Sandra",79,Cali,5486177386
1788,"Aguilar Bustos, Beatriz",42,Cucuta,4876761487
1789,"Contreras Lara, Andrea",22,Pereira,2161584488
1790,"Vergara Cruz, Camila",44,Florencia,3000903189
1791,"Miranda Alvarado, Natalia",62,Puerto Carreno,8196601590
1792,"Arias Jimenez, Lorena",58,Santa Marta,3906275191
1793,"Nieto Espinoza, Diego",20,San Jose del Guaviare,5493210692
1794,"Guzmán Ramirez, Miguel",52,Bogota,9997686293
1795,"Vergara Contreras, Rocio",78,Soledad,2873119394
1796,"Trujillo Alvarez, Hugo",33,Tunja,7985854795
1797,"Acosta Ponce, Camila",65,Bucaramanga,8777932296
1798,"Navarro Campos, Marcela",19,Villavicencio,5401452597
1799,"Ramos Ibarra, Ignacio",71,Neiva,5315060598
1800,"Valdez Herrera, Nora",50,Envigado,3225354699
1801,"Campos Montes, Rosa",47,Inirida,5764102200
1802,"Avila Figueroa, Hernan",49,Bucaramanga,4896854601
1803,"Cardenas Muñoz, Victor",26,Ibague,9420094202
1804,"Mora Valdez, Ivan",77,Valledupar,5175670503
1805,"Naranjo Alvarez, Ana Maria",51,Tunja,1291513104
1806,"Vergara Blanco, Fernando",19,Villavicencio,3700513405
1807,"Castillo Rubio, Pablo",54,Florencia,5117642906
1808,"Vásquez Bustos, Angela",69,Florencia,3011221707
1809,"Acosta Alvarez, Esperanza",64,Popayan,5577330608
1810,"Maldonado Blanco, Daniela",44,Tunja,7040245709
1811,"Peralta Lopez, Alfredo",44,Cucuta,9828226210
1812,"Arias Gonzalez, Jorge",79,Florencia,7311741911
1813,"Muñoz Garcia, Paula",73,Santa Marta,8116849012
1814,"Ochoa Naranjo, Isabella",53,Tunja,7220107313
1815,"Silva Núñez, Paola",29,Soledad,1139279714
1816,"Jimenez Ibarra, Blanca",37,Tunja,9040704515
1817,"Padilla Soto, Sebastian",61,Mocoa,4185970216
1818,"Miranda Mora, Patricia",55,Yopal,2717638317
1819,"Vega Vásquez, Arturo",41,Mocoa,4816158718
1820,"Fuentes Escobar, Patricia",48,Cartagena,7209699219
1821,"Salazar Jimenez, Maria",62,Ibague,5290414220
1822,"Carrillo Morales, Pablo",70,Popayan,1147556221
1823,"Morales Osorio, Adriana",32,Arauca,8408334422
1824,"Vásquez Contreras, Hugo",49,Riohacha,9202386223
1825,"Villanueva Castillo, Diego",21,Soledad,1419344324
1826,"Núñez Miranda, Paula",26,Bello,5154346525
1827,"Valdez Pena, Laura",63,San Jose del Guaviare,4833574526
1828,"Ibarra Mendoza, Ricardo",71,Palmira,1089158827
1829,"Garcia Torres, Roberto",47,Manizales,3439968528
1830,"Delgado Molina, Luisa",80,Manizales,4029874629
1831,"Sandoval Gallego, Andres Felipe",76,Puerto Carreno,7029664830
1832,"Rojas Contreras, Victor",30,Quibdo,2811591731
1833,"Cortez Romero, Melissa",77,Monteria,4742364032
1834,"Fuentes Reyes, Natalia",33,Palmira,9275583333
1835,"Contreras Gutierrez, Andres Felipe",43,Pasto,3416926334
1836,"Vega Molina, Beatriz",56,Puerto Carreno,3852781735
1837,"Delgado Contreras, Francisco",33,Palmira,7650792736
1838,"Meza Fuentes, Nicolas",22,Riohacha,4140262737
1839,"Alvarez Pena, Carlos",63,Bucaramanga,7613637938
1840,"Delgado Sandoval, Francisco",39,Sincelejo,2784739339
1841,"Campos Sanchez, Ana Maria",42,Ibague,4918930440
1842,"Coronel Villanueva, Beatriz",78,Villavicencio,8036615341
1843,"Carrillo Bravo, Arturo",46,Bucaramanga,6563938242
1844,"Alvarado Morales, Manuel",51,Floridablanca,8303132443
1845,"Morales Mora, Oscar",42,Itagui,8612308144
1846,"Vásquez Vargas, Miguel",28,Sincelejo,8161661745
1847,"Velasquez Vásquez, Mauricio",40,Envigado,9386118946
1848,"Mendoza Aguilar, Ana Maria",72,Tunja,6081546047
1849,"Lara Vargas, Elena",76,Cali,6955620348
1850,"Miranda Bustos, Sandra",33,Barranquilla,4098710449
1851,"Cano Perez, Catalina",62,Floridablanca,3137107950
1852,"Bustos Vergara, Alejandro",71,Medellin,7642650051
1853,"Palacios Maldonado, Rafael",58,Santa Marta,3397585652
1854,"Moreno Bustos, Laura",38,Santa Marta,4005622753
1855,"Lopez Cardenas, Hector",34,Envigado,9655174954
1856,"Ortiz Meza, Monica",40,Riohacha,8642571955
1857,"Becerra Parra, Gabriel",42,Riohacha,5916510156
1858,"Velasquez Camacho, Carmen",50,Cartagena,9163377357
1859,"Martinez Flores, Rocio",33,Mocoa,3639081258
1860,"Camacho Diaz, Raul",50,Quibdo,1365371659
1861,"Navarro Ortiz, Carlos",26,Riohacha,8047980160
1862,"Miranda Sanchez, Fernando",43,Valledupar,2779836761
1863,"Ibarra Navarro, Alejandra",45,Neiva,4310688762
1864,"Alvarez Naranjo, Pablo",21,Pasto,8503618463
1865,"Ponce Figueroa, Hugo",65,Cali,7779457564
1866,"Muñoz Lopez, Elena",24,Soledad,4954305565
1867,"Garcia Herrera, Patricia",35,Puerto Carreno,5912075966
1868,"Mendez Ortiz, Mauricio",47,Palmira,3388797867
1869,"Serrano Ponce, Hugo",56,Buenaventura,1838049468
1870,"Alvarez Moreno, Alejandra",58,Cali,3163602669
1871,"Zamora Guerrero, Elena",44,Armenia,7979669470
1872,"Vergara Dominguez, Pilar",67,Buenaventura,8754855671
1873,"Rivera Ramirez, Catalina",76,Cucuta,4982541572
1874,"Aguilar Valencia, Antonio",23,San Jose del Guaviare,8328164273
1875,"Carrillo Barrera, Alejandro",63,Barranquilla,4412621774
1876,"Cabrera Padilla, Ignacio",45,Popayan,5353903775
1877,"Suarez Rojas, Fernando",50,Popayan,1560846576
1878,"Espinoza Alvarez, Pablo",31,Envigado,2927709577
1879,"Lara Martinez, Alfredo",23,Mocoa,3138076578
1880,"Cano Becerra, Ana Maria",77,Cucuta,5768723479
1881,"Cabrera Ochoa, Hugo",53,Cartagena,2379668380
1882,"Mora Ramos, Juan Pablo",71,Bello,8035264981
1883,"Ochoa Aguilar, Laura",75,Manizales,6430278982
1884,"Salinas Perez, Pedro",66,Tunja,4674418983
1885,"Fuente Soto, Tomas",75,Mitu,9486064384
1886,"Rivera Delgado, Sebastian",76,Saravena,7827946185
1887,"Cano Mendez, Juan",31,Monteria,3454240486
1888,"Contreras Bustos, Felipe",76,Soledad,4850002587
1889,"Alvarez Soto, Carlos",50,Neiva,6378947288
1890,"Vargas Rodriguez, Alejandro",32,Mitu,5152399689
1891,"Rios Leon, Enrique",27,Santa Marta,6961946090
1892,"Romero Muñoz, Manuel",71,Puerto Carreno,7076793991
1893,"Rios Bustos, Gabriel",78,Barrancabermeja,7032154792
1894,"Perez Fuentes, Juan",59,Armenia,8564549493
1895,"Cabrera Valdez, Catalina",73,Palmira,8778580694
1896,"Salinas Ibarra, Ramon",71,Envigado,2862448695
1897,"Alvarado Gonzalez, Teresa",43,Villavicencio,2303681896
1898,"Escobar Morales, Juan",55,Soacha,7201359897
1899,"Bustos Trujillo, Silvia",43,Medellin,9616229898
1900,"Núñez Gutierrez, Gloria",68,Bello,4932725599
1901,"Gomez Torres, Daniela",37,San Jose del Guaviare,2609078300
1902,"Alvarado Flores, Melissa",67,Sincelejo,1355030701
1903,"Bustos Montes, Monica",34,Soledad,3053607102
1904,"Delgado Campos, Beatriz",52,Manizales,3710307403
1905,"Leon Silva, Maria",35,Saravena,5183042804
1906,"Núñez Valdez, Paula",68,Floridablanca,4428131005
1907,"Perez Contreras, Camila",79,Arauca,1046995706
1908,"Ochoa Suarez, Cristina",53,Armenia,2339534507
1909,"Vergara Salazar, Antonio",29,Puerto Carreno,4324179708
1910,"Rodriguez Coronel, Sandra",53,Cucuta,1335882709
1911,"Figueroa Bustos, Mariana",56,Puerto Carreno,4032661210
1912,"Tapia Maldonado, Marcela",70,Barranquilla,2298370911
1913,"Velasquez Alvarez, Luis",52,Leticia,7165283912
1914,"Aguilar Leon, Beatriz",40,San Jose del Guaviare,4809319113
1915,"Bustos Fuentes, Angela",35,Palmira,3287380614
1916,"Castillo Avila, Paula",40,Inirida,9967470415
1917,"Garcia Perez, Tomas",39,Inirida,7648424216
1918,"Cardenas Salazar, Carmen",68,Villavicencio,7423182917
1919,"Gomez Figueroa, Andres",28,Armenia,6201519318
1920,"Romero Padilla, Catalina",51,Soacha,6669291419
1921,"Rojas Velasquez, Luisa",36,Inirida,1293918820
1922,"Gonzalez Trujillo, Susana",74,Cartagena,6540352221
1923,"Silva Alvarez, Yolanda",63,Mitu,8505647722
1924,"Avila Rojas, Andres",28,Barranquilla,1271916823
1925,"Zamora Jimenez, Melissa",65,Mitu,6943768424
1926,"Cortez Cano, Pedro",47,Armenia,6719670425
1927,"Villanueva Acosta, Marcela",70,Barrancabermeja,4047538126
1928,"Ramos Vega, Mariana",28,Barranquilla,7463609027
1929,"Montes Mora, Alejandro",18,Florencia,7304391928
1930,"Medina Vargas, Mauricio",49,Barrancabermeja,1329863129
1931,"Diaz Morales, Javier",19,Envigado,7185846230
1932,"Cruz Suarez, David",39,Floridablanca,5377891731
1933,"Montes Delgado, Rafael",67,Monteria,8059195632
1934,"Moreno Zamora, Luisa",35,Santa Marta,3582087833
1935,"Rodriguez Ramirez, Alfredo",35,Ibague,9101326434
1936,"Vásquez Rios, Blanca",52,Quibdo,8252384335
1937,"Diaz Cabrera, Maria",35,Riohacha,7376746536
1938,"Soto Gallego, Monica",46,Bello,1663182137
1939,"Reyes Sanchez, Lina",51,San Jose del Guaviare,3762850538
1940,"Barrera Naranjo, Francisco",59,Bogota,3576984939
1941,"Reyes Leon, Elena",37,Bucaramanga,8839307340
1942,"Zamora Dominguez, Pedro",39,Buenaventura,7736536241
1943,"Lara Gomez, Maria Jose",62,Soledad,3941511742
1944,"Valdez Martinez, Oscar",53,San Jose del Guaviare,9437570143
1945,"Dominguez Zamora, Arturo",55,Saravena,5926510044
1946,"Contreras Vargas, Maria Jose",78,Soledad,8450899745
1947,"Delgado Rivera, Cristina",62,San Jose del Guaviare,5843795246
1948,"Castillo Gomez, Rodrigo",22,Yopal,8542285047
1949,"Cano Vargas, Ana",35,Itagui,4372886748
1950,"Valencia Zamora, Cesar",40,Bello,5950832349
1951,"Fuentes Coronel, Ana Maria",21,Valledupar,8259018550
1952,"Garcia Aguilar, Rosa",41,Bogota,4098308951
1953,"Mendez Barrera, Felipe",34,Barranquilla,8548188952
1954,"Suarez Salazar, Mauricio",67,Mitu,1375084553
1955,"Cano Acosta, Manuel",71,Mitu,5755839554
1956,"Fuente Bustos, Maria Clara",70,Cali,9681640455
1957,"Soto Sanchez, Nora",44,San Jose del Guaviare,1750174756
1958,"Velasquez Núñez, Susana",36,Soacha,1097155657
1959,"Serrano Ortiz, Roberto",19,Puerto Carreno,8657622158
1960,"Vásquez Ochoa, Ricardo",74,Barrancabermeja,7492951759
1961,"Suarez Ortiz, Eduardo",57,Envigado,7342287460
1962,"Trujillo Lara, Silvia",23,Barranquilla,1228561761
1963,"Guzmán Lopez, Alejandra",63,Arauca,9666458662
1964,"Lugo Ruiz, Luis Miguel",38,Arauca,6162610063
1965,"Naranjo Medina, Miguel",41,Bucaramanga,4854293264
1966,"Bustos Lara, Melissa",18,Villavicencio,9153671265
1967,"Herrera Diaz, Sebastian",40,Santa Marta,7575953266
1968,"Leon Avila, Cristina",52,Valledupar,6764390367
1969,"Mendez Arias, Paola",61,Pasto,1128685568
1970,"Valdez Valencia, Ivan",69,Yopal,4710723069
1971,"Castillo Mendez, Maria Jose",76,Tunja,1931063770
1972,"Cortez Valdez, Felipe",48,Valledupar,9132550171
1973,"Silva Vega, Diego",43,Mocoa,2520463272
1974,"Ochoa Maldonado, Adriana",32,Envigado,8622519273
1975,"Flores Martinez, Francisco",60,Mocoa,6403790174
1976,"Alvarez Dominguez, Helena",26,Ibague,6458478475
1977,"Leon Espinoza, Carmen",70,Puerto Carreno,2469138076
1978,"Palacios Torres, Cesar",37,Arauca,8651366077
1979,"Barrera Bustos, Francisco",57,Soacha,9113951078
1980,"Padilla Lugo, Cristina",32,Armenia,7035745679
1981,"Naranjo Romero, Tomas",60,Bogota,8629618180
1982,"Gonzalez Trujillo, Irene",78,Mocoa,8885980781
1983,"Alvarez Vargas, Ramon",80,Buenaventura,4214276282
1984,"Martinez Salazar, Victor",18,Cartagena,3243541383
1985,"Ramos Navarro, Ernesto",51,Valledupar,3025233684
1986,"Montes Muñoz, Luis",21,Tunja,6355577385
1987,"Muñoz Coronel, Mauricio",54,Pasto,3630183286
1988,"Sandoval Perez, Cristina",49,Santa Marta,9941829687
1989,"Padilla Torres, Gabriel",56,Bucaramanga,4988361788
1990,"Bravo Gomez, Raul",78,Bucaramanga,7723402289
1991,"Ortiz Vásquez, Sandra",27,Soledad,3622108990
1992,"Cabrera Ramos, Javier",53,Saravena,3952206491
1993,"Campos Perez, Irene",69,Neiva,8227414692
1994,"Bustos Gutierrez, Roberto",45,San Jose del Guaviare,2307934193
1995,"Rojas Trujillo, Valentina",34,Pasto,1793670294
1996,"Campos Bravo, Oscar",42,Pereira,7336420695
1997,"Arias Silva, Gloria",46,Barranquilla,1458732596
1998,"Trujillo Cardenas, Eduardo",78,San Jose del Guaviare,1998204097
1999,"Gomez Blanco, Martha",73,Soledad,3328713998
2000,"Becerra Gonzalez, Alejandra",44,Riohacha,2487073499
2001,"Valdez Estrada, Juan Pablo",33,Tunja,6670827800
2002,"Espinoza Cardenas, Esteban",22,Medellin,4101312401
2003,"Medina Reyes, Sebastian",72,Bucaramanga,6717992502
2004,"Miranda Gallego, Carmen",42,Mocoa,9547004503
2005,"Herrera Arias, Ana Maria",43,Neiva,2512996304
2006,"Padilla Figueroa, Rafael",69,Mocoa,2022876905
2007,"Cardenas Soto, Maria Jose",28,Leticia,7890942906
2008,"Sandoval Gutierrez, Diana",68,Santa Marta,9655817207
2009,"Núñez Leon, Pablo",31,Ibague,2001880608
2010,"Valdez Garcia, Mariana",35,Florencia,5518038109
2011,"Herrera Guzmán, Hugo",76,Arauca,6394401610
2012,"Camacho Mendez, Lina",58,Leticia,5616580111
2013,"Coronel Suarez, Irene",34,Quibdo,1923888012
2014,"Lugo Cabrera, Alicia",42,Cucuta,8134651213
2015,"Becerra Ramirez, Silvia",43,San Jose del Guaviare,5874355114
2016,"Gutierrez Tapia, Gloria",34,Manizales,8285439815
2017,"Camacho Reyes, Mario",52,Valledupar,1293583716
2018,"Lugo Becerra, Maria Clara",19,Bogota,3657557717
2019,"Velasquez Rodriguez, Ana Maria",47,Arauca,4406393518
2020,"Becerra Sandoval, Luis Miguel",73,Inirida,7215824119
2021,"Salinas Figueroa, Tomas",23,Florencia,1375553720
2022,"Ortiz Valencia, Gustavo",19,Popayan,3655806521
2023,"Meza Delgado, Alfredo",41,Palmira,6153484622
2024,"Padilla Gomez, Felipe",78,Pereira,8654041023
2025,"Romero Arias, Gustavo",63,Monteria,3274472924
2026,"Escobar Salazar, Silvia",42,Barrancabermeja,5262732125
2027,"Rubio Estrada, Angela",19,Palmira,7573615826
2028,"Cruz Serrano, Gloria",73,Riohacha,4307853827
2029,"Espinoza Castillo, Pedro",68,Popayan,8447339128
2030,"Rubio Leon, Hernan",55,Buenaventura,9643494129
2031,"Fuente Mora, Hugo",72,Soacha,8503699930
2032,"Herrera Guerrero, Susana",60,Quibdo,6424040531
2033,"Morales Lopez, Carmen",71,Bello,4252988832
2034,"Ruiz Montes, Irene",39,Soacha,1280847133
2035,"Ruiz Zamora, Luis",74,Tunja,1045713834
2036,"Carrillo Osorio, Sofia",21,Saravena,4277543335
2037,"Aguilar Estrada, David",64,Floridablanca,7546306036
2038,"Salazar Mora, Susana",23,Manizales,1413601937
2039,"Peralta Padilla, Blanca",57,Itagui,8739196138
2040,"Dominguez Becerra, Helena",79,Bogota,4665008139
2041,"Cortez Jimenez, Hernan",79,Sincelejo,6077568840
2042,"Montes Morales, Hector",67,Pereira,1544163741
2043,"Parra Perez, Ricardo",66,Yopal,5776555542
2044,"Mora Romero, Andrea",60,Pereira,1322723843
2045,"Leon Lopez, Marcela",25,Bucaramanga,4481939544
2046,"Ramos Gonzalez, Ricardo",48,Bello,3038486745
2047,"Rojas Martinez, Enrique",22,Palmira,3116325646
2048,"Carrillo Vargas, Nicolas",61,Soledad,2875452047
2049,"Ochoa Velasquez, Hugo",63,Pereira,2616886748
2050,"Suarez Arias, Rocio",39,Riohacha,3780898149
2051,"Cano Bustos, Eduardo",26,San Jose del Guaviare,7482535750
2052,"Rios Blanco, Luisa",52,Floridablanca,9026204151
2053,"Salazar Osorio, Esteban",41,Monteria,9022179252
2054,"Alvarado Herrera, Pedro",39,Barranquilla,9820285853
2055,"Gonzalez Rios, Tomas",47,Cartagena,8047611654
2056,"Cruz Naranjo, Rocio",23,Floridablanca,2416039755
2057,"Blanco Ochoa, Julio",53,Pasto,1146543356
2058,"Cano Trujillo, Paula",35,Sincelejo,9059700457
2059,"Rivera Moreno, Nicolas",22,Saravena,7331209558
2060,"Valencia Montes, Silvia",37,Barrancabermeja,4821769259
2061,"Suarez Cardenas, Fabian",67,Bucaramanga,4768708660
2062,"Muñoz Dominguez, Gabriel",42,Bello,4693326661
2063,"Barrera Maldonado, Maria Jose",79,Saravena,8531052762
2064,"Muñoz Fuentes, Natalia",63,Inirida,9915508963
2065,"Bustos Rubio, Alfredo",78,Yopal,8566272464
2066,"Diaz Blanco, Nicolas",67,Barranquilla,1573529565
2067,"Guerrero Torres, Rosa",45,Sincelejo,7574550066
2068,"Padilla Palacios, Laura",29,Buenaventura,7995957567
2069,"Camacho Núñez, Sofia",28,Soacha,1065188068
2070,"Campos Ochoa, Camila",44,San Jose del Guaviare,4409792669
2071,"Cano Acosta, Juan",38,Florencia,1545167770
2072,"Leon Osorio, Cesar",27,Quibdo,5512606071
2073,"Bravo Guerrero, Alejandro",69,Barrancabermeja,9379044572
2074,"Aguilar Rivera, Pedro",24,Medellin,8457112373
2075,"Carrillo Ortiz, Laura",21,Yopal,4557299574
2076,"Salazar Rubio, Blanca",31,Valledupar,2675267075
2077,"Vargas Carrillo, Luis Miguel",58,Barranquilla,5681277876
2078,"Gallego Perez, Claudia",28,Florencia,6580133877
2079,"Romero Peralta, Melissa",40,Bello,6596163778
2080,"Avila Delgado, Rafael",53,Popayan,2851808579
2081,"Montes Aguilar, Ana",54,Medellin,1569205080
2082,"Miranda Zamora, Pablo",29,Armenia,2026734381
2083,"Becerra Meza, Felipe",80,Bello,2487357282
2084,"Miranda Camacho, Arturo",59,Pasto,8703112483
2085,"Gonzalez Fuentes, Paola",59,Palmira,5666509984
2086,"Guzmán Gutierrez, Felipe",18,Yopal,3769781585
2087,"Gomez Valdez, Roberto",76,Itagui,7418063086
2088,"Torres Rodriguez, Rafael",75,Arauca,9031564787
2089,"Vargas Salazar, Hector",38,Yopal,5816726388
2090,"Becerra Peralta, Natalia",65,Neiva,9347943989
2091,"Maldonado Soto, Luis",66,Inirida,2045831890
2092,"Tapia Navarro, Maria Clara",39,Mocoa,6896487491
2093,"Vargas Rojas, Luisa",44,Villavicencio,4592972992
2094,"Dominguez Alvarez, Enrique",39,Arauca,6350372193
2095,"Gutierrez Mendoza, Rafael",19,Riohacha,3999573494
2096,"Nieto Rivera, Cristina",29,Pasto,1307772795
2097,"Becerra Ramirez, Mauricio",20,Itagui,5034126496
2098,"Vergara Figueroa, Juliana",25,Quibdo,6970327697
2099,"Rios Morales, Hector",41,Santa Marta,7417623598
2100,"Sanchez Leon, Fernando",40,Floridablanca,6924583399
2101,"Mendez Ochoa, Antonio",30,Cali,6929897200
2102,"Herrera Bustos, Raul",22,Palmira,6011119501
2103,"Zamora Vargas, Catalina",73,Pasto,1008084802
2104,"Contreras Muñoz, Sebastian",61,Puerto Carreno,5144575703
2105,"Castillo Morales, Carlos",57,Envigado,7339067604
2106,"Dominguez Leon, Roberto",47,Armenia,5055553105
2107,"Vega Salinas, Fernando",41,Soacha,7784524406
2108,"Núñez Lugo, Cristina",66,Barrancabermeja,3411782507
2109,"Perez Ruiz, Paola",42,Puerto Carreno,7293037908
2110,"Cortez Dominguez, Miguel",55,Saravena,2830622509
2111,"Villanueva Meza, Catalina",41,Envigado,5370592910
2112,"Núñez Moreno, Javier",59,Monteria,3307823711
2113,"Cardenas Camacho, Elena",71,Itagui,3559858612
2114,"Rodriguez Cardenas, Diego",25,Sincelejo,3309308113
2115,"Barrera Figueroa, Ernesto",62,Sincelejo,5723791614
2116,"Torres Guzmán, Jorge",39,Ibague,1273951215
2117,"Rivera Molina, Claudia",70,Neiva,9737023916
2118,"Garcia Vargas, Ana",77,Buenaventura,2262262517
2119,"Parra Tapia, Daniela",55,Florencia,3994262118
2120,"Lugo Leon, Ernesto",43,Yopal,1639936119
2121,"Contreras Salinas, Maria Clara",36,Buenaventura,8613035920
2122,"Meza Vásquez, Pilar",20,Florencia,2889670221
2123,"Leon Vargas, Esteban",54,Barrancabermeja,6717945522
2124,"Blanco Campos, Elena",70,Envigado,7191650623
2125,"Martinez Naranjo, Carmen",54,Quibdo,4168714024
2126,"Alvarez Bustos, Paola",31,Palmira,4326511825
2127,"Pena Escobar, Ricardo",61,San Jose del Guaviare,6223205526
2128,"Maldonado Serrano, Lorena",73,Bucaramanga,8724534027
2129,"Dominguez Ramirez, Daniela",62,Envigado,1810381528
2130,"Zamora Bravo, Helena",80,Saravena,4971752629
2131,"Suarez Mendoza, Juan",80,Floridablanca,4900476430
2132,"Maldonado Cabrera, Mario",77,Bucaramanga,6195116331
2133,"Pena Herrera, Antonio",25,Soacha,5982519032
2134,"Diaz Diaz, Andrea",33,Monteria,1646907933
2135,"Molina Camacho, Claudia",31,Bogota,9829434234
2136,"Becerra Escobar, Martha",52,Puerto Carreno,4703200435
2137,"Peralta Sanchez, David",75,Mocoa,9363336136
2138,"Guzmán Ramos, Sofia",71,Sincelejo,6439314937
2139,"Valencia Medina, Gloria",22,Riohacha,1339529438
2140,"Pena Bustos, Luisa",25,Armenia,9075326539
2141,"Cano Cano, Claudia",39,Santa Marta,5938302340
2142,"Coronel Cano, Hernan",67,Mocoa,1929940941
2143,"Silva Ortiz, Sandra",22,Medellin,8179040642
2144,"Gallego Naranjo, Maria Jose",43,Popayan,3204228943
2145,"Medina Figueroa, Luisa",27,Villavicencio,6094497044
2146,"Alvarado Herrera, Antonio",45,Puerto Carreno,3942310945
2147,"Bravo Fuentes, Valentina",18,Pereira,5077933746
2148,"Ruiz Peralta, Roberto",80,Medellin,3242070147
2149,"Medina Vergara, Pilar",20,Popayan,4839964348
2150,"Arias Trujillo, Adriana",23,Manizales,3853116349
2151,"Molina Valencia, Alicia",75,Soacha,9573231550
2152,"Rojas Salazar, Blanca",67,Pasto,4636927351
2153,"Bustos Espinoza, Isabella",55,Mocoa,6145797252
2154,"Lara Campos, Andres Felipe",64,Puerto Carreno,9975875253
2155,"Fuente Rios, Esteban",31,Bucaramanga,6251852354
2156,"Estrada Cabrera, Carmen",34,Arauca,6254585255
2157,"Becerra Jimenez, Cristina",33,Armenia,2863334956
2158,"Lopez Barrera, Rafael",50,Barrancabermeja,1822467257
2159,"Vargas Peralta, Luis Miguel",79,Inirida,8154044858
2160,"Medina Cabrera, Antonio",55,Pereira,9117876359
2161,"Guerrero Gallego, Pedro",64,Barranquilla,5519742960
2162,"Leon Castillo, Juliana",58,San Jose del Guaviare,5737271961
2163,"Gutierrez Guerrero, Sofia",77,Envigado,9822460262
2164,"Fuente Acosta, Lorena",62,Sincelejo,8353422063
2165,"Espinoza Camacho, Luisa",18,Leticia,8749855964
2166,"Avila Molina, Fernando",35,Bucaramanga,1844016865
2167,"Cano Diaz, Ignacio",29,Valledupar,1822673166
2168,"Maldonado Rios, Irene",30,Itagui,7573699867
2169,"Acosta Suarez, Diego",38,Soacha,6158012368
2170,"Rios Núñez, Claudia",59,Tunja,6066349769
2171,"Rojas Serrano, Andrea",66,Cali,2161816870
2172,"Gallego Navarro, Rodrigo",69,Mocoa,7276279971
2173,"Figueroa Valencia, Mariana",49,Mocoa,7956859672
2174,"Alvarado Guzmán, Luis Miguel",66,Mocoa,9927330773
2175,"Medina Cortez, Ernesto",65,Barranquilla,2025879274
2176,"Avila Vega, Ricardo",35,Floridablanca,1338313875
2177,"Parra Becerra, Lina",30,Inirida,4953150176
2178,"Gutierrez Gallego, Pablo",61,Floridablanca,1290725977
2179,"Salinas Gonzalez, Daniela",20,Bello,2939205278
2180,"Cortez Osorio, Gloria",74,Quibdo,1289464679
2181,"Acosta Naranjo, Carlos",70,Cucuta,2809293080
2182,"Bravo Ochoa, Luis Miguel",36,Ibague,4568959581
2183,"Rubio Cardenas, Laura",33,Soledad,3398778482
2184,"Mora Meza, Andres",42,Sincelejo,6946779983
2185,"Rodriguez Figueroa, Laura",47,Bogota,5772258184
2186,"Rojas Ortiz, Manuel",79,Tunja,2055528285
2187,"Trujillo Campos, Beatriz",57,Pasto,9658150586
2188,"Mendez Coronel, Claudia",20,Buenaventura,1674703087
2189,"Navarro Aguilar, Mauricio",66,Cucuta,1514597988
2190,"Bustos Diaz, Ivan",33,Cartagena,4100183589
2191,"Vergara Contreras, Sandra",79,Valledupar,3875224190
2192,"Peralta Ramos, Luis Miguel",63,Monteria,1347413091
2193,"Valencia Navarro, Juliana",74,Valledupar,6985857692
2194,"Torres Garcia, Yolanda",49,Cartagena,2532054693
2195,"Rivera Ruiz, Esperanza",38,Soledad,8450346594
2196,"Avila Mora, Beatriz",19,Sincelejo,9392658395
2197,"Cruz Maldonado, Sergio",24,Barrancabermeja,1962424296
2198,"Becerra Fuente, Catalina",54,Villavicencio,3061147297
2199,"Cardenas Acosta, Mariana",60,Santa Marta,6304865298
2200,"Guerrero Escobar, Adriana",65,Itagui,9765438699
2201,"Carrillo Vega, Rodrigo",53,San Jose del Guaviare,3508772200
2202,"Villanueva Garcia, Camila",27,Cartagena,1162049401
2203,"Bravo Fuente, Natalia",25,Monteria,6354481402
2204,"Perez Guzmán, Ernesto",52,Arauca,9794278503
2205,"Garcia Ramos, Rodrigo",59,Floridablanca,7458392804
2206,"Dominguez Mendoza, Raul",49,Soledad,9172565105
2207,"Alvarado Escobar, Paola",52,Arauca,2937628806
2208,"Blanco Maldonado, Nora",39,Monteria,9039876507
2209,"Escobar Gutierrez, Andres",40,Bucaramanga,6860391008
2210,"Ibarra Lopez, Rocio",50,Popayan,1588393709
2211,"Velasquez Salazar, Tomas",73,Buenaventura,4629708610
2212,"Sanchez Moreno, Rodrigo",36,Cucuta,8248013211
2213,"Palacios Rios, Blanca",69,Saravena,3163546112
2214,"Aguilar Cano, Manuel",21,Popayan,8159126213
2215,"Tapia Lara, Rosa",44,Mitu,7574403714
2216,"Dominguez Acosta, Mario",62,Valledupar,8859695115
2217,"Ramirez Ortiz, Blanca",50,Sincelejo,5829588316
2218,"Castillo Coronel, Fabian",77,Inirida,2139368417
2219,"Valdez Suarez, Yolanda",37,Inirida,3766023718
2220,"Medina Rivera, Alfredo",65,Cali,8735320919
2221,"Trujillo Escobar, Sandra",51,Bello,1222225020
2222,"Villanueva Leon, Maria Clara",27,Neiva,6265201621
2223,"Becerra Serrano, Alfredo",67,Buenaventura,3701652722
2224,"Mora Alvarado, Pablo",53,Quibdo,6814051123
2225,"Vásquez Fuentes, Luis",33,Santa Marta,9788268524
2226,"Trujillo Rojas, Juliana",52,Riohacha,4222315325
2227,"Alvarado Osorio, Martha",68,Soacha,8547834026
2228,"Silva Núñez, Luisa",35,Tunja,6199648427
2229,"Rojas Garcia, Andres Felipe",46,Villavicencio,5352799928
2230,"Rios Garcia, Juliana",42,Riohacha,5173918029
2231,"Zamora Jimenez, Javier",64,Inirida,1677503430
2232,"Miranda Gonzalez, Alejandra",56,Soledad,8224782231
2233,"Avila Navarro, Lina",57,Soacha,7040615332
2234,"Ibarra Lara, Luis",78,Santa Marta,3933122033
2235,"Salazar Nieto, Mario",70,Pasto,5977974934
2236,"Navarro Camacho, Gabriel",37,Medellin,6604594835
2237,"Dominguez Lara, Nora",27,Pereira,4810968536
2238,"Gallego Barrera, Lina",37,Palmira,5659730937
2239,"Maldonado Dominguez, Arturo",21,Manizales,3039264538
2240,"Dominguez Barrera, Raul",80,Palmira,4012421739
2241,"Soto Lopez, Pilar",80,Monteria,9759709040
2242,"Torres Osorio, Martha",25,Santa Marta,3234836041
2243,"Coronel Molina, Arturo",69,Saravena,5979734442
2244,"Morales Campos, Yolanda",36,Soledad,5389543443
2245,"Reyes Rivera, Alicia",57,Puerto Carreno,2858834244
2246,"Soto Campos, Carlos",52,Neiva,3923008845
2247,"Cano Vargas, Nora",79,Manizales,4329650146
2248,"Miranda Ortiz, Tomas",38,Puerto Carreno,8411289547
2249,"Coronel Vergara, Ricardo",44,Soledad,3742608248
2250,"Guzmán Vega, Adriana",46,Monteria,2819153949
2251,"Romero Ruiz, Martha",38,Sincelejo,2271091450
2252,"Rivera Ortiz, Esperanza",36,Inirida,1674479851
2253,"Carrillo Gomez, Felipe",57,Ibague,6835304452
2254,"Estrada Becerra, Silvia",71,Cali,6809966853
2255,"Gonzalez Becerra, Monica",27,Pereira,9276252454
2256,"Camacho Figueroa, Nicolas",36,Bogota,3442244055
2257,"Campos Perez, Nicolas",52,Bello,1762650656
2258,"Dominguez Rios, Angela",28,Pasto,4139315657
2259,"Villanueva Moreno, Helena",54,Pasto,1943999658
2260,"Guzmán Barrera, Felipe",79,Cartagena,2270249159
2261,"Suarez Espinoza, Javier",19,Ibague,2421287560
2262,"Cortez Bustos, Hector",34,Quibdo,7299600961
2263,"Carrillo Guzmán, Blanca",48,Floridablanca,8287836862
2264,"Ochoa Suarez, Javier",47,Manizales,8987623363
2265,"Mendoza Mora, Esperanza",49,Sincelejo,6515504164
2266,"Lugo Ponce, Paula",66,San Jose del Guaviare,3018220465
2267,"Dominguez Zamora, Catalina",53,Sincelejo,4571650466
2268,"Figueroa Osorio, Roberto",48,Saravena,9202336667
2269,"Ibarra Castillo, Mauricio",63,Monteria,4674364368
2270,"Mendoza Sanchez, Diego",73,Mitu,7523255669
2271,"Blanco Villanueva, Sergio",71,Florencia,5407091270
2272,"Cabrera Valdez, Julio",77,Mitu,4479484571
2273,"Herrera Velasquez, Ernesto",33,San Jose del Guaviare,6136993372
2274,"Lopez Muñoz, Hugo",59,Manizales,5926065673
2275,"Trujillo Sandoval, Jorge",20,Mitu,5193676574
2276,"Ramos Rodriguez, Lina",63,Pereira,6226809175
2277,"Flores Dominguez, Andres Felipe",37,Florencia,5718124076
2278,"Delgado Vargas, Alfredo",55,Inirida,4749417477
2279,"Jimenez Jimenez, Marcela",20,Cali,7175309278
2280,"Diaz Campos, Monica",78,Soacha,1465432979
2281,"Garcia Fuentes, Lorena",25,Cali,2309678380
2282,"Acosta Cruz, Patricia",33,Floridablanca,6226555581
2283,"Herrera Lugo, Julio",24,Riohacha,8085946282
2284,"Reyes Villanueva, Juliana",77,Leticia,2190179283
2285,"Gallego Guzmán, Yolanda",42,Bello,8944243184
2286,"Jimenez Zamora, Sandra",36,Barrancabermeja,6237840385
2287,"Martinez Vergara, Luis",57,Sincelejo,2924341986
2288,"Lopez Cano, Sandra",58,Buenaventura,6285106987
2289,"Mendez Silva, Isabella",57,Leticia,2185954988
2290,"Silva Carrillo, Hector",31,Pereira,4666316289
2291,"Núñez Espinoza, Ana",40,Ibague,1343839190
2292,"Salazar Pena, Francisco",24,Cali,9795837891
2293,"Nieto Ibarra, Elena",23,Valledupar,1533477692
2294,"Coronel Velasquez, Juan Pablo",52,Barrancabermeja,7426227893
2295,"Ortiz Padilla, Ivan",24,Bello,3783634694
2296,"Gonzalez Moreno, Fernando",25,Florencia,9871745195
2297,"Castillo Martinez, Maria",54,Envigado,8160349596
2298,"Molina Campos, Eduardo",21,Pereira,7920688497
2299,"Cruz Flores, Teresa",75,Florencia,2752590298
2300,"Carrillo Perez, Sandra",40,Bello,9970639999
2301,"Lugo Leon, Rocio",21,Santa Marta,1796616700
2302,"Sanchez Parra, Nicolas",61,Monteria,4314046001
2303,"Ibarra Estrada, Natalia",22,Villavicencio,5117097702
2304,"Ortiz Espinoza, Enrique",35,Cucuta,9737390303
2305,"Miranda Peralta, Cristina",18,Itagui,1042427304
2306,"Palacios Muñoz, Claudia",32,Santa Marta,6067708105
2307,"Medina Blanco, Cristina",77,Puerto Carreno,7693260506
2308,"Gonzalez Peralta, Alicia",59,Barrancabermeja,9991066207
2309,"Naranjo Castillo, Maria",33,Pasto,9494625108
2310,"Torres Barrera, Blanca",39,Buenaventura,9254501009
2311,"Ruiz Osorio, Natalia",63,Cali,4050366810
2312,"Flores Ponce, Pedro",52,Leticia,7342957211
2313,"Velasquez Estrada, Elena",27,Cucuta,3563721512
2314,"Guzmán Padilla, Ramon",31,Villavicencio,5068252713
2315,"Castillo Martinez, Daniela",55,Quibdo,1688808214
2316,"Padilla Blanco, Juan",80,Cartagena,5928393415
2317,"Ruiz Nieto, Patricia",30,Cucuta,6571142916
2318,"Naranjo Molina, Manuel",51,Soacha,9648224417
2319,"Rivera Mendez, Beatriz",22,Sincelejo,7409914818
2320,"Navarro Ramirez, Manuel",39,Neiva,4762286119
2321,"Montes Pena, Alejandro",24,Leticia,8177906320
2322,"Carrillo Ruiz, Victor",59,Inirida,2740960421
2323,"Jimenez Nieto, Lina",35,Tunja,6050027322
2324,"Vega Herrera, Paula",20,Inirida,7075939523
2325,"Pena Estrada, Sergio",24,Soacha,9518117424
2326,"Mora Peralta, Tomas",38,Soacha,4572552425
2327,"Serrano Moreno, David",22,Riohacha,9176965726
2328,"Bravo Perez, Miguel",36,Mocoa,9210950827
2329,"Navarro Ibarra, Elena",53,Bogota,5159531128
2330,"Martinez Delgado, Jorge",35,Barrancabermeja,8294841729
2331,"Moreno Rios, Diana",29,Pasto,9924232330
2332,"Cano Acosta, Luis Miguel",60,Envigado,9642959531
2333,"Serrano Ortiz, Alejandro",41,Mocoa,2417361832
2334,"Coronel Parra, Cesar",80,Arauca,1347779633
2335,"Ponce Montes, Alicia",55,Cali,5889553234
2336,"Gomez Arias, Alejandro",36,Barrancabermeja,5412047035
2337,"Jimenez Gallego, Julio",48,Tunja,7124268836
2338,"Carrillo Rojas, Gustavo",29,Bello,9521563537
2339,"Romero Flores, Maria Jose",32,Manizales,9757307238
2340,"Flores Blanco, Ana",39,Santa Marta,7079146039
2341,"Cabrera Flores, Beatriz",36,Saravena,2215894040
2342,"Lara Velasquez, Jorge",47,Bello,7885070041
2343,"Peralta Meza, Beatriz",48,Santa Marta,3835002542
2344,"Gomez Vargas, Teresa",42,Inirida,2269013543
2345,"Trujillo Rojas, Enrique",55,Yopal,6929487044
2346,"Nieto Tapia, Adriana",57,Puerto Carreno,1820130545
2347,"Rojas Trujillo, Sofia",43,Cartagena,6251838046
2348,"Valencia Mendez, Oscar",39,Yopal,2888591347
2349,"Pena Rios, Lorena",56,Soacha,7788474248
2350,"Diaz Cabrera, Alejandro",30,Riohacha,1653190049
2351,"Villanueva Mendoza, Valentina",20,Barrancabermeja,2145410950
2352,"Ramos Vega, Gabriel",27,Barrancabermeja,2148439751
2353,"Trujillo Maldonado, Cesar",79,Florencia,7428578752
2354,"Carrillo Ramos, Rafael",49,Puerto Carreno,8320247453
2355,"Vargas Cortez, Manuel",34,Valledupar,6819749254
2356,"Blanco Espinoza, Gloria",62,Villavicencio,4562316155
2357,"Acosta Vega, Cesar",30,Ibague,5987097256
2358,"Rodriguez Cano, Carlos",19,Barrancabermeja,4237717157
2359,"Diaz Perez, Hugo",30,Envigado,5475481658
2360,"Becerra Vargas, Blanca",26,Popayan,9251002859
2361,"Lopez Aguilar, Adriana",73,Bello,8229487660
2362,"Salinas Velasquez, Maria Clara",22,Ibague,7463206961
2363,"Peralta Meza, Rafael",70,Mitu,2715780562
2364,"Coronel Bravo, Maria Jose",64,Floridablanca,1820215163
2365,"Dominguez Medina, Sofia",20,Leticia,6788851964
2366,"Mora Escobar, Gabriel",61,Santa Marta,6335225865
2367,"Vega Castillo, Gloria",20,Bucaramanga,8974433066
2368,"Muñoz Trujillo, Enrique",75,Manizales,7209232467
2369,"Romero Tapia, Alejandro",41,Ibague,2456592068
2370,"Figueroa Garcia, Nora",21,Sincelejo,9125282969
2371,"Vega Romero, Luis Miguel",72,Medellin,6224416370
2372,"Trujillo Herrera, Hector",40,Itagui,9555938471
2373,"Ramirez Cano, Victor",18,Santa Marta,5753695372
2374,"Avila Sanchez, Oscar",34,Sincelejo,9105910873
2375,"Lopez Mora, Ramon",75,Cucuta,3140030474
2376,"Zamora Delgado, Diana",45,Popayan,3801409975
2377,"Becerra Rubio, Juan",60,Yopal,5868459976
2378,"Coronel Maldonado, Luis",79,Pereira,2471783977
2379,"Valdez Vergara, Diana",30,Mitu,9185308478
2380,"Herrera Cortez, Pedro",29,Manizales,7069958779
2381,"Maldonado Montes, Carlos",51,Barranquilla,7395500980
2382,"Gallego Guzmán, Miguel",27,Envigado,7245668481
2383,"Mendez Barrera, Pedro",40,Barrancabermeja,9764854882
2384,"Gonzalez Valdez, Angela",70,Cali,6350932283
2385,"Lara Garcia, Susana",40,Yopal,3978718684
2386,"Campos Serrano, Gabriel",23,Yopal,6574573485
2387,"Aguilar Mora, Pedro",39,Floridablanca,8424190686
2388,"Zamora Vásquez, Teresa",22,Arauca,4699020287
2389,"Reyes Valencia, Mario",33,Leticia,8107891788
2390,"Espinoza Ramos, Teresa",47,Ibague,2912115289
2391,"Garcia Ramos, Gustavo",44,Bogota,5835059490
2392,"Meza Moreno, Pedro",68,Florencia,3545742891
2393,"Torres Alvarado, David",24,Bello,1652896192
2394,"Torres Becerra, Ernesto",79,Bucaramanga,4095286293
2395,"Osorio Zamora, Maria",59,Puerto Carreno,8659017494
2396,"Espinoza Maldonado, Claudia",80,Bello,1035157595
2397,"Trujillo Becerra, Martha",34,Palmira,1411821596
2398,"Garcia Camacho, Melissa",28,Florencia,2937228797
2399,"Ponce Molina, Silvia",22,Barranquilla,7541320098
2400,"Castillo Ramos, Sergio",64,Monteria,4492672599
2401,"Medina Salinas, Gloria",78,Barranquilla,7492179100
2402,"Reyes Mendoza, Andres",59,Ibague,4891879001
2403,"Alvarado Valdez, Cristina",31,Leticia,1005440702
2404,"Valdez Torres, Jorge",35,Florencia,5674946203
2405,"Alvarado Nieto, Carmen",61,Bello,3498975404
2406,"Estrada Perez, Victor",22,Florencia,3618153905
2407,"Cortez Moreno, Patricia",58,Tunja,9641365906
2408,"Tapia Torres, Antonio",36,Puerto Carreno,6517392707
2409,"Miranda Torres, Sofia",42,Itagui,8458139808
2410,"Diaz Gonzalez, Mauricio",47,Pasto,3513661709
2411,"Carrillo Jimenez, David",36,Valledupar,1939058610
2412,"Peralta Ramos, Esperanza",48,Yopal,9070127211
2413,"Soto Valencia, Martha",74,San Jose del Guaviare,5886922312
2414,"Aguilar Espinoza, Esperanza",36,Pereira,7248982513
2415,"Martinez Leon, Lina",76,Arauca,8082511214
2416,"Perez Nieto, Ivan",41,Sincelejo,1392927515
2417,"Gomez Castillo, Laura",31,Cucuta,9968131716
2418,"Serrano Muñoz, Eduardo",23,Cali,1945284317
2419,"Rivera Escobar, Paula",51,Bucaramanga,5911276918
2420,"Salazar Figueroa, Juan Pablo",40,Puerto Carreno,4080509519
2421,"Fuente Meza, Elena",21,Mitu,8549733620
2422,"Peralta Torres, Diana",58,Bogota,4555151121
2423,"Romero Lugo, Paola",77,Valledupar,1407654522
2424,"Rios Ponce, Teresa",32,Bucaramanga,4791711523
2425,"Sandoval Lopez, Marcela",72,Palmira,7418051124
2426,"Fuente Diaz, Catalina",31,San Jose del Guaviare,6767698125
2427,"Espinoza Flores, Helena",49,Riohacha,7345039326
2428,"Garcia Vargas, Juliana",37,Cartagena,1886249327
2429,"Avila Escobar, Luis",54,Bello,8509299628
2430,"Salinas Lugo, Ernesto",25,Soacha,7210506029
2431,"Aguilar Acosta, Juan",78,Bello,3909095230
2432,"Bravo Peralta, Sofia",62,Soledad,1420464031
2433,"Bustos Rubio, Camila",18,Valledupar,5667257232
2434,"Ruiz Vergara, Rafael",21,San Jose del Guaviare,2856848933
2435,"Vargas Campos, Mario",38,Tunja,7383266134
2436,"Rivera Herrera, Fernando",65,Bucaramanga,2299131935
2437,"Lara Castillo, Blanca",71,Ibague,7360854636
2438,"Naranjo Avila, Susana",22,Arauca,1463685937
2439,"Moreno Soto, Rodrigo",78,Sincelejo,3893374138
2440,"Peralta Alvarado, Maria",21,Monteria,8844491239
2441,"Ramirez Peralta, Patricia",79,Buenaventura,2152708140
2442,"Figueroa Delgado, Carmen",76,Barranquilla,6632508541
2443,"Lopez Bravo, Oscar",55,Cali,8718494842
2444,"Velasquez Espinoza, Juliana",22,Leticia,7009247843
2445,"Acosta Núñez, Francisco",52,Medellin,8148674244
2446,"Vásquez Dominguez, Natalia",47,Puerto Carreno,3045019145
2447,"Valdez Naranjo, Mario",22,San Jose del Guaviare,8603812346
2448,"Martinez Tapia, Javier",50,Leticia,3693942347
2449,"Ramos Vásquez, Irene",41,Manizales,2107693648
2450,"Rojas Suarez, Maria",32,Palmira,6008653249
2451,"Vega Camacho, Javier",29,Riohacha,6222791750
2452,"Cano Pena, Eduardo",54,San Jose del Guaviare,8401170251
2453,"Morales Valencia, Claudia",26,Riohacha,3884468052
2454,"Navarro Pena, Gabriel",26,Buenaventura,7668135653
2455,"Nieto Gonzalez, Ivan",21,Valledupar,8648641454
2456,"Ruiz Delgado, Diego",59,Quibdo,2946919155
2457,"Leon Alvarado, Tomas",59,Pereira,9531716956
2458,"Martinez Salinas, Luis",73,Mocoa,5515687757
2459,"Torres Cano, Jorge",37,Bucaramanga,3013653758
2460,"Valdez Gallego, Antonio",80,Florencia,8586566659
2461,"Morales Vargas, Yolanda",35,Manizales,5687680660
2462,"Peralta Meza, Teresa",61,Florencia,3570649861
2463,"Salazar Guzmán, Sebastian",75,San Jose del Guaviare,1918953062
2464,"Vergara Lopez, Sandra",47,San Jose del Guaviare,4237131363
2465,"Miranda Miranda, Valentina",33,Pereira,6944245864
2466,"Osorio Ramos, Alfredo",59,Manizales,9714278665
2467,"Alvarado Campos, Ernesto",33,Ibague,2996737666
2468,"Serrano Campos, Felipe",74,Buenaventura,4692459367
2469,"Lugo Cortez, Gabriel",21,Florencia,5041386268
2470,"Cabrera Maldonado, Enrique",78,Palmira,3956439669
2471,"Rios Peralta, Enrique",49,Palmira,9244600370
2472,"Valdez Ibarra, Ramon",55,Ibague,7513273571
2473,"Guzmán Ibarra, Paola",67,Floridablanca,8099645972
2474,"Romero Dominguez, Isabella",73,Monteria,3951350473
2475,"Valdez Gutierrez, Luis Miguel",41,Saravena,5525719074
2476,"Rivera Ochoa, Gloria",51,Medellin,8275304875
2477,"Moreno Guerrero, Maria Jose",73,Santa Marta,1804704276
2478,"Barrera Osorio, Valentina",51,Riohacha,7192983877
2479,"Bravo Castillo, Arturo",26,Valledupar,9993521078
2480,"Fuente Serrano, Helena",24,Itagui,1098652079
2481,"Ortiz Trujillo, Gloria",60,Cali,6243351880
2482,"Diaz Ramos, Valentina",77,Puerto Carreno,8734749581
2483,"Suarez Perez, Javier",61,Mocoa,4886626582
2484,"Jimenez Maldonado, Alicia",65,Valledupar,7907631383
2485,"Lopez Dominguez, Esteban",32,Villavicencio,1764387684
2486,"Aguilar Garcia, Alejandro",80,Pasto,9902927985
2487,"Figueroa Perez, Lina",33,Medellin,4476359986
2488,"Cortez Lugo, Ernesto",48,Arauca,8834379987
2489,"Tapia Estrada, Diana",22,Envigado,2115861888
2490,"Sandoval Ponce, Diego",67,Quibdo,7548033989
2491,"Ortiz Tapia, Rocio",23,Arauca,9210094090
2492,"Torres Valdez, Roberto",65,Pasto,5680005191
2493,"Rios Becerra, Mariana",62,Mitu,6201127392
2494,"Acosta Contreras, David",44,Envigado,6903328693
2495,"Blanco Cruz, Camila",57,Riohacha,6789787694
2496,"Montes Ruiz, Diana",53,Villavicencio,9603998995
2497,"Cardenas Arias, Martha",32,Neiva,1475739196
2498,"Aguilar Ramirez, Fernando",52,San Jose del Guaviare,4164123597
2499,"Cano Camacho, Ramon",24,Armenia,7997217598
2500,"Sanchez Soto, Sebastian",68,Pasto,6991504999
2501,"Zamora Guzmán, Eduardo",62,Manizales,1234993100
2502,"Becerra Sanchez, Lina",22,Soledad,1602152901
2503,"Nieto Coronel, Ramon",59,Popayan,6756876602
2504,"Cortez Vergara, Angela",23,Sincelejo,7757782103
2505,"Ponce Núñez, Rosa",61,Barrancabermeja,9322398104
2506,"Perez Parra, Ivan",70,Puerto Carreno,2968512405
2507,"Soto Morales, Natalia",54,Envigado,4209414306
2508,"Jimenez Villanueva, Diego",64,Monteria,5196987407
2509,"Mendez Valdez, Hugo",35,Soledad,5756436108
2510,"Avila Leon, Luis",18,Popayan,2352257309
2511,"Moreno Mendez, Elena",38,Ibague,4886330410
2512,"Garcia Lugo, Silvia",27,Bucaramanga,8424140911
2513,"Cortez Ochoa, Pedro",55,Palmira,9474683712
2514,"Vargas Figueroa, Jorge",23,Inirida,3148439513
2515,"Bustos Gutierrez, Fabian",68,Pereira,3901464414
2516,"Becerra Tapia, Alfredo",54,Leticia,6470333715
2517,"Rios Villanueva, Miguel",60,Pereira,4902542116
2518,"Velasquez Mendez, Hernan",32,Ibague,5671220917
2519,"Padilla Osorio, Ricardo",66,Valledupar,2860294718
2520,"Fuente Fuente, Fernando",47,Pereira,2997927219
2521,"Becerra Diaz, Pablo",64,Barrancabermeja,4285632020
2522,"Herrera Molina, Felipe",68,Manizales,5363960921
2523,"Lara Becerra, Ana",70,Barrancabermeja,9488386822
2524,"Parra Garcia, Rosa",30,Tunja,8804208323
2525,"Alvarado Ibarra, David",22,Floridablanca,9689240224
2526,"Lopez Ponce, Alfredo",36,Mocoa,5223136625
2527,"Muñoz Morales, David",67,Soacha,7597160626
2528,"Suarez Montes, Helena",27,Buenaventura,9704830227
2529,"Naranjo Vásquez, Enrique",29,Puerto Carreno,3086379628
2530,"Ponce Jimenez, Elena",64,Medellin,8195932829
2531,"Mendoza Coronel, Blanca",22,Barrancabermeja,7405223430
2532,"Velasquez Alvarez, Blanca",27,Envigado,5141016731
2533,"Nieto Perez, David",26,Floridablanca,2987189032
2534,"Cardenas Perez, David",33,Tunja,4546592533
2535,"Campos Núñez, Juan Pablo",39,Sincelejo,6963913534
2536,"Medina Arias, Ana Maria",53,Mitu,9810989935
2537,"Leon Gutierrez, Alicia",76,Santa Marta,8171230736
2538,"Rodriguez Becerra, Manuel",52,Barranquilla,4742688937
2539,"Mendoza Bravo, Alicia",80,Tunja,9375548038
2540,"Ochoa Arias, Diana",60,Ibague,1878650339
2541,"Valencia Valencia, Hugo",22,Cucuta,3279284140
2542,"Tapia Leon, Mauricio",49,Manizales,9030064141
2543,"Salazar Naranjo, Oscar",41,Itagui,3685655242
2544,"Alvarez Perez, Sebastian",21,Puerto Carreno,4088170543
2545,"Cabrera Sandoval, Daniela",58,Leticia,7662655144
2546,"Valencia Muñoz, Gloria",58,Floridablanca,6854228845
2547,"Reyes Naranjo, Maria Clara",48,Mocoa,9049062146
2548,"Campos Escobar, Miguel",18,Palmira,5709636847
2549,"Guzmán Contreras, Susana",33,Popayan,4343741148
2550,"Velasquez Salazar, Gloria",62,Saravena,9646986549
2551,"Ponce Cano, Luisa",67,Inirida,2410583850
2552,"Diaz Peralta, Jorge",52,Santa Marta,8878817551
2553,"Dominguez Castillo, Tomas",65,Yopal,5179040952
2554,"Perez Vargas, Paola",49,Armenia,9080325253
2555,"Rubio Bravo, Manuel",48,Soledad,9314217854
2556,"Herrera Guzmán, Daniela",71,Mocoa,8824051055
2557,"Valencia Naranjo, Roberto",36,Bello,8204179756
2558,"Becerra Contreras, Raul",48,Floridablanca,3026425857
2559,"Silva Alvarez, Paola",53,Barranquilla,8479988658
2560,"Villanueva Peralta, Isabella",68,Mitu,3390137459
2561,"Gomez Jimenez, Camila",55,Soledad,5204324760
2562,"Aguilar Navarro, Rodrigo",32,San Jose del Guaviare,1983495161
2563,"Garcia Perez, Ramon",79,Riohacha,8675044162
2564,"Gonzalez Medina, Tomas",39,Floridablanca,7463574563
2565,"Fuente Molina, Maria Jose",44,Soledad,7338135864
2566,"Barrera Fuente, Lina",32,Mitu,7621493965
2567,"Fuentes Núñez, Sergio",60,Arauca,4472182466
2568,"Torres Ibarra, Pilar",52,Ibague,8467863067
2569,"Villanueva Jimenez, Eduardo",43,Floridablanca,9217166868
2570,"Lugo Ortiz, Natalia",19,Leticia,5742152869
2571,"Gomez Estrada, Alfredo",57,San Jose del Guaviare,8216321170
2572,"Estrada Garcia, Miguel",38,Buenaventura,7695433171
2573,"Serrano Figueroa, Ana Maria",19,Puerto Carreno,2125295572
2574,"Osorio Rodriguez, Teresa",42,Monteria,5556883773
2575,"Nieto Gutierrez, Tomas",34,Palmira,8664945274
2576,"Silva Rojas, Gustavo",37,Sincelejo,5979259775
2577,"Estrada Ibarra, Fabian",80,Riohacha,7619268876
2578,"Fuentes Perez, Nicolas",31,Sincelejo,1189904777
2579,"Herrera Sandoval, Carlos",62,Envigado,8905435878
2580,"Gallego Rojas, Paula",79,Popayan,5778764279
2581,"Muñoz Serrano, Valentina",25,Soledad,8192923080
2582,"Ibarra Cabrera, Marcela",53,Arauca,6013910381
2583,"Contreras Romero, Juan Pablo",54,Pereira,1867587882
2584,"Rubio Núñez, Blanca",20,Bucaramanga,5004956983
2585,"Cardenas Alvarez, Gloria",71,Bogota,8394610684
2586,"Pena Molina, Cesar",30,Yopal,3146092185
2587,"Trujillo Diaz, Gabriel",79,Popayan,9362151986
2588,"Carrillo Romero, Cesar",41,Floridablanca,2199059087
2589,"Fuentes Ponce, Ernesto",26,Soacha,5580115888
2590,"Trujillo Garcia, Rodrigo",59,Bello,8161511389
2591,"Naranjo Gomez, Maria Jose",52,Arauca,8499263190
2592,"Padilla Garcia, Luis",70,Arauca,3327797191
2593,"Reyes Salinas, Ramon",74,Riohacha,5336443292
2594,"Campos Lara, Antonio",49,Cucuta,5323743393
2595,"Lopez Camacho, Esperanza",69,Soledad,2738035694
2596,"Guerrero Tapia, Blanca",37,Mocoa,9098920895
2597,"Salazar Osorio, Lina",40,Riohacha,5906989496
2598,"Castillo Tapia, Hugo",39,Manizales,8267812197
2599,"Medina Rios, Rocio",53,Cartagena,9453819498
2600,"Garcia Vega, Luisa",37,Bogota,3842046599
2601,"Silva Zamora, Andres",63,Manizales,8479763300
2602,"Silva Velasquez, Elena",37,Bucaramanga,8762627201
2603,"Fuentes Rodriguez, Natalia",51,Itagui,3490970602
2604,"Tapia Vergara, Alejandra",59,Armenia,4480458103
2605,"Blanco Sandoval, Gabriel",48,Barranquilla,2596757704
2606,"Delgado Alvarado, Antonio",23,Bucaramanga,1531414205
2607,"Osorio Martinez, Alicia",19,Mitu,5662179106
2608,"Muñoz Acosta, Cristina",53,Neiva,3124655507
2609,"Medina Vergara, Luis Miguel",50,Florencia,5135831708
2610,"Lugo Vargas, Pablo",19,Bello,4417230309
2611,"Parra Delgado, Arturo",38,Cali,2011240910
2612,"Jimenez Tapia, Oscar",37,Envigado,7407307911
2613,"Romero Alvarado, Yolanda",33,Barrancabermeja,3566327612
2614,"Meza Osorio, Paula",69,San Jose del Guaviare,7867007413
2615,"Soto Sanchez, Roberto",29,Valledupar,6993662714
2616,"Arias Silva, Monica",44,Villavicencio,9188500215
2617,"Delgado Ramirez, Beatriz",50,Monteria,4641684116
2618,"Montes Rios, Rocio",49,Pereira,3455152417
2619,"Fuente Espinoza, Roberto",31,Valledupar,3213329918
2620,"Reyes Padilla, Ricardo",39,Barrancabermeja,9231177419
2621,"Herrera Martinez, David",30,Yopal,5017899920
2622,"Lugo Contreras, Hector",77,Floridablanca,2883806821
2623,"Ponce Rodriguez, Esperanza",26,Armenia,7096356722
2624,"Garcia Ramirez, Fabian",43,Yopal,1841577123
2625,"Diaz Miranda, Cristina",22,San Jose del Guaviare,8405247224
2626,"Vásquez Bravo, Eduardo",26,Floridablanca,3346920725
2627,"Cortez Nieto, Ivan",47,Neiva,7519186026
2628,"Sandoval Salazar, Juan",68,Bello,4493675527
2629,"Figueroa Navarro, Helena",78,Sincelejo,5482121528
2630,"Cruz Velasquez, Esteban",67,Manizales,3234535529
2631,"Cortez Villanueva, Yolanda",67,Leticia,6411035530
2632,"Barrera Romero, Fabian",55,Manizales,6391702531
2633,"Coronel Bravo, Ernesto",21,Pereira,8855813332
2634,"Rios Moreno, Beatriz",79,Neiva,8842804433
2635,"Barrera Gallego, Pilar",39,Soledad,5299187234
2636,"Pena Aguilar, Valentina",76,Mitu,3435124735
2637,"Mendoza Trujillo, Luis Miguel",57,Puerto Carreno,8492207736
2638,"Carrillo Osorio, David",60,Inirida,1065369637
2639,"Rios Lugo, Ernesto",58,Neiva,2467542338
2640,"Barrera Palacios, Alejandra",39,Manizales,3721579739
2641,"Ponce Morales, Jorge",40,Ibague,5354633240
2642,"Cabrera Valencia, Valentina",65,Bogota,6862678641
2643,"Leon Rivera, Juan",75,San Jose del Guaviare,7969291042
2644,"Camacho Ortiz, Martha",18,Quibdo,9305355543
2645,"Perez Campos, Beatriz",25,Monteria,8166857644
2646,"Coronel Molina, Sebastian",27,Arauca,9888472745
2647,"Rios Flores, Eduardo",31,Pasto,2710309346
2648,"Fuentes Vega, Esperanza",59,Mocoa,4121125747
2649,"Vásquez Sanchez, Luisa",62,Mitu,6974137448
2650,"Guerrero Fuentes, Enrique",38,Leticia,4542512649
2651,"Bravo Coronel, Hernan",36,Yopal,2888525950
2652,"Ponce Aguilar, Sergio",69,Neiva,2273077651
2653,"Reyes Cardenas, Alfredo",30,Riohacha,8771168952
2654,"Bustos Zamora, Mario",73,Puerto Carreno,4957438153
2655,"Ochoa Ramirez, Luis",20,Medellin,7416743754
2656,"Nieto Cano, Claudia",28,Medellin,2143584155
2657,"Salinas Vásquez, Ricardo",36,Bello,9026534456
2658,"Garcia Pena, Cesar",68,Bogota,6618919457
2659,"Rivera Delgado, Victor",21,Valledupar,2092736658
2660,"Medina Espinoza, Juan",64,Soacha,4647863059
2661,"Cardenas Camacho, Julio",63,Valledupar,4528770260
2662,"Cabrera Bravo, Beatriz",42,Quibdo,3028127761
2663,"Perez Rios, Catalina",19,Armenia,6013361962
2664,"Ochoa Mora, Alejandro",43,Barranquilla,4005987463
2665,"Gallego Vargas, Mariana",52,San Jose del Guaviare,4090025864
2666,"Rojas Camacho, Andres Felipe",40,Itagui,8441492565
2667,"Cabrera Moreno, Natalia",34,Puerto Carreno,2333136366
2668,"Ibarra Parra, Alejandra",80,Envigado,8803914967
2669,"Padilla Contreras, Oscar",55,Florencia,3279094268
2670,"Sandoval Guerrero, Catalina",52,Barranquilla,7482391669
2671,"Ruiz Mendoza, Raul",38,Florencia,8994674470
2672,"Torres Cabrera, Hernan",39,Floridablanca,9608244771
2673,"Contreras Meza, Silvia",36,Soacha,9492393772
2674,"Espinoza Ochoa, Javier",58,Neiva,3696938173
2675,"Suarez Diaz, Carlos",54,Medellin,9438820274
2676,"Figueroa Contreras, Carlos",29,Tunja,2301372575
2677,"Gonzalez Dominguez, Enrique",20,Soacha,7250560176
2678,"Herrera Pena, Jorge",50,Neiva,7638389977
2679,"Lopez Gallego, Teresa",71,Floridablanca,6993830078
2680,"Flores Osorio, Maria Jose",26,Quibdo,1853323179
2681,"Reyes Sanchez, Oscar",59,Sincelejo,9585465680
2682,"Vásquez Cruz, Mauricio",71,Cali,5544536181
2683,"Vásquez Leon, Sergio",61,Soacha,6455503282
2684,"Campos Bustos, Ignacio",72,Cali,6711543683
2685,"Lara Zamora, Enrique",61,Ibague,6519627784
2686,"Tapia Navarro, Monica",54,Mitu,2976724685
2687,"Camacho Rojas, Miguel",22,Sincelejo,3915038686
2688,"Acosta Gallego, Esteban",33,Ibague,6263524587
2689,"Valencia Osorio, Eduardo",24,Manizales,3470325588
2690,"Velasquez Montes, Luis",65,Barranquilla,3689935889
2691,"Ponce Camacho, Arturo",27,Yopal,1391497890
2692,"Miranda Perez, Irene",19,Medellin,1155412591
2693,"Salazar Flores, Jorge",74,Tunja,1647327092
2694,"Ruiz Suarez, Rafael",27,Manizales,6279954793
2695,"Medina Guerrero, Alejandra",80,Villavicencio,9106963494
2696,"Molina Contreras, Claudia",58,Cucuta,6238721395
2697,"Naranjo Bustos, Juan",48,Puerto Carreno,4057324996
2698,"Romero Palacios, Ana Maria",68,Popayan,6921236997
2699,"Martinez Rivera, Juliana",61,Leticia,3394995598
2700,"Parra Vásquez, Mauricio",48,Riohacha,2406071799
2701,"Blanco Campos, Enrique",43,Mitu,3111307200
2702,"Alvarado Parra, Juliana",27,Pereira,9659893601
2703,"Osorio Vergara, Sandra",47,Bello,7943711102
2704,"Medina Escobar, Ignacio",23,San Jose del Guaviare,2213161403
2705,"Gonzalez Carrillo, Beatriz",63,Arauca,3436040404
2706,"Cruz Camacho, Susana",64,Soacha,1544273005
2707,"Guzmán Bustos, Natalia",39,Mocoa,4864763706
2708,"Gomez Ramos, Martha",28,Riohacha,9472954907
2709,"Fuentes Becerra, Fabian",35,Barranquilla,3221282508
2710,"Coronel Fuentes, Catalina",35,Riohacha,3628831909
2711,"Gonzalez Acosta, Hernan",77,Sincelejo,1074719310
2712,"Muñoz Trujillo, Esteban",63,Neiva,3426690611
2713,"Montes Flores, Sandra",56,Floridablanca,3953467212
2714,"Lara Barrera, Pablo",21,Cali,2531774313
2715,"Sandoval Ruiz, Cristina",26,Pereira,2939843514
2716,"Cortez Arias, Natalia",54,Santa Marta,9400281915
2717,"Camacho Contreras, Daniela",77,Armenia,3079445216
2718,"Maldonado Guzmán, Ramon",37,Bucaramanga,4416081217
2719,"Campos Acosta, Maria Jose",45,San Jose del Guaviare,3382184518
2720,"Romero Nieto, Tomas",34,San Jose del Guaviare,5302974419
2721,"Alvarez Guzmán, Fernando",27,Santa Marta,1356827620
2722,"Peralta Padilla, Yolanda",67,Mocoa,8571360821
2723,"Ortiz Becerra, Luisa",63,Pasto,5661884822
2724,"Cano Lara, Sergio",19,Santa Marta,9423369823
2725,"Suarez Flores, Beatriz",45,Neiva,2587625524
2726,"Avila Ortiz, Irene",73,Cartagena,1652419525
2727,"Sanchez Maldonado, Enrique",50,Arauca,6346911426
2728,"Salazar Valencia, Ignacio",40,Riohacha,4457779127
2729,"Arias Rubio, Elena",64,Inirida,3214733628
2730,"Navarro Vásquez, Irene",76,Arauca,8201434029
2731,"Rios Trujillo, Felipe",77,Popayan,3159496130
2732,"Ponce Figueroa, Rodrigo",23,Saravena,7981690231
2733,"Gomez Torres, Adriana",62,Valledupar,5966584232
2734,"Ortiz Sandoval, Ana",38,Leticia,3009507933
2735,"Arias Mendez, Sofia",24,Manizales,5756462534
2736,"Estrada Espinoza, Fabian",33,Medellin,2212302335
2737,"Gonzalez Alvarez, Felipe",49,Saravena,4097167436
2738,"Morales Mendez, Yolanda",65,Barrancabermeja,2418717237
2739,"Ibarra Valencia, Rosa",58,Manizales,5550741038
2740,"Contreras Becerra, Maria Clara",29,Mitu,9333731739
2741,"Arias Gomez, Ramon",77,Buenaventura,6029584440
2742,"Diaz Diaz, Yolanda",72,Pereira,6619360141
2743,"Barrera Serrano, Pilar",47,Quibdo,9201099842
2744,"Avila Carrillo, Rafael",76,Popayan,6676936543
2745,"Fuente Rios, Hector",35,Quibdo,8368929844
2746,"Tapia Leon, Paula",78,Cucuta,5928413545
2747,"Cortez Gallego, Alejandra",63,Barrancabermeja,3899121646
2748,"Jimenez Bustos, Julio",51,Quibdo,3288428247
2749,"Espinoza Villanueva, Raul",72,Inirida,2450102348
2750,"Gomez Acosta, Ignacio",38,Sincelejo,9013102749
2751,"Tapia Leon, Luis",21,Cartagena,9325578750
2752,"Becerra Muñoz, Hernan",27,Buenaventura,2098629351
2753,"Ortiz Trujillo, Andres Felipe",53,Mocoa,4978934152
2754,"Meza Cardenas, Susana",53,Pereira,8811661553
2755,"Vega Rubio, Esperanza",75,Arauca,9664442654
2756,"Lopez Rodriguez, Fabian",28,Soledad,3439168355
2757,"Alvarado Avila, Nicolas",29,Soacha,9677660556
2758,"Sandoval Naranjo, Laura",66,Sincelejo,4808161457
2759,"Sandoval Vargas, Antonio",69,Mitu,9923207458
2760,"Contreras Martinez, Pedro",18,Armenia,4623811159
2761,"Figueroa Silva, Juan Pablo",29,Soacha,2609079260
2762,"Palacios Herrera, Diana",43,Valledupar,2533718061
2763,"Ruiz Flores, Miguel",54,Soledad,8199918562
2764,"Lara Fuente, Hernan",73,Inirida,6106100063
2765,"Fuente Navarro, Alejandra",55,Santa Marta,2280415164
2766,"Lugo Sandoval, Hector",59,Inirida,6800379565
2767,"Silva Torres, Melissa",33,Barrancabermeja,7813631866
2768,"Molina Sanchez, Yolanda",39,Sincelejo,9807023767
2769,"Palacios Ramirez, Pablo",20,Ibague,1280827968
2770,"Parra Estrada, Alicia",28,Sincelejo,2742143969
2771,"Dominguez Cortez, Sergio",19,Sincelejo,1380600870
2772,"Parra Ruiz, Claudia",66,Pasto,2468065771
2773,"Guzmán Sandoval, Enrique",27,Mitu,1656217972
2774,"Maldonado Coronel, Arturo",71,Bucaramanga,8434765273
2775,"Rubio Gutierrez, Rafael",70,Ibague,1580920174
2776,"Diaz Lopez, Ana",19,Medellin,5914918375
2777,"Gomez Espinoza, Luis",65,Villavicencio,5251202476
2778,"Estrada Serrano, Nicolas",51,Barrancabermeja,1495061577
2779,"Trujillo Núñez, Valentina",20,Monteria,9769478278
2780,"Martinez Valdez, Carlos",21,Barranquilla,6311717679
2781,"Suarez Lopez, Francisco",58,Bucaramanga,1296195780
2782,"Bustos Padilla, Alejandro",70,Pasto,8512571781
2783,"Meza Delgado, Luisa",36,Bucaramanga,8404159682
2784,"Salazar Ochoa, Andrea",49,Pereira,3213147683
2785,"Tapia Silva, Rocio",35,Yopal,9184069384
2786,"Romero Sandoval, Elena",74,Pereira,4992486485
2787,"Lopez Ortiz, Felipe",51,Soledad,5194132886
2788,"Miranda Villanueva, Sofia",45,Buenaventura,6520878787
2789,"Ibarra Villanueva, Esperanza",65,Florencia,6117074688
2790,"Romero Contreras, Angela",59,Villavicencio,5958866189
2791,"Moreno Gutierrez, Mariana",58,Bucaramanga,2915364190
2792,"Maldonado Sandoval, Francisco",68,Saravena,5809067291
2793,"Diaz Villanueva, Angela",69,Armenia,8461218092
2794,"Espinoza Vega, Alfredo",68,Inirida,5155970393
2795,"Vargas Barrera, Julio",65,Bogota,8055545894
2796,"Avila Lara, Diego",77,Cartagena,4432320795
2797,"Moreno Becerra, Catalina",52,Soacha,6431455796
2798,"Cano Osorio, Rosa",37,Tunja,9061723897
2799,"Molina Jimenez, Yolanda",77,Palmira,9568262098
2800,"Ponce Suarez, Juan Pablo",53,Mocoa,9789148399
2801,"Gallego Gomez, Maria Clara",69,Puerto Carreno,8046760700
2802,"Vásquez Ramos, Yolanda",45,Ibague,6733707501
2803,"Núñez Miranda, Patricia",75,Saravena,2395957002
2804,"Muñoz Ibarra, Juan Pablo",76,Quibdo,4291195003
2805,"Padilla Morales, Ana Maria",39,Itagui,1172830204
2806,"Morales Diaz, Jorge",53,Tunja,6736809205
2807,"Zamora Parra, Nicolas",64,Medellin,7483045506
2808,"Salinas Nieto, Melissa",33,Cartagena,6812359207
2809,"Coronel Mendez, Luis",43,Saravena,6418203008
2810,"Guerrero Núñez, Patricia",60,Santa Marta,8582459209
2811,"Leon Ramirez, Ignacio",63,San Jose del Guaviare,8772317310
2812,"Rodriguez Pena, Monica",28,Cucuta,1749657111
2813,"Maldonado Nieto, Maria",57,Soledad,9681596312
2814,"Medina Avila, Luisa",48,Manizales,3667421413
2815,"Núñez Gomez, David",60,Soacha,8117164914
2816,"Ochoa Padilla, Alejandro",40,Inirida,3218808815
2817,"Ramirez Perez, Maria Jose",31,Envigado,5073009816
2818,"Rubio Gutierrez, Ernesto",48,Cucuta,4398535517
2819,"Trujillo Rodriguez, Valentina",38,Ibague,9391155718
2820,"Contreras Reyes, Irene",71,Mitu,9222737719
2821,"Dominguez Padilla, Pedro",68,Soledad,9006903420
2822,"Cardenas Cortez, Elena",55,Riohacha,6184413121
2823,"Acosta Vargas, Daniela",54,Pasto,8008574422
2824,"Jimenez Lopez, Laura",67,Tunja,6428691323
2825,"Salazar Delgado, Felipe",72,Puerto Carreno,9599841124
2826,"Bustos Estrada, Pablo",45,Riohacha,4275384525
2827,"Castillo Ortiz, Esperanza",75,Santa Marta,6218260426
2828,"Becerra Bravo, Laura",37,Leticia,3940587327
2829,"Camacho Dominguez, Gustavo",76,Bogota,9683792328
2830,"Núñez Blanco, Juliana",33,Barranquilla,2138675529
2831,"Fuente Romero, Alejandra",79,Buenaventura,3981029330
2832,"Guerrero Ponce, Martha",67,Neiva,7539847931
2833,"Espinoza Sanchez, Enrique",75,Pasto,7505611932
2834,"Ramos Cabrera, Ramon",67,Tunja,9928691133
2835,"Diaz Trujillo, Alfredo",29,Pereira,8247166034
2836,"Medina Herrera, Ignacio",39,Pasto,3141145835
2837,"Molina Campos, Andres",56,Manizales,5206231736
2838,"Silva Mendoza, Irene",54,Manizales,6301908537
2839,"Meza Ponce, Ignacio",66,Manizales,2338269338
2840,"Cabrera Tapia, Rafael",24,Tunja,8358187739
2841,"Miranda Fuente, Miguel",26,Cucuta,4201170240
2842,"Campos Avila, Patricia",30,Inirida,2546979341
2843,"Soto Cabrera, Rocio",44,Barranquilla,6878259542
2844,"Sandoval Gutierrez, Alejandra",36,Barrancabermeja,2937794343
2845,"Padilla Contreras, Juliana",24,Riohacha,8885808744
2846,"Perez Pena, Ignacio",34,Mocoa,3195098345
2847,"Rojas Molina, Carmen",65,Barrancabermeja,5917356546
2848,"Estrada Montes, Oscar",65,San Jose del Guaviare,4416665847
2849,"Cabrera Carrillo, Felipe",54,Palmira,1069663248
2850,"Molina Montes, Roberto",35,Saravena,5878697249
2851,"Guerrero Arias, Rodrigo",60,Manizales,9559051250
2852,"Zamora Ramirez, Sofia",62,Bucaramanga,9277188051
2853,"Rubio Mora, Raul",65,Mocoa,3457797652
2854,"Gomez Osorio, Lorena",42,Arauca,4116317053
2855,"Rubio Velasquez, Andres",18,Santa Marta,9619465054
2856,"Zamora Rivera, Luisa",31,Itagui,2932369055
2857,"Guzmán Osorio, Marcela",68,Arauca,9261065356
2858,"Gomez Campos, Yolanda",79,Envigado,2991280857
2859,"Leon Cabrera, Sergio",43,Puerto Carreno,2463837458
2860,"Sanchez Padilla, Gustavo",22,Itagui,3173688559
2861,"Barrera Contreras, Beatriz",80,Ibague,7317746560
2862,"Mendoza Ochoa, Daniela",57,Florencia,1098845961
2863,"Martinez Gomez, Cesar",57,Pereira,4038175562
2864,"Mora Miranda, Nora",64,Quibdo,9786122463
2865,"Cardenas Muñoz, Angela",70,Inirida,3129856664
2866,"Cortez Morales, Fernando",76,Quibdo,2315220665
2867,"Rojas Silva, Marcela",22,Villavicencio,9526692766
2868,"Ochoa Villanueva, Camila",67,Bogota,3297658567
2869,"Flores Delgado, Hugo",56,Quibdo,1725612768
2870,"Espinoza Villanueva, Jorge",18,Mocoa,9862931969
2871,"Avila Parra, Hugo",26,Tunja,4048845470
2872,"Osorio Salazar, Oscar",49,Yopal,6359685971
2873,"Gallego Medina, Hugo",66,Valledupar,9830691772
2874,"Ramos Flores, Sofia",77,San Jose del Guaviare,9201502273
2875,"Arias Velasquez, Marcela",36,Cucuta,3995577374
2876,"Mora Bustos, Miguel",25,Barrancabermeja,8548563275
2877,"Romero Pena, Antonio",19,Monteria,9015462076
2878,"Ramos Rubio, Ernesto",54,Bogota,6588562477
2879,"Alvarez Fuentes, Cristina",45,Riohacha,6917355778
2880,"Montes Moreno, Oscar",80,Medellin,1047883879
2881,"Escobar Peralta, Yolanda",57,Pasto,8439980480
2882,"Núñez Molina, Victor",61,Armenia,8703360181
2883,"Salazar Dominguez, Sebastian",65,Neiva,7050547482
2884,"Alvarado Ruiz, Angela",77,Sincelejo,9677258883
2885,"Moreno Naranjo, Maria Jose",22,Envigado,3430392184
2886,"Espinoza Herrera, Susana",24,Itagui,2096237585
2887,"Gomez Becerra, Felipe",59,Buenaventura,2571988386
2888,"Cano Cabrera, Antonio",19,Manizales,9052674587
2889,"Figueroa Soto, Carlos",48,Ibague,5731121388
2890,"Coronel Muñoz, Andres Felipe",20,Cucuta,9559483489
2891,"Cortez Aguilar, Monica",33,Soacha,8880626190
2892,"Alvarez Aguilar, Pablo",80,Riohacha,2149691791
2893,"Escobar Naranjo, Alejandro",72,Buenaventura,5851560092
2894,"Salinas Gonzalez, Fernando",68,Arauca,9097895393
2895,"Padilla Velasquez, Laura",35,Barranquilla,5929267394
2896,"Molina Reyes, Rodrigo",31,Cali,8635531395
2897,"Alvarado Alvarez, Martha",28,Itagui,3453751996
2898,"Rios Salinas, Ernesto",19,Florencia,9058548397
2899,"Pena Alvarado, Juan Pablo",27,Cucuta,8483469498
2900,"Leon Moreno, Luis Miguel",67,Pereira,7662805299
2901,"Herrera Mora, Julio",73,Bogota,5774308000
2902,"Palacios Fuente, Gabriel",73,Medellin,1309569901
2903,"Delgado Padilla, Miguel",76,Pereira,7864877002
2904,"Avila Villanueva, Rafael",64,Florencia,5560138803
2905,"Delgado Reyes, Arturo",70,Monteria,4838089704
2906,"Estrada Palacios, Arturo",23,Yopal,3230148805
2907,"Silva Rios, Sergio",33,Cartagena,5362760606
2908,"Meza Gutierrez, Mario",62,Puerto Carreno,8010683007
2909,"Valdez Valdez, Cesar",56,Ibague,9339624308
2910,"Bravo Dominguez, Adriana",43,Arauca,5882362009
2911,"Ochoa Padilla, Alicia",67,Mitu,4101251910
2912,"Miranda Miranda, Pilar",52,Saravena,3601984011
2913,"Martinez Garcia, Silvia",79,Monteria,9234029212
2914,"Romero Barrera, Carmen",75,Pasto,8216340813
2915,"Miranda Nieto, Claudia",62,Inirida,9047023914
2916,"Rubio Flores, David",63,Quibdo,4147127515
2917,"Blanco Rodriguez, Manuel",36,Popayan,5364062016
2918,"Jimenez Ramos, Maria",55,Bello,6474637817
2919,"Avila Becerra, Natalia",52,Sincelejo,3052977118
2920,"Naranjo Sanchez, Sebastian",40,Medellin,8176930219
2921,"Parra Alvarado, Sebastian",71,Inirida,6669716020
2922,"Carrillo Peralta, Julio",33,Tunja,3687783621
2923,"Rivera Leon, Nora",77,Tunja,6025062622
2924,"Nieto Serrano, Ricardo",67,Mitu,3947463623
2925,"Dominguez Gallego, Hugo",44,Mitu,5494845124
2926,"Osorio Vergara, Luis Miguel",18,Leticia,8542863925
2927,"Reyes Padilla, Pilar",55,Sincelejo,9922479726
2928,"Herrera Becerra, Gustavo",45,Villavicencio,5374578427
2929,"Alvarado Peralta, Enrique",36,Bucaramanga,9638562928
2930,"Gomez Reyes, Elena",60,Barranquilla,8627415429
2931,"Gomez Flores, Alejandro",28,Quibdo,5646988930
2932,"Gutierrez Torres, Gloria",22,Tunja,6858979531
2933,"Trujillo Cano, Yolanda",71,Quibdo,1303653532
2934,"Rodriguez Figueroa, Melissa",19,Popayan,1389798633
2935,"Dominguez Vega, Laura",78,Envigado,9892514334
2936,"Cortez Romero, Ramon",80,Valledupar,1265296935
2937,"Gallego Gomez, Daniela",73,Valledupar,6780854636
2938,"Coronel Morales, David",72,Puerto Carreno,4174374537
2939,"Fuente Lugo, Tomas",32,Palmira,4380714238
2940,"Muñoz Ibarra, Elena",24,Cucuta,3299296639
2941,"Alvarado Peralta, Mario",34,Puerto Carreno,7485722540
2942,"Silva Sandoval, Andres Felipe",40,Saravena,6648356941
2943,"Valencia Ortiz, Pablo",32,Popayan,4273847142
2944,"Peralta Torres, Fernando",42,Envigado,4247672643
2945,"Mendez Ramirez, Roberto",78,Puerto Carreno,5416807244
2946,"Navarro Guerrero, Maria",25,Itagui,3238777045
2947,"Flores Vásquez, Paula",42,Soledad,5094475546
2948,"Silva Fuente, Rafael",58,Manizales,4905813347
2949,"Fuentes Blanco, Marcela",48,Tunja,2012872748
2950,"Cano Camacho, Rafael",56,Floridablanca,6025668749
2951,"Flores Morales, Isabella",19,Bogota,5869261250
2952,"Salazar Lugo, Pablo",20,Cali,8209026551
2953,"Lugo Fuentes, Javier",39,Inirida,6091068952
2954,"Sanchez Coronel, Susana",63,Sincelejo,3004134253
2955,"Meza Miranda, Silvia",39,Ibague,7396647654
2956,"Meza Vega, Juan Pablo",18,Soacha,3577634855
2957,"Lopez Núñez, Daniela",42,Floridablanca,8933342756
2958,"Gallego Velasquez, Hector",63,Armenia,5979253957
2959,"Gutierrez Meza, Alejandro",26,Valledupar,6823741758
2960,"Carrillo Montes, Hernan",38,Mocoa,3617137559
2961,"Dominguez Castillo, Juan",69,Inirida,8931437060
2962,"Fuente Ramirez, Teresa",71,Armenia,6240125461
2963,"Soto Ibarra, Valentina",67,Quibdo,7358184062
2964,"Alvarado Jimenez, Maria Clara",51,Leticia,1152537063
2965,"Cabrera Arias, Pablo",23,San Jose del Guaviare,4833092164
2966,"Serrano Bustos, Luisa",73,Puerto Carreno,9253318965
2967,"Rios Parra, Ana Maria",61,Floridablanca,2041472666
2968,"Parra Medina, Rodrigo",25,Barrancabermeja,4038737367
2969,"Ochoa Villanueva, Nora",45,Villavicencio,4509895268
2970,"Sandoval Palacios, Gloria",79,Mitu,6971919969
2971,"Herrera Diaz, Silvia",34,Valledupar,7095911870
2972,"Espinoza Cabrera, Alejandra",71,Barranquilla,9263131971
2973,"Bravo Castillo, Ana Maria",37,Saravena,8503235772
2974,"Lara Becerra, Maria Clara",23,Barrancabermeja,5664658373
2975,"Carrillo Naranjo, Diana",50,Pereira,8354834074
2976,"Dominguez Palacios, Mauricio",52,Pasto,3275118775
2977,"Ochoa Moreno, Marcela",28,Tunja,2483152376
2978,"Mendez Guerrero, Manuel",78,Soacha,5381579977
2979,"Herrera Vásquez, Raul",73,Valledupar,2891962078
2980,"Cano Cabrera, Melissa",72,Riohacha,9027162579
2981,"Garcia Mendez, Valentina",72,Manizales,1996489780
2982,"Montes Palacios, Rafael",70,Barranquilla,1359965581
2983,"Palacios Maldonado, Gabriel",68,Cartagena,3645146282
2984,"Soto Romero, Eduardo",80,Pereira,4864069883
2985,"Suarez Gomez, Rafael",75,Cali,1704178584
2986,"Gallego Blanco, Ana",40,Saravena,2978753785
2987,"Gonzalez Barrera, Camila",49,Ibague,9906231286
2988,"Bustos Alvarado, Ernesto",31,Itagui,6367766587
2989,"Sandoval Romero, Juan",59,Pasto,9695156388
2990,"Salinas Coronel, Rosa",32,Buenaventura,1690325189
2991,"Cardenas Cruz, Blanca",32,Florencia,7915309290
2992,"Navarro Gonzalez, Adriana",47,Arauca,5484611991
2993,"Fuentes Rivera, Isabella",33,San Jose del Guaviare,4232224592
2994,"Delgado Mora, Fernando",46,Bogota,8324025793
2995,"Guerrero Fuente, Manuel",68,Yopal,7093207294
2996,"Nieto Ibarra, Pilar",43,Barrancabermeja,8076073095
2997,"Contreras Ochoa, Natalia",60,Armenia,7119987796
2998,"Rios Montes, Carlos",18,Buenaventura,4027492697
2999,"Delgado Acosta, Julio",54,San Jose del Guaviare,5292564998
3000,"Leon Meza, Silvia",78,Cartagena,6591785399
3001,"Vásquez Aguilar, Diana",47,Armenia,7504512300
3002,"Velasquez Sandoval, Isabella",71,Soledad,3775505301
3003,"Becerra Moreno, Rocio",71,Medellin,5251552002
3004,"Fuente Valencia, Rafael",71,Soacha,4980249803
3005,"Campos Perez, Lorena",57,Cartagena,2795603904
3006,"Trujillo Mendoza, Cristina",50,Manizales,4761989505
3007,"Tapia Ortiz, Alfredo",20,Leticia,1131023006
3008,"Rivera Contreras, Isabella",57,Medellin,9282617807
3009,"Gutierrez Reyes, Ramon",45,Barranquilla,3569948508
3010,"Parra Ruiz, Susana",57,Envigado,3272268709
3011,"Rios Serrano, Fabian",33,San Jose del Guaviare,1115262410
3012,"Martinez Núñez, Martha",47,Bucaramanga,6438206511
3013,"Alvarez Zamora, Francisco",18,Cali,8805066012
3014,"Arias Rios, Cesar",61,Cali,2953130713
3015,"Leon Diaz, Victor",30,Leticia,8549369514
3016,"Valencia Ibarra, Natalia",39,Sincelejo,2280067115
3017,"Escobar Guzmán, Antonio",33,Mocoa,1489113416
3018,"Martinez Silva, Juan Pablo",38,Barranquilla,5176087617
3019,"Rios Soto, Roberto",77,Barranquilla,2905919818
3020,"Martinez Romero, Lina",56,Cali,9009307219
3021,"Delgado Rubio, Fabian",64,Saravena,7751467420
3022,"Mora Camacho, Manuel",78,Inirida,2409896221
3023,"Zamora Padilla, Maria Clara",20,Yopal,5855647622
3024,"Mendez Jimenez, Rosa",59,Florencia,9330640323
3025,"Ibarra Moreno, Julio",60,Ibague,7610187324
3026,"Reyes Cano, Beatriz",36,Mocoa,3365663325
3027,"Rodriguez Leon, Gustavo",51,Riohacha,4104421526
3028,"Bravo Vargas, Daniela",46,Saravena,4741295327
3029,"Muñoz Herrera, Fernando",71,Neiva,8421627728
3030,"Valencia Espinoza, Beatriz",71,Sincelejo,3584125629
3031,"Torres Montes, Cristina",79,Cali,7022709430
3032,"Parra Vega, Camila",71,Medellin,9813123131
3033,"Tapia Contreras, Arturo",68,Barranquilla,9943166232
3034,"Zamora Velasquez, Irene",31,Cali,6822113433
3035,"Romero Vásquez, Diego",25,Leticia,6349501834
3036,"Escobar Castillo, Sofia",50,Envigado,9088938935
3037,"Becerra Rios, Yolanda",19,Buenaventura,4961634036
3038,"Muñoz Palacios, Paula",56,Medellin,3745330137
3039,"Coronel Diaz, Alejandro",47,Cucuta,5417213038
3040,"Acosta Martinez, Andres Felipe",63,Pasto,1280366539
3041,"Mendoza Avila, Ignacio",66,Santa Marta,3033756840
3042,"Montes Cortez, Manuel",19,Yopal,6733663841
3043,"Castillo Coronel, Rodrigo",26,Envigado,5792620142
3044,"Perez Avila, Mariana",21,Palmira,3099562043
3045,"Vargas Bustos, Enrique",22,Santa Marta,1266512744
3046,"Ruiz Sanchez, Sebastian",26,Palmira,6468413745
3047,"Lara Blanco, Nicolas",79,Envigado,8097906446
3048,"Rojas Diaz, Laura",46,Bucaramanga,3733981347
3049,"Muñoz Vergara, Rafael",43,Sincelejo,9933543348
3050,"Morales Cano, Javier",28,Inirida,2232109849
3051,"Mendoza Soto, Mario",70,Tunja,9458970050
3052,"Valdez Salazar, Isabella",76,Tunja,8875616651
3053,"Ruiz Aguilar, Susana",36,Barrancabermeja,3087227152
3054,"Ortiz Ruiz, Esperanza",69,Buenaventura,2783102453
3055,"Alvarado Molina, Maria Clara",54,Saravena,6525183654
3056,"Guerrero Bustos, Yolanda",58,Quibdo,4911264355
3057,"Ramos Navarro, Ernesto",60,Quibdo,3902575656
3058,"Ochoa Leon, Hugo",41,Bogota,4951711757
3059,"Rojas Pena, Raul",18,Saravena,8584075358
3060,"Salinas Bustos, Valentina",38,Florencia,9814254059
3061,"Avila Nieto, Felipe",58,Bogota,1501564860
3062,"Castillo Becerra, Andres",79,Cucuta,7077595461
3063,"Sandoval Silva, Juan Pablo",58,Envigado,4418298262
3064,"Gonzalez Acosta, Irene",74,Ibague,1032682863
3065,"Mendoza Vásquez, Blanca",77,Neiva,8109033764
3066,"Gallego Avila, Gustavo",36,Barranquilla,6268804965
3067,"Cruz Suarez, Manuel",66,Itagui,1977113666
3068,"Valdez Lugo, Jorge",52,Florencia,3301950967
3069,"Valencia Palacios, Diana",63,Quibdo,2182693568
3070,"Rios Barrera, Ana",60,Bucaramanga,3342185269
3071,"Delgado Castillo, Sebastian",29,Envigado,2282550070
3072,"Medina Alvarez, Isabella",20,Floridablanca,9705525571
3073,"Coronel Becerra, Blanca",62,Leticia,3936605472
3074,"Padilla Muñoz, Claudia",45,Inirida,9352364273
3075,"Perez Núñez, Rocio",57,Pasto,7351943074
3076,"Bravo Meza, Alejandra",25,Cucuta,7234697575
3077,"Bravo Mendoza, Carlos",51,Bogota,3592181476
3078,"Núñez Ramos, Lorena",60,Popayan,6811813877
3079,"Zamora Romero, Rafael",80,Quibdo,6502190178
3080,"Reyes Suarez, Nicolas",74,Barranquilla,4994866779
3081,"Peralta Peralta, Antonio",62,Neiva,1824401080
3082,"Mora Velasquez, Alfredo",79,Popayan,4461382181
3083,"Ruiz Nieto, Marcela",74,Monteria,7122859082
3084,"Gutierrez Escobar, Tomas",62,Ibague,5644315783
3085,"Morales Ruiz, Fabian",48,Tunja,6656033584
3086,"Ramirez Rubio, Ricardo",18,Villavicencio,5866456385
3087,"Gallego Torres, Miguel",45,Cucuta,3950344786
3088,"Espinoza Valencia, Nora",79,Soacha,5641053687
3089,"Naranjo Valdez, Ignacio",36,Villavicencio,1308728788
3090,"Mendez Ibarra, Claudia",70,Yopal,4051529289
3091,"Vargas Valencia, Blanca",43,Cali,3907809990
3092,"Lugo Meza, Gustavo",29,Puerto Carreno,5488456891
3093,"Herrera Espinoza, Raul",53,Inirida,2164726692
3094,"Ortiz Arias, Roberto",71,Riohacha,9477821893
3095,"Cano Avila, Claudia",29,Valledupar,9604547194
3096,"Alvarado Contreras, Felipe",60,Puerto Carreno,8004086495
3097,"Núñez Carrillo, Hugo",30,Valledupar,8881936796
3098,"Estrada Ramos, Claudia",25,Manizales,9578953197
3099,"Sanchez Herrera, Ignacio",29,Leticia,9519842298
3100,"Palacios Valdez, Enrique",54,Inirida,7452895599
3101,"Fuentes Aguilar, Lorena",21,Monteria,4536201900
3102,"Ortiz Sanchez, Luis",64,Bucaramanga,5277992501
3103,"Parra Ibarra, Nora",66,Bogota,5360614902
3104,"Miranda Avila, Lina",51,Bucaramanga,5380890403
3105,"Martinez Salinas, Esteban",44,Palmira,5091032904
3106,"Montes Guzmán, Julio",34,Medellin,2785949605
3107,"Camacho Becerra, Ignacio",47,Arauca,1887296906
3108,"Rubio Parra, Miguel",40,Monteria,1226557907
3109,"Navarro Romero, Luis Miguel",32,San Jose del Guaviare,6637214808
3110,"Cabrera Ramirez, Julio",61,Barranquilla,6225839309
3111,"Bravo Peralta, Angela",73,Soledad,3814114310
3112,"Estrada Sanchez, Isabella",70,Popayan,4124332411
3113,"Ortiz Ponce, Juan Pablo",33,Yopal,5476192712
3114,"Salinas Dominguez, Carmen",70,Itagui,9636787113
3115,"Moreno Fuentes, Rosa",65,Medellin,3649077214
3116,"Barrera Ruiz, Fernando",33,Barrancabermeja,8789634615
3117,"Osorio Delgado, Natalia",30,Quibdo,7556376316
3118,"Sanchez Espinoza, Isabella",40,Bogota,4797876217
3119,"Torres Meza, Tomas",31,Itagui,3649473518
3120,"Mendoza Perez, Melissa",74,Cali,5754739419
3121,"Rubio Figueroa, Teresa",18,San Jose del Guaviare,6677454220
3122,"Rojas Ibarra, Ivan",56,Sincelejo,7176995221
3123,"Becerra Contreras, Valentina",43,Sincelejo,7171403722
3124,"Ruiz Nieto, Yolanda",67,Pereira,7093227023
3125,"Rojas Vergara, Arturo",38,Mitu,5232713724
3126,"Contreras Valencia, Raul",28,San Jose del Guaviare,6973158125
3127,"Medina Rivera, Francisco",47,Mocoa,9478273626
3128,"Alvarez Villanueva, Fabian",39,Envigado,1580977727
3129,"Zamora Nieto, Julio",34,Inirida,9454723128
3130,"Zamora Nieto, Juliana",40,Bucaramanga,5130177729
3131,"Gonzalez Espinoza, Raul",44,Floridablanca,4002792030
3132,"Avila Maldonado, Irene",44,Tunja,2934906731
3133,"Mendez Espinoza, Daniela",48,Soledad,4242450332
3134,"Rojas Ortiz, Alejandra",19,Bogota,7253953633
3135,"Castillo Miranda, Oscar",55,Envigado,5364855434
3136,"Cabrera Zamora, Gustavo",75,Saravena,7597116635
3137,"Cortez Peralta, Sebastian",38,Mocoa,9025384436
3138,"Barrera Miranda, Yolanda",76,Medellin,3637000837
3139,"Velasquez Leon, Jorge",35,Cartagena,8810092538
3140,"Ponce Romero, Nora",55,Puerto Carreno,3353709139
3141,"Trujillo Rivera, Maria Jose",31,Pereira,7817447740
3142,"Rubio Mora, Ivan",39,Ibague,2442622141
3143,"Sandoval Naranjo, Rosa",40,Villavicencio,5033121342
3144,"Gomez Sanchez, Hugo",26,Saravena,6446969943
3145,"Garcia Estrada, Paula",74,Cucuta,1960410344
3146,"Cortez Nieto, Miguel",61,Florencia,5533531045
3147,"Rodriguez Blanco, Oscar",25,Pasto,4541969946
3148,"Núñez Ruiz, Rafael",41,Florencia,7592797447
3149,"Mendoza Ibarra, Carlos",56,Barranquilla,4061602548
3150,"Suarez Rojas, Miguel",72,Barranquilla,8062159349
3151,"Alvarado Cardenas, Mario",37,Bucaramanga,6266013450
3152,"Vargas Flores, Claudia",22,Bucaramanga,9810152051
3153,"Alvarado Perez, Ivan",20,Monteria,2592562452
3154,"Suarez Gonzalez, Ana",67,Cartagena,7962214753
3155,"Vergara Vargas, Esperanza",34,Bello,4409851354
3156,"Gutierrez Morales, Sandra",56,Yopal,3005390855
3157,"Arias Trujillo, Martha",40,Yopal,1365183656
3158,"Velasquez Zamora, Camila",64,Bogota,1404398057
3159,"Lopez Arias, Eduardo",68,Villavicencio,3303929258
3160,"Miranda Flores, Martha",68,Puerto Carreno,6127725859
3161,"Vega Diaz, Camila",51,Mitu,5540391160
3162,"Acosta Navarro, Esperanza",63,Manizales,3428894961
3163,"Soto Bravo, Sebastian",41,Villavicencio,7330070962
3164,"Bravo Valdez, Beatriz",61,Floridablanca,7484683863
3165,"Perez Parra, Luis",65,Arauca,7697064764
3166,"Zamora Soto, Sebastian",37,Barrancabermeja,2717526765
3167,"Nieto Ramirez, Juan",23,Mitu,3213051566
3168,"Parra Alvarado, Diego",25,Mitu,7209908567
3169,"Serrano Escobar, Mariana",78,Armenia,2260583268
3170,"Mendoza Delgado, Irene",37,Medellin,5379768769
3171,"Rojas Muñoz, Monica",76,Sincelejo,5818722570
3172,"Arias Núñez, Patricia",42,Soledad,3360781771
3173,"Molina Barrera, Camila",41,Barrancabermeja,2217144372
3174,"Cano Estrada, Juan",50,Villavicencio,2435468273
3175,"Martinez Soto, Beatriz",72,Arauca,4128404674
3176,"Reyes Castillo, Mariana",51,Yopal,3780317075
3177,"Sanchez Rojas, Alejandro",76,Cucuta,9395593976
3178,"Salazar Ramirez, Angela",54,Mitu,8464815977
3179,"Vargas Meza, Miguel",70,Manizales,7119480978
3180,"Fuente Ramos, Antonio",22,Cartagena,7205560579
3181,"Castillo Camacho, Elena",64,Tunja,1667840680
3182,"Lopez Leon, Paola",60,Pasto,4754332081
3183,"Ochoa Fuentes, Mauricio",57,Inirida,6793235282
3184,"Garcia Rojas, Rosa",23,Leticia,6138507483
3185,"Moreno Medina, Victor",47,Neiva,8243029484
3186,"Alvarado Vargas, Eduardo",57,Monteria,7907243785
3187,"Cano Ponce, Francisco",77,Riohacha,8621985786
3188,"Espinoza Escobar, Ivan",61,Bello,8647055987
3189,"Gutierrez Rubio, Andres Felipe",56,Villavicencio,5971601188
3190,"Alvarado Ortiz, Raul",77,Arauca,6455326389
3191,"Contreras Bravo, Rodrigo",77,Valledupar,8638782790
3192,"Padilla Parra, Marcela",57,Monteria,7688892791
3193,"Estrada Cabrera, Lina",27,Cali,8274563092
3194,"Delgado Serrano, Ernesto",37,Leticia,4859395393
3195,"Valencia Ortiz, Luis",59,Florencia,4461557594
3196,"Nieto Nieto, Andrea",21,Villavicencio,7908145795
3197,"Vergara Cardenas, Rocio",72,Villavicencio,3568386796
3198,"Cano Núñez, Tomas",41,Cucuta,6067009297
3199,"Cano Ponce, Sandra",54,Puerto Carreno,8379379998
3200,"Guerrero Ramirez, Sergio",64,Armenia,2490220899
3201,"Sanchez Gutierrez, Ana",42,Barranquilla,5725985600
3202,"Ponce Zamora, Roberto",67,Mitu,1790801601
3203,"Suarez Villanueva, Pablo",78,Florencia,2359354702
3204,"Naranjo Meza, Fernando",35,Popayan,3510132603
3205,"Reyes Ruiz, Gloria",56,Yopal,5813745004
3206,"Sanchez Tapia, Laura",72,Bucaramanga,9313173805
3207,"Reyes Vega, Ana",21,Yopal,7116564106
3208,"Villanueva Lopez, Pilar",18,Leticia,4080753407
3209,"Muñoz Sandoval, Arturo",61,Puerto Carreno,3324237408
3210,"Cortez Herrera, Angela",25,Valledupar,8847697809
3211,"Cabrera Escobar, Lina",39,Arauca,1996266610
3212,"Tapia Valencia, Laura",36,Popayan,7159802011
3213,"Sandoval Pena, Esperanza",19,Soledad,2292063712
3214,"Vásquez Garcia, Alejandro",31,Soacha,1895193213
3215,"Fuente Escobar, Maria Jose",64,Bucaramanga,5982313314
3216,"Maldonado Tapia, Paola",56,Leticia,4570858615
3217,"Becerra Silva, Martha",34,Puerto Carreno,1203033916
3218,"Cabrera Fuentes, Gustavo",31,Buenaventura,3754492817
3219,"Rojas Valdez, Raul",53,Sincelejo,7054176818
3220,"Moreno Diaz, Rocio",65,Mitu,3140814019
3221,"Ramirez Mendoza, Alejandro",57,Bogota,8931592920
3222,"Perez Avila, Ivan",74,Florencia,2137674521
3223,"Ochoa Muñoz, Yolanda",69,Santa Marta,7648720322
3224,"Lugo Mendoza, Rodrigo",71,Leticia,1738482323
3225,"Ortiz Bravo, Melissa",42,Pereira,1817033324
3226,"Nieto Rivera, Lorena",72,San Jose del Guaviare,4137120725
3227,"Bustos Gomez, Maria Jose",46,Manizales,4851308726
3228,"Mora Osorio, Manuel",23,Itagui,7197045227
3229,"Mendoza Fuente, Andres",36,Villavicencio,2211524028
3230,"Serrano Ortiz, Oscar",40,Tunja,5077144729
3231,"Delgado Peralta, Rocio",54,Bello,4923457330
3232,"Cruz Espinoza, Martha",41,Bogota,2579065231
3233,"Peralta Trujillo, Natalia",66,Bucaramanga,7878088732
3234,"Acosta Martinez, Victor",67,Arauca,6308825433
3235,"Suarez Gonzalez, Camila",77,Ibague,2933420534
3236,"Becerra Becerra, Diego",20,Popayan,4881391135
3237,"Estrada Silva, Roberto",59,Itagui,4336553836
3238,"Gallego Vega, Esperanza",54,Cali,1063588137
3239,"Valdez Sanchez, Hugo",68,Riohacha,8263524038
3240,"Arias Cruz, Irene",41,Envigado,7730642239
3241,"Gallego Figueroa, Luis",41,Pasto,9832564840
3242,"Espinoza Avila, Ernesto",21,Cucuta,5102508841
3243,"Maldonado Mendez, David",54,Quibdo,3180615142
3244,"Jimenez Miranda, Sandra",59,Mitu,4045480143
3245,"Cano Dominguez, Laura",30,Soacha,2406068344
3246,"Navarro Delgado, David",52,Pereira,8407655845
3247,"Coronel Dominguez, Lina",39,Soacha,4434981446
3248,"Trujillo Rivera, Luis",59,Mocoa,2950901947
3249,"Estrada Lugo, Mauricio",59,Bello,8631689648
3250,"Ramirez Mora, Nora",20,Valledupar,7481153349
3251,"Diaz Palacios, Pilar",57,Yopal,5097226250
3252,"Lara Serrano, Marcela",31,Monteria,9846070051
3253,"Rivera Martinez, Juan",70,Cartagena,9076443952
3254,"Miranda Navarro, Nora",66,Pereira,5359167453
3255,"Rubio Garcia, Sandra",56,Soledad,6050466754
3256,"Palacios Gonzalez, Antonio",71,Florencia,8833172355
3257,"Coronel Fuente, Pilar",79,Soledad,5776668356
3258,"Mendoza Parra, Alejandra",38,Ibague,8877592257
3259,"Coronel Rivera, Helena",76,Bogota,7678248058
3260,"Suarez Maldonado, Adriana",31,Pereira,5817238359
3261,"Lugo Velasquez, Francisco",27,Manizales,1671881560
3262,"Padilla Bustos, Oscar",39,Saravena,4871641061
3263,"Torres Barrera, Rafael",79,Yopal,7564800962
3264,"Fuentes Aguilar, Irene",33,Bucaramanga,2719536563
3265,"Ponce Escobar, Andres Felipe",33,Armenia,6451148364
3266,"Peralta Ramirez, Camila",52,Envigado,6331456665
3267,"Vega Velasquez, Paola",46,Villavicencio,4432327966
3268,"Espinoza Ochoa, Esteban",44,Arauca,8004868967
3269,"Vásquez Acosta, Mario",27,Cucuta,5177187068
3270,"Salazar Ponce, Fernando",50,Mitu,5836349669
3271,"Molina Rodriguez, Gabriel",52,Neiva,4600531270
3272,"Romero Perez, Andres",52,Puerto Carreno,2863026271
3273,"Gutierrez Flores, Eduardo",59,Ibague,9767505172
3274,"Cardenas Ortiz, Sandra",61,Pereira,9430943073
3275,"Villanueva Gutierrez, Paola",70,Popayan,2868255274
3276,"Mora Blanco, Luisa",80,Valledupar,8776298675
3277,"Vergara Vega, Julio",65,Leticia,7939481876
3278,"Villanueva Acosta, Beatriz",52,Florencia,7903017077
3279,"Salazar Cabrera, Cristina",56,Saravena,5357277378
3280,"Nieto Sanchez, Jorge",62,Santa Marta,2795578879
3281,"Estrada Mendez, Maria",80,Envigado,9410019380
3282,"Barrera Gallego, Isabella",41,Santa Marta,9453238081
3283,"Dominguez Osorio, Lorena",37,Saravena,8080545882
3284,"Bravo Gutierrez, Catalina",32,Medellin,4843609083
3285,"Lopez Bustos, Arturo",55,Cucuta,3138674984
3286,"Salazar Velasquez, Diana",49,Bello,4985682285
3287,"Arias Silva, Fernando",20,Envigado,4326628586
3288,"Arias Lopez, Pedro",27,Inirida,7427360887
3289,"Castillo Torres, Eduardo",26,San Jose del Guaviare,5342132588
3290,"Mora Vergara, Lina",62,San Jose del Guaviare,1172213889
3291,"Mendoza Mendez, Rodrigo",20,Cartagena,7264480590
3292,"Ramirez Bustos, Gabriel",37,Mitu,6644685991
3293,"Fuentes Ortiz, Juliana",75,Leticia,4465493192
3294,"Perez Gallego, Oscar",80,Armenia,7268378193
3295,"Bravo Cruz, Ernesto",45,Popayan,6274820594
3296,"Jimenez Nieto, Hugo",30,Itagui,2863875195
3297,"Muñoz Cabrera, Rocio",27,Soacha,1559685196
3298,"Reyes Escobar, Helena",31,Santa Marta,3353322197
3299,"Gallego Alvarez, Fabian",76,Manizales,3723550798
3300,"Sanchez Velasquez, Beatriz",25,Ibague,7439173299
3301,"Blanco Gutierrez, Natalia",60,Pasto,6473682600
3302,"Escobar Guerrero, Ramon",67,Bello,7228364101
3303,"Fuentes Reyes, Pedro",39,Cartagena,4246231002
3304,"Sanchez Acosta, Juan Pablo",19,Medellin,5274988903
3305,"Jimenez Leon, Mario",46,Riohacha,8906891604
3306,"Flores Valencia, Irene",59,Pereira,4861644505
3307,"Perez Perez, Mauricio",26,Medellin,4827806706
3308,"Padilla Figueroa, Gabriel",42,Sincelejo,6628503507
3309,"Lopez Becerra, Susana",66,Soledad,4579524308
3310,"Valencia Parra, Ana Maria",69,Sincelejo,5293873509
3311,"Cardenas Vásquez, Lorena",75,Monteria,1728482710
3312,"Delgado Carrillo, Catalina",23,Bogota,5226780011
3313,"Rios Lopez, Alfredo",20,Monteria,4612713512
3314,"Romero Bustos, Ignacio",51,Cartagena,4016602913
3315,"Lopez Naranjo, Felipe",25,Villavicencio,5036961914
3316,"Campos Ochoa, Catalina",75,Popayan,3722115315
3317,"Nieto Gomez, Roberto",74,San Jose del Guaviare,2277858916
3318,"Gonzalez Medina, Mauricio",43,Floridablanca,8574110617
3319,"Contreras Vergara, Ana Maria",26,Barranquilla,9571896918
3320,"Zamora Molina, Hernan",33,Manizales,2462605419
3321,"Núñez Pena, Carmen",80,Santa Marta,8778570120
3322,"Velasquez Reyes, Lorena",46,Saravena,8766924621
3323,"Fuentes Carrillo, Francisco",69,Quibdo,7007960422
3324,"Carrillo Cortez, Carlos",37,Mocoa,8375249223
3325,"Maldonado Pena, Patricia",19,Valledupar,2344553224
3326,"Fuente Mendoza, Angela",50,Sincelejo,1935050125
3327,"Ochoa Velasquez, Mauricio",20,Bucaramanga,8051753526
3328,"Leon Ruiz, Ramon",41,Florencia,2847203027
3329,"Vega Ibarra, Melissa",62,Yopal,7052660828
3330,"Serrano Garcia, Luis",22,Inirida,8991486329
3331,"Blanco Flores, Manuel",38,Valledupar,7932124530
3332,"Rojas Ponce, Oscar",72,Popayan,4974696931
3333,"Guerrero Guzmán, Esteban",47,Barranquilla,3412486232
3334,"Estrada Cano, Isabella",51,Villavicencio,5708494133
3335,"Cruz Contreras, Ricardo",21,Cali,7363052334
3336,"Núñez Arias, Adriana",23,Bucaramanga,8081496135
3337,"Leon Garcia, Silvia",58,Puerto Carreno,7809999636
3338,"Romero Cruz, Javier",40,Soledad,6202543137
3339,"Villanueva Lara, Juan Pablo",28,Manizales,2756328938
3340,"Valencia Ibarra, Carmen",50,Cali,2255687239
3341,"Diaz Aguilar, Julio",61,Itagui,9206537440
3342,"Salazar Bustos, Paola",41,Riohacha,8391469941
3343,"Miranda Tapia, Fernando",37,Itagui,6374910842
3344,"Cortez Palacios, Fabian",32,Barrancabermeja,7703602243
3345,"Campos Torres, Javier",56,Leticia,8508367644
3346,"Maldonado Molina, Alicia",34,Villavicencio,5489673345
3347,"Barrera Villanueva, Adriana",54,Arauca,7597821546
3348,"Bustos Gutierrez, Irene",40,Yopal,9354893647
3349,"Becerra Becerra, Paula",40,Riohacha,4547777948
3350,"Cardenas Dominguez, Martha",26,Medellin,8526835249
3351,"Sanchez Figueroa, Martha",47,Envigado,9796999150
3352,"Torres Blanco, Luis",50,San Jose del Guaviare,1533721851
3353,"Parra Perez, Tomas",37,Manizales,6639580852
3354,"Cortez Salinas, Ana",47,Cartagena,7264348753
3355,"Morales Lara, Raul",72,Florencia,4353264654
3356,"Herrera Martinez, Cristina",30,Cucuta,3177006055
3357,"Lugo Tapia, Felipe",69,Popayan,1052818756
3358,"Castillo Gallego, Melissa",45,Buenaventura,5812224157
3359,"Pena Cardenas, Martha",39,Popayan,4336949558
3360,"Delgado Villanueva, Laura",76,Sincelejo,2828943859
3361,"Rodriguez Padilla, Enrique",53,Sincelejo,4372007260
3362,"Jimenez Palacios, Ana Maria",68,Florencia,6217268661
3363,"Delgado Palacios, Javier",37,Valledupar,5994227562
3364,"Miranda Torres, Luis",50,Puerto Carreno,8661569363
3365,"Padilla Sandoval, Rodrigo",77,Monteria,3081807064
3366,"Escobar Guzmán, Sandra",29,Riohacha,8686855265
3367,"Dominguez Morales, Natalia",80,Popayan,2111352366
3368,"Rojas Delgado, Juan",59,Puerto Carreno,3944347867
3369,"Nieto Escobar, Mauricio",78,Arauca,7658198768
3370,"Rivera Maldonado, Daniela",64,Mitu,8120210169
3371,"Castillo Mendez, Diego",67,Soacha,6645969070
3372,"Blanco Navarro, Nora",76,Mitu,6926508271
3373,"Perez Castillo, Lorena",27,Monteria,5460800472
3374,"Salazar Ibarra, Juliana",19,Bello,2882260473
3375,"Acosta Villanueva, Luis",34,Manizales,3063438174
3376,"Avila Guzmán, Juan",63,Puerto Carreno,2908265975
3377,"Jimenez Gutierrez, Silvia",60,Bucaramanga,8146781976
3378,"Suarez Ponce, Natalia",36,Villavicencio,8342892377
3379,"Reyes Padilla, Raul",40,Valledupar,5970584478
3380,"Rodriguez Coronel, Camila",69,Barranquilla,6268469479
3381,"Cano Cabrera, Sofia",71,Manizales,7528135380
3382,"Perez Delgado, Fernando",79,Valledupar,8936611981
3383,"Herrera Rios, Melissa",53,Villavicencio,7102471782
3384,"Villanueva Romero, Javier",80,San Jose del Guaviare,5203575183
3385,"Cortez Silva, Isabella",44,Arauca,5962333784
3386,"Escobar Valdez, Francisco",49,Arauca,2840939085
3387,"Cortez Estrada, Manuel",75,Pasto,1444207586
3388,"Mora Morales, Camila",80,Envigado,1046835887
3389,"Jimenez Molina, Sergio",38,Florencia,3380109788
3390,"Jimenez Escobar, Manuel",24,Arauca,9594921189
3391,"Guzmán Acosta, Sergio",59,Cartagena,5329297990
3392,"Velasquez Sandoval, Catalina",57,Pasto,4934587491
3393,"Alvarado Morales, Esperanza",74,Buenaventura,8528381692
3394,"Valdez Sanchez, Isabella",48,Palmira,9085483193
3395,"Lugo Guzmán, Angela",52,Pasto,4279360894
3396,"Gallego Acosta, Roberto",37,Quibdo,3156597895
3397,"Reyes Osorio, Gustavo",52,Quibdo,4816470796
3398,"Carrillo Morales, Mario",42,Manizales,4704816697
3399,"Blanco Cortez, Pilar",74,San Jose del Guaviare,2974132098
3400,"Sandoval Naranjo, Susana",42,Pereira,1747824799
3401,"Trujillo Castillo, Lorena",55,Yopal,3966802200
3402,"Becerra Alvarez, Antonio",75,Villavicencio,2627627401
3403,"Carrillo Cabrera, Mario",46,Bucaramanga,6708103302
3404,"Contreras Ochoa, Andrea",38,Cali,7657753403
3405,"Velasquez Reyes, Antonio",20,Soacha,2760584304
3406,"Jimenez Castillo, Blanca",75,Valledupar,6869188105
3407,"Rubio Alvarez, Isabella",54,Bello,4271764606
3408,"Estrada Velasquez, Helena",30,Manizales,8470603707
3409,"Naranjo Ochoa, Juan",52,Barranquilla,9648297608
3410,"Lopez Jimenez, Ignacio",26,Itagui,6649100009
3411,"Garcia Castillo, Paula",60,Arauca,4491985210
3412,"Garcia Barrera, Cesar",45,Soacha,5769839811
3413,"Velasquez Contreras, Rafael",75,Santa Marta,7816665412
3414,"Espinoza Lopez, Roberto",23,Leticia,3628847213
3415,"Ibarra Valencia, Juliana",40,Pereira,4099613914
3416,"Espinoza Muñoz, Esperanza",21,Ibague,9542139815
3417,"Romero Rios, Juliana",34,Armenia,5312855716
3418,"Maldonado Meza, Melissa",42,Manizales,2324780317
3419,"Rojas Ochoa, Hector",33,Mocoa,5291739018
3420,"Ortiz Aguilar, Francisco",44,Saravena,3456704319
3421,"Vega Sanchez, Lina",28,Buenaventura,4914898020
3422,"Torres Cabrera, Miguel",34,Cartagena,7790103121
3423,"Trujillo Rios, Rocio",27,Leticia,1399707722
3424,"Espinoza Morales, Gustavo",30,Medellin,9096468823
3425,"Ochoa Alvarado, Javier",76,Soacha,8028207524
3426,"Ramos Sandoval, Laura",39,Cucuta,6855695825
3427,"Gomez Carrillo, Ana Maria",63,Florencia,1868594226
3428,"Rubio Rubio, Rosa",70,Saravena,3223794427
3429,"Barrera Avila, Pablo",46,Popayan,5341125728
3430,"Leon Osorio, Camila",36,Manizales,5697770829
3431,"Estrada Martinez, Carmen",67,Tunja,8465497630
3432,"Cabrera Campos, Andres",78,Quibdo,4086228231
3433,"Arias Meza, Irene",41,Manizales,6476930032
3434,"Castillo Contreras, Melissa",44,Inirida,1974220533
3435,"Lopez Rubio, David",39,Tunja,9802608834
3436,"Tapia Mora, Juan Pablo",51,Envigado,3274358035
3437,"Pena Figueroa, Claudia",18,Mocoa,9005477436
3438,"Cardenas Ochoa, Isabella",22,Puerto Carreno,7968876137
3439,"Coronel Avila, Rodrigo",74,Villavicencio,1462532638
3440,"Sanchez Cortez, Elena",60,San Jose del Guaviare,3449830239
3441,"Gonzalez Fuentes, Andrea",20,Cartagena,1748142140
3442,"Ortiz Cabrera, Fabian",44,Itagui,8490778241
3443,"Medina Vásquez, Gabriel",59,Riohacha,9611345642
3444,"Zamora Castillo, Cristina",70,Yopal,4179496443
3445,"Avila Herrera, Jorge",41,Pasto,4386419244
3446,"Estrada Peralta, Jorge",43,Soacha,9046571945
3447,"Becerra Barrera, Patricia",54,Pasto,4004208846
3448,"Espinoza Avila, Mauricio",45,Envigado,7557814647
3449,"Tapia Parra, Sebastian",51,Ibague,8976593348
3450,"Mora Naranjo, Ricardo",31,Neiva,8226895349
3451,"Ramirez Naranjo, Juan",46,Bogota,1157936550
3452,"Dominguez Leon, Teresa",76,Neiva,8720058951
3453,"Torres Moreno, Pablo",30,Ibague,6772450552
3454,"Velasquez Jimenez, Esperanza",27,Soacha,5004038553
3455,"Fuentes Gutierrez, Hugo",36,Buenaventura,1623998354
3456,"Montes Padilla, Julio",28,Quibdo,3254449355
3457,"Castillo Alvarado, Jorge",62,Inirida,2036105456
3458,"Trujillo Gomez, Maria",45,Envigado,8644293957
3459,"Torres Rubio, Ramon",39,Envigado,9335668658
3460,"Padilla Carrillo, Rosa",60,Medellin,8292716659
3461,"Garcia Vargas, Diana",51,Medellin,4484208960
3462,"Mendoza Moreno, Oscar",79,Saravena,4942387961
3463,"Mora Guerrero, Camila",64,Barranquilla,5480112162
3464,"Morales Fuentes, Adriana",36,Tunja,3391057263
3465,"Mendoza Guzmán, Juan",79,Saravena,6618587464
3466,"Nieto Meza, Sebastian",59,Tunja,4554092565
3467,"Figueroa Vergara, Pilar",40,Cali,1502624266
3468,"Suarez Romero, Teresa",72,Soledad,4860399767
3469,"Gutierrez Mora, Juan",28,Barranquilla,9611974468
3470,"Alvarez Gallego, Nicolas",54,Leticia,5637461669
3471,"Aguilar Gonzalez, Mariana",34,Medellin,4863854270
3472,"Rubio Ruiz, Nora",59,Pereira,7621864771
3473,"Barrera Delgado, Francisco",53,Saravena,3902273972
3474,"Alvarez Espinoza, Irene",20,Santa Marta,8871735073
3475,"Arias Blanco, Hugo",75,Manizales,3650061974
3476,"Guzmán Ruiz, Rocio",66,Palmira,3721274575
3477,"Valencia Rivera, Ricardo",61,Soacha,4546218176
3478,"Blanco Salinas, Carmen",28,Neiva,6639458777
3479,"Garcia Campos, Luis Miguel",55,Villavicencio,6581765978
3480,"Ramos Ruiz, Martha",44,Ibague,7601482479
3481,"Barrera Guzmán, Hector",24,Barrancabermeja,9804794580
3482,"Ruiz Cortez, Valentina",68,Sincelejo,2376472781
3483,"Muñoz Estrada, Diego",35,Palmira,2965249982
3484,"Medina Vásquez, Isabella",24,Medellin,7929212483
3485,"Rios Velasquez, Felipe",37,Bogota,5857867984
3486,"Valdez Peralta, Valentina",49,Ibague,2661928485
3487,"Ponce Ramos, Diana",49,San Jose del Guaviare,1506947086
3488,"Carrillo Avila, Julio",40,Mitu,4328456387
3489,"Leon Maldonado, Raul",27,Itagui,9798198288
3490,"Miranda Fuente, Valentina",53,Soacha,7921498989
3491,"Naranjo Miranda, Ricardo",18,Soledad,9222765590
3492,"Delgado Estrada, Luis Miguel",40,Palmira,1621711291
3493,"Maldonado Ramirez, Daniela",42,Barrancabermeja,6473691592
3494,"Campos Maldonado, Esteban",57,Ibague,8697648893
3495,"Castillo Torres, Melissa",27,Soacha,1954798594
3496,"Coronel Fuente, Andres Felipe",67,Ibague,2321310795
3497,"Osorio Ruiz, Ramon",43,Itagui,3829492196
3498,"Aguilar Fuente, Mauricio",36,Mocoa,7549197797
3499,"Bustos Rojas, Luis Miguel",38,Florencia,2019494898
3500,"Figueroa Avila, Francisco",59,Puerto Carreno,8917998399
3501,"Mora Naranjo, Julio",63,Medellin,9385106100
3502,"Carrillo Coronel, Juan Pablo",26,Puerto Carreno,1039369601
3503,"Guerrero Navarro, Lorena",72,Quibdo,5977116702
3504,"Camacho Valencia, Luis Miguel",40,San Jose del Guaviare,7367969203
3505,"Acosta Flores, Carmen",59,Leticia,1072371304
3506,"Avila Vega, Natalia",55,Yopal,4094317805
3507,"Barrera Cano, Ramon",64,Buenaventura,3410023706
3508,"Carrillo Rojas, Alfredo",24,Popayan,3316610207
3509,"Núñez Morales, Blanca",55,Puerto Carreno,3635234108
3510,"Muñoz Jimenez, Eduardo",45,Sincelejo,8207268609
3511,"Trujillo Fuente, Julio",35,Puerto Carreno,9001910510
3512,"Escobar Padilla, Camila",24,Santa Marta,9051900811
3513,"Flores Tapia, Victor",58,Inirida,5803177112
3514,"Valencia Flores, Alejandro",46,Buenaventura,2419572313
3515,"Rivera Bravo, Tomas",69,Barranquilla,4073231114
3516,"Rios Reyes, Diana",73,Tunja,4128886115
3517,"Trujillo Coronel, Diego",55,Pereira,8297294316
3518,"Vergara Flores, Paula",20,Envigado,1085274017
3519,"Salazar Vásquez, Rocio",42,Barranquilla,6709257718
3520,"Mendoza Silva, Cesar",24,Saravena,2024677219
3521,"Coronel Soto, Pedro",43,Mitu,9010198920
3522,"Valencia Naranjo, Diego",63,Palmira,6213909721
3523,"Romero Rios, Juan",59,Cartagena,7023040622
3524,"Torres Figueroa, Sofia",37,Villavicencio,1810506223
3525,"Núñez Tapia, Gustavo",40,Bogota,4491462824
3526,"Silva Diaz, Monica",27,Bucaramanga,5940206925
3527,"Lara Mora, Melissa",78,Soledad,4467465926
3528,"Parra Tapia, Luisa",64,Mitu,2103476527
3529,"Ramirez Muñoz, Andres",73,Palmira,2418697828
3530,"Romero Pena, Martha",63,Bucaramanga,9200192529
3531,"Salinas Vásquez, Beatriz",60,Bogota,8614059130
3532,"Espinoza Osorio, Sergio",27,Inirida,2570759331
3533,"Mendoza Navarro, Gustavo",52,Villavicencio,3470364332
3534,"Pena Peralta, Alicia",41,Yopal,1335926733
3535,"Gallego Sandoval, Claudia",34,Pasto,5018788634
3536,"Navarro Salinas, Martha",38,Itagui,6092158235
3537,"Zamora Miranda, Cristina",37,Popayan,3672196536
3538,"Guzmán Vargas, Isabella",56,Bello,9382236537
3539,"Ortiz Lopez, Sergio",31,Pasto,3350399738
3540,"Salazar Sandoval, Juan",66,Saravena,8452379139
3541,"Padilla Torres, Hector",35,Tunja,4032883240
3542,"Ibarra Molina, Sergio",38,Cartagena,6649801741
3543,"Becerra Ramirez, Ricardo",77,Cartagena,1645110342
3544,"Garcia Tapia, Sebastian",53,Puerto Carreno,1242764843
3545,"Moreno Parra, Marcela",37,Villavicencio,2163237544
3546,"Serrano Moreno, Arturo",68,Santa Marta,1810870145
3547,"Contreras Guerrero, Miguel",55,Mitu,6779705346
3548,"Rios Rodriguez, Juan",79,Monteria,3129926447
3549,"Medina Rivera, Enrique",45,Saravena,8327663548
3550,"Campos Moreno, Hernan",39,Valledupar,3294700549
3551,"Bravo Estrada, Enrique",28,Bello,3710859750
3552,"Gomez Zamora, Ivan",74,Arauca,8170245851
3553,"Molina Suarez, Sandra",66,Buenaventura,4766055152
3554,"Salazar Nieto, Monica",27,Itagui,2330818153
3555,"Lopez Vásquez, Carmen",23,Inirida,3387837454
3556,"Rojas Ponce, Irene",73,Inirida,3933346055
3557,"Molina Alvarado, Yolanda",40,Armenia,3193808556
3558,"Vega Diaz, Monica",48,Leticia,1723628857
3559,"Meza Ruiz, Maria Clara",63,Palmira,4288484658
3560,"Navarro Lara, Monica",29,Valledupar,4116931759
3561,"Bravo Cruz, Andrea",36,Puerto Carreno,4782201460
3562,"Navarro Gallego, Daniela",49,Cucuta,1889942461
3563,"Vásquez Muñoz, Victor",75,Riohacha,7658739062
3564,"Carrillo Mendez, Hector",25,Palmira,6026911263
3565,"Delgado Ramos, Francisco",19,Itagui,9479526164
3566,"Morales Palacios, Esperanza",69,Valledupar,8153085765
3567,"Ortiz Gomez, Diego",39,Cucuta,4928741166
3568,"Alvarez Leon, Diego",30,Inirida,4878785367
3569,"Velasquez Trujillo, Victor",46,Mitu,6903369768
3570,"Ramirez Guerrero, Monica",28,Floridablanca,8448084669
3571,"Ortiz Montes, Enrique",32,Palmira,3517857970
3572,"Espinoza Cruz, Mauricio",21,Manizales,7343447271
3573,"Vergara Escobar, Lina",54,Mocoa,2959443772
3574,"Salinas Rivera, Tomas",73,Monteria,9057295273
3575,"Sandoval Valdez, Nicolas",53,Bogota,4474494974
3576,"Reyes Sandoval, Blanca",20,Floridablanca,4224968175
3577,"Cano Zamora, Laura",58,Cali,3896774276
3578,"Velasquez Vergara, Gloria",26,Tunja,4100942577
3579,"Blanco Bravo, Arturo",18,Arauca,8434011478
3580,"Cabrera Garcia, Daniela",77,Monteria,3027117979
3581,"Rubio Gomez, Gabriel",64,Envigado,4265144980
3582,"Tapia Dominguez, Andres Felipe",30,Riohacha,2219052481
3583,"Figueroa Ponce, Ramon",39,Bello,7536563582
3584,"Coronel Lopez, Alicia",18,Yopal,6723773583
3585,"Molina Bustos, Sergio",74,Yopal,9073581084
3586,"Arias Carrillo, Marcela",77,Cali,8341468085
3587,"Velasquez Montes, Tomas",65,Florencia,2196412786
3588,"Silva Soto, Gloria",71,Bogota,7442527087
3589,"Salinas Rios, Jorge",49,Quibdo,1281229688
3590,"Garcia Delgado, Ernesto",44,Soledad,3102626889
3591,"Ruiz Avila, Natalia",36,Inirida,7094167090
3592,"Rojas Ochoa, Maria",48,Inirida,3185809091
3593,"Valdez Ponce, Oscar",62,Arauca,9366194492
3594,"Valdez Navarro, Manuel",74,Valledupar,3723487493
3595,"Bravo Avila, Manuel",19,Pereira,3558541894
3596,"Ramos Campos, Juan",32,Mitu,8844142295
3597,"Molina Vásquez, Alejandra",30,Floridablanca,3559940396
3598,"Peralta Garcia, Isabella",79,Bogota,8419817597
3599,"Mora Escobar, Alejandra",56,Florencia,1000713298
3600,"Velasquez Molina, Ivan",31,Barrancabermeja,1941894799
3601,"Mendez Acosta, Catalina",75,Buenaventura,9656144900
3602,"Herrera Zamora, Victor",33,Itagui,6840259001
3603,"Miranda Peralta, Ramon",29,Cartagena,9512903302
3604,"Vergara Contreras, Manuel",68,Buenaventura,6166413603
3605,"Cabrera Leon, Catalina",38,Cartagena,4839979504
3606,"Torres Soto, Julio",40,Cartagena,7262077205
3607,"Morales Ponce, Esteban",20,Florencia,3824226906
3608,"Velasquez Fuentes, Miguel",48,Leticia,3168809407
3609,"Mora Mendoza, Hugo",78,San Jose del Guaviare,1273241508
3610,"Alvarez Fuente, Pedro",40,Envigado,9886857309
3611,"Jimenez Soto, Rodrigo",48,Bogota,6516067810
3612,"Salinas Gonzalez, Enrique",37,Mitu,8762945311
3613,"Zamora Arias, Hector",57,Pereira,3880747912
3614,"Dominguez Becerra, Yolanda",44,San Jose del Guaviare,1178393913
3615,"Maldonado Soto, Lina",60,Tunja,6956947914
3616,"Vargas Morales, Hector",39,Pasto,1848784915
3617,"Suarez Avila, Silvia",43,Bogota,6751252616
3618,"Serrano Tapia, Maria Clara",79,Riohacha,3496688417
3619,"Fuente Espinoza, Blanca",54,Sincelejo,9018845718
3620,"Bustos Molina, Monica",79,Yopal,8649725919
3621,"Vásquez Fuente, Fabian",48,Valledupar,1545582620
3622,"Acosta Reyes, Laura",58,Florencia,6714026021
3623,"Soto Villanueva, Pilar",69,Tunja,2283307722
3624,"Lopez Rios, Martha",37,Mitu,8807512023
3625,"Morales Velasquez, Hector",57,Santa Marta,3657438124
3626,"Aguilar Palacios, Rodrigo",78,Pasto,2565117325
3627,"Diaz Estrada, Sofia",44,Pasto,1172464326
3628,"Romero Rios, Rocio",45,Santa Marta,4697226027
3629,"Meza Camacho, Teresa",59,Itagui,2326378028
3630,"Vargas Alvarado, Luis",61,Leticia,3237857329
3631,"Barrera Ruiz, Susana",38,Valledupar,1584414730
3632,"Gomez Espinoza, Ernesto",53,Pereira,8835599631
3633,"Mora Valencia, Manuel",21,Palmira,9954540932
3634,"Sanchez Martinez, David",77,Cartagena,7363504933
3635,"Rodriguez Maldonado, Maria Clara",63,Pasto,6705286334
3636,"Palacios Valdez, Lina",68,Bello,5639855635
3637,"Ponce Arias, Arturo",36,Barranquilla,4612586436
3638,"Sanchez Sanchez, Blanca",25,Sincelejo,8834062537
3639,"Delgado Peralta, Manuel",80,Envigado,4928414238
3640,"Núñez Gonzalez, Patricia",63,Inirida,6998350939
3641,"Morales Naranjo, Felipe",40,Popayan,1660626040
3642,"Navarro Jimenez, Yolanda",33,Floridablanca,2460614641
3643,"Carrillo Padilla, Esteban",69,Leticia,6878615842
3644,"Torres Ibarra, Martha",54,Barrancabermeja,7975157043
3645,"Garcia Rojas, Cristina",70,Palmira,7764594644
3646,"Acosta Velasquez, Alicia",38,Mitu,6004857445
3647,"Serrano Garcia, Victor",38,Bucaramanga,2405219046
3648,"Cabrera Romero, Arturo",21,Armenia,4577639747
3649,"Guzmán Espinoza, Elena",58,San Jose del Guaviare,8371354348
3650,"Espinoza Molina, Enrique",45,Leticia,6450447849
3651,"Rios Meza, Yolanda",18,Medellin,3549109450
3652,"Silva Molina, Nora",45,Riohacha,4234606451
3653,"Becerra Ortiz, Daniela",18,Barrancabermeja,9382660752
3654,"Tapia Estrada, Manuel",38,Sincelejo,8675880053
3655,"Avila Cabrera, Mario",28,Ibague,6106419054
3656,"Flores Serrano, Patricia",69,Quibdo,6505278055
3657,"Trujillo Perez, Susana",75,Manizales,8368068356
3658,"Guerrero Valencia, Victor",23,Cartagena,2749455657
3659,"Nieto Acosta, Adriana",20,Mocoa,5886008458
3660,"Peralta Acosta, Melissa",71,Cartagena,8606290559
3661,"Lugo Fuentes, Nora",31,Puerto Carreno,6287668160
3662,"Nieto Velasquez, Rocio",19,Bogota,9652171061
3663,"Silva Bustos, Rafael",75,Pasto,2362148362
3664,"Ponce Parra, Felipe",60,Villavicencio,7557353963
3665,"Rios Velasquez, Blanca",77,Cucuta,4790388664
3666,"Parra Núñez, Sofia",35,Pasto,3904335965
3667,"Ibarra Moreno, Martha",47,Yopal,5291486366
3668,"Estrada Maldonado, Cristina",74,Buenaventura,5428315867
3669,"Palacios Valencia, Juan Pablo",52,Riohacha,2499709768
3670,"Navarro Velasquez, Juan Pablo",71,Cali,6506292569
3671,"Cardenas Cabrera, Juan Pablo",36,Monteria,8961452370
3672,"Becerra Palacios, Alfredo",80,Florencia,4015325271
3673,"Aguilar Gonzalez, Martha",78,Bogota,5138586872
3674,"Garcia Bravo, Elena",36,Itagui,7972122473
3675,"Cardenas Diaz, Irene",76,Envigado,7010525874
3676,"Jimenez Cano, Luis Miguel",74,Popayan,4995712475
3677,"Bravo Ochoa, Carmen",75,Monteria,6551119376
3678,"Osorio Sandoval, Martha",69,Itagui,1339964077
3679,"Rubio Padilla, Esperanza",69,Puerto Carreno,1685166278
3680,"Navarro Salazar, Diana",62,Barrancabermeja,2277072679
3681,"Jimenez Moreno, Fernando",52,Tunja,9150228980
3682,"Nieto Padilla, Pilar",24,Popayan,3915640581
3683,"Osorio Ponce, Gustavo",75,Medellin,6222742182
3684,"Gutierrez Guzmán, Pilar",22,Cucuta,2282306183
3685,"Molina Morales, Blanca",76,Medellin,4458198584
3686,"Perez Montes, Adriana",42,Inirida,3469237585
3687,"Arias Alvarez, Yolanda",42,Bello,8870350586
3688,"Padilla Vargas, Valentina",38,Soledad,9564131787
3689,"Ramos Montes, Esperanza",46,Pereira,3129397688
3690,"Guzmán Ochoa, Mario",63,Riohacha,5445490389
3691,"Mora Salazar, Antonio",23,Medellin,8424770990
3692,"Rivera Becerra, Cristina",71,Soledad,4477064891
3693,"Ramirez Muñoz, Elena",50,Soacha,5504390292
3694,"Peralta Vargas, Luis Miguel",72,Riohacha,7959133893
3695,"Fuente Osorio, Alejandra",69,Inirida,4344192694
3696,"Bravo Campos, Enrique",62,Santa Marta,9905516095
3697,"Vergara Castillo, Julio",71,Tunja,5149349596
3698,"Núñez Alvarado, Blanca",26,Santa Marta,7666513997
3699,"Rios Rios, Irene",54,Neiva,8094924598
3700,"Cardenas Guerrero, Antonio",74,Armenia,9664535499
3701,"Espinoza Gallego, Beatriz",80,Arauca,4302848900
3702,"Ramos Reyes, Monica",51,Soacha,2923328501
3703,"Cano Martinez, Daniela",68,Monteria,5149376302
3704,"Contreras Ochoa, Fabian",32,Buenaventura,7689950403
3705,"Reyes Trujillo, Yolanda",76,Bello,4536644204
3706,"Vega Muñoz, Isabella",37,Floridablanca,4606015105
3707,"Camacho Ruiz, Mario",60,Cali,7022555106
3708,"Cardenas Blanco, Diana",20,Santa Marta,6295426607
3709,"Vega Osorio, Esperanza",78,Popayan,9619535608
3710,"Ponce Coronel, Luis Miguel",28,Pereira,9347260709
3711,"Osorio Ortiz, Monica",34,Florencia,9029300210
3712,"Mora Vega, Hernan",58,Mocoa,6390932511
3713,"Mora Bravo, Natalia",67,Medellin,5036809112
3714,"Ponce Rodriguez, Ramon",25,Soacha,3186762713
3715,"Osorio Vergara, Lina",25,Valledupar,8509811314
3716,"Navarro Reyes, Javier",33,Medellin,3732890415
3717,"Rivera Medina, Yolanda",39,Neiva,6067373716
3718,"Mendez Serrano, Tomas",22,San Jose del Guaviare,4178849817
3719,"Fuente Padilla, Camila",61,Neiva,3480103818
3720,"Gomez Alvarez, Ramon",36,Leticia,7504295019
3721,"Medina Molina, Maria Jose",61,Cartagena,9112665720
3722,"Avila Alvarado, Andres",70,Barranquilla,5046253621
3723,"Rojas Avila, Lina",69,Florencia,4400786422
3724,"Contreras Figueroa, Cristina",79,Floridablanca,5433720923
3725,"Soto Flores, Daniela",27,Soledad,5347745624
3726,"Ruiz Becerra, Maria",31,Bogota,3727891825
3727,"Cabrera Medina, Maria Jose",58,Yopal,3217523626
3728,"Coronel Zamora, Cesar",19,Cartagena,8174330527
3729,"Martinez Bustos, Laura",54,Bello,4502658328
3730,"Fuente Muñoz, Paula",32,Mocoa,5018029629
3731,"Jimenez Soto, Ana Maria",28,Medellin,7448934930
3732,"Núñez Cortez, Victor",50,Neiva,8443315631
3733,"Padilla Naranjo, Francisco",47,Mitu,7792456832
3734,"Ochoa Sandoval, Nicolas",48,San Jose del Guaviare,3544122333
3735,"Ruiz Garcia, Lina",74,Valledupar,5823755534
3736,"Castillo Vega, Cesar",39,Ibague,3170746235
3737,"Cortez Ruiz, Marcela",68,Florencia,9176973636
3738,"Silva Parra, Juan Pablo",22,Soacha,6671700837
3739,"Avila Jimenez, Francisco",28,Soledad,2739134138
3740,"Soto Guzmán, Silvia",22,Buenaventura,4022850039
3741,"Sanchez Ibarra, Mariana",22,Riohacha,1684477540
3742,"Padilla Gonzalez, Francisco",69,Palmira,4443627441
3743,"Mendoza Navarro, Juan",79,Saravena,7137023042
3744,"Suarez Cortez, Daniela",19,Tunja,9625593143
3745,"Molina Cruz, Victor",74,Inirida,9551887344
3746,"Moreno Jimenez, Enrique",30,Florencia,8056130845
3747,"Morales Guerrero, Paula",43,Tunja,6281091946
3748,"Acosta Miranda, Andres Felipe",75,Medellin,1506053647
3749,"Gomez Sanchez, Esperanza",74,Ibague,3042177248
3750,"Silva Perez, Paula",19,Sincelejo,5165370849
3751,"Trujillo Guerrero, Isabella",60,Valledupar,1316598650
3752,"Velasquez Zamora, Luisa",59,Bucaramanga,5733586051
3753,"Becerra Cruz, Rocio",45,Florencia,9775195652
3754,"Peralta Bustos, Sebastian",40,Quibdo,6358267753
3755,"Sanchez Ruiz, Rodrigo",46,Ibague,1615331754
3756,"Ponce Figueroa, Martha",70,Villavicencio,3046498455
3757,"Camacho Medina, Camila",32,Neiva,4097884156
3758,"Avila Rivera, Ana Maria",47,Cucuta,7268777357
3759,"Naranjo Alvarado, Eduardo",22,Arauca,4871602158
3760,"Avila Castillo, Ignacio",29,Ibague,1313208059
3761,"Flores Maldonado, Nora",66,Puerto Carreno,4018430860
3762,"Alvarez Cortez, Camila",29,Barrancabermeja,1516429561
3763,"Nieto Barrera, Sebastian",50,Santa Marta,2845072762
3764,"Meza Núñez, Hector",49,Barranquilla,5955871563
3765,"Miranda Cardenas, Cristina",34,Palmira,1189869764
3766,"Salinas Blanco, Martha",54,Tunja,9276558865
3767,"Becerra Fuente, Rafael",79,Villavicencio,4213329366
3768,"Vásquez Fuente, Carmen",55,Floridablanca,2842991767
3769,"Vergara Soto, Luis",76,Mocoa,4716567768
3770,"Campos Ortiz, Mariana",47,Puerto Carreno,4763403469
3771,"Cardenas Morales, Roberto",28,Popayan,1207775170
3772,"Velasquez Lara, Silvia",77,Valledupar,6968156171
3773,"Carrillo Alvarado, Ana Maria",31,Riohacha,6007654972
3774,"Vargas Ochoa, Miguel",33,Soledad,1885232873
3775,"Fuente Ochoa, Martha",51,Tunja,7307142874
3776,"Guerrero Sandoval, Laura",33,Tunja,4379128675
3777,"Becerra Ortiz, Marcela",32,Ibague,6611761576
3778,"Naranjo Diaz, Ramon",69,Palmira,7959551177
3779,"Becerra Parra, Elena",37,Palmira,2230026078
3780,"Figueroa Alvarado, Julio",60,Barranquilla,5829488979
3781,"Tapia Miranda, Blanca",77,Yopal,7847248380
3782,"Coronel Villanueva, Diana",54,Neiva,4459976281
3783,"Campos Villanueva, Raul",71,Arauca,7403630982
3784,"Muñoz Nieto, Diego",50,Santa Marta,7609359983
3785,"Estrada Gonzalez, Diego",31,Palmira,8467438684
3786,"Ramirez Herrera, Laura",51,Buenaventura,1372410185
3787,"Meza Avila, Arturo",69,Santa Marta,7125780586
3788,"Garcia Meza, Teresa",58,Barrancabermeja,9455468487
3789,"Acosta Garcia, Diego",41,Monteria,6157587888
3790,"Blanco Silva, Irene",50,Manizales,9412043389
3791,"Fuente Aguilar, Rafael",68,Cali,7467712190
3792,"Serrano Moreno, Esteban",43,Yopal,3321019091
3793,"Morales Ramirez, Maria",23,Bucaramanga,1059573992
3794,"Valdez Muñoz, Ernesto",74,Inirida,5589660893
3795,"Escobar Medina, Natalia",65,Barrancabermeja,2736558894
3796,"Rivera Ruiz, Paola",59,Arauca,6398848495
3797,"Guerrero Guzmán, Alejandro",25,Inirida,5011388596
3798,"Leon Miranda, Maria Jose",64,Riohacha,7062077897
3799,"Romero Rojas, Rodrigo",26,Inirida,5399753098
3800,"Cortez Padilla, Mariana",56,Cartagena,5233910799
3801,"Muñoz Ochoa, Maria Clara",71,Puerto Carreno,7166907700
3802,"Parra Moreno, Camila",20,Saravena,3711162301
3803,"Salazar Alvarez, Teresa",42,Monteria,5878083502
3804,"Camacho Ibarra, Juliana",55,Manizales,4217637703
3805,"Valdez Rios, Victor",77,Popayan,8395027604
3806,"Rubio Muñoz, Andres Felipe",80,Yopal,3457863805
3807,"Mora Reyes, Esperanza",38,Villavicencio,4074387906
3808,"Mora Ponce, Beatriz",23,Puerto Carreno,9210401407
3809,"Bustos Valencia, Lina",18,Villavicencio,9817943008
3810,"Soto Sandoval, Ignacio",76,Cartagena,5672158509
3811,"Sanchez Coronel, Rodrigo",46,Barranquilla,7735377210
3812,"Ochoa Becerra, Antonio",73,Itagui,6848374911
3813,"Coronel Morales, Hernan",25,Yopal,2779948612
3814,"Nieto Gomez, Rosa",62,Itagui,9894133113
3815,"Palacios Pena, Monica",18,Manizales,7743043914
3816,"Osorio Espinoza, Claudia",46,Mocoa,8235849115
3817,"Mendoza Delgado, Pedro",39,Puerto Carreno,8175685316
3818,"Acosta Villanueva, Carlos",27,Puerto Carreno,3531267417
3819,"Guerrero Salazar, Esperanza",49,Cali,8603793818
3820,"Flores Pena, Ramon",46,Quibdo,1129174119
3821,"Dominguez Soto, Catalina",78,Armenia,8431591520
3822,"Cortez Moreno, Isabella",52,Envigado,2152773921
3823,"Flores Guzmán, Ana Maria",79,Armenia,6176325522
3824,"Fuente Lugo, Andres",72,Bogota,3381623323
3825,"Sandoval Mora, Maria",33,Pasto,5383111924
3826,"Salazar Rivera, Sergio",69,Quibdo,7869990225
3827,"Pena Osorio, Natalia",65,Monteria,8633115226
3828,"Medina Gomez, Patricia",21,Leticia,6161534627
3829,"Gallego Parra, Daniela",24,Bogota,8510499628
3830,"Miranda Núñez, Manuel",29,Medellin,3544132829
3831,"Contreras Sanchez, Helena",78,Valledupar,7147324930
3832,"Tapia Salinas, Marcela",31,Ibague,8903536831
3833,"Ruiz Herrera, Alejandro",27,Inirida,2119624432
3834,"Camacho Ramirez, Antonio",19,Saravena,4937997633
3835,"Gonzalez Perez, Nicolas",22,Mitu,7724704234
3836,"Camacho Salinas, Rocio",22,Ibague,4163282835
3837,"Osorio Ruiz, Luis",22,Valledupar,9671542636
3838,"Alvarado Cardenas, Felipe",41,Ibague,1006176937
3839,"Cabrera Tapia, Patricia",31,Armenia,4752412738
3840,"Becerra Bustos, Silvia",31,Quibdo,4841694639
3841,"Bustos Torres, Alejandra",75,Bogota,8756118340
3842,"Molina Cruz, Victor",33,Valledupar,6357986941
3843,"Lugo Ortiz, Ana",56,Popayan,3611312342
3844,"Zamora Lopez, Enrique",66,Pereira,8914064443
3845,"Navarro Medina, Camila",71,Arauca,5021201444
3846,"Flores Trujillo, Cristina",68,Envigado,5046302045
3847,"Vargas Gutierrez, Alicia",45,Manizales,9946579246
3848,"Arias Ramirez, Helena",21,Manizales,1817938147
3849,"Miranda Gomez, Ignacio",41,Quibdo,7842131048
3850,"Rios Navarro, Arturo",60,Bello,5926960349
3851,"Jimenez Rubio, Luisa",60,Saravena,2153018350
3852,"Alvarez Peralta, Silvia",50,Manizales,5296397651
3853,"Padilla Serrano, Ana Maria",68,Barranquilla,6739718652
3854,"Serrano Parra, Mario",75,Barrancabermeja,2976712753
3855,"Lugo Mendez, Cristina",67,Mocoa,8936956654
3856,"Cardenas Trujillo, Ramon",80,Neiva,4898891455
3857,"Gutierrez Leon, Carmen",73,Leticia,7341800856
3858,"Rojas Alvarado, Adriana",75,Yopal,1096114657
3859,"Bravo Vega, Fernando",48,Puerto Carreno,4689095458
3860,"Castillo Miranda, Roberto",19,Ibague,8791319259
3861,"Naranjo Acosta, Irene",52,Monteria,8760343760
3862,"Valencia Ortiz, Lina",77,Pereira,5723488361
3863,"Jimenez Lopez, Manuel",47,Soacha,8552330062
3864,"Leon Dominguez, Ramon",67,Santa Marta,1030435963
3865,"Ortiz Acosta, Alejandro",58,Barrancabermeja,9048954964
3866,"Fuentes Cruz, Cristina",54,Bello,6852960265
3867,"Vergara Martinez, Nora",38,Popayan,6895766466
3868,"Zamora Muñoz, Esperanza",29,Bogota,1289000267
3869,"Vargas Escobar, Maria Jose",35,Riohacha,9675130168
3870,"Gallego Cano, Juan Pablo",68,Florencia,4080637769
3871,"Herrera Castillo, Ana Maria",53,San Jose del Guaviare,9262170070
3872,"Jimenez Blanco, Rosa",37,Bogota,9115668071
3873,"Parra Villanueva, Julio",75,Saravena,2895722772
3874,"Leon Cardenas, Elena",26,Monteria,6727351473
3875,"Ochoa Barrera, Diego",32,Manizales,2677019174
3876,"Perez Muñoz, Mariana",39,Itagui,7702942075
3877,"Bravo Rivera, Beatriz",78,Pasto,6258939376
3878,"Mendoza Morales, Miguel",30,Pereira,7463458277
3879,"Molina Tapia, Sandra",66,Leticia,3582741378
3880,"Alvarado Serrano, Isabella",71,Valledupar,6405449379
3881,"Fuentes Gutierrez, Sergio",74,Villavicencio,9082038180
3882,"Reyes Velasquez, Pablo",72,Barrancabermeja,2714894781
3883,"Vergara Mora, Camila",69,Neiva,2498809982
3884,"Flores Ibarra, Teresa",78,Armenia,1236072683
3885,"Ponce Lugo, Natalia",62,Mocoa,5150947084
3886,"Aguilar Ortiz, Jorge",78,Pereira,3516019485
3887,"Gallego Fuentes, Francisco",20,Arauca,3951903886
3888,"Suarez Moreno, Luisa",45,Pereira,6797080787
3889,"Cano Herrera, Ricardo",38,Pasto,6373109088
3890,"Acosta Carrillo, Sofia",55,Arauca,4014468589
3891,"Parra Becerra, Gloria",36,Manizales,3967677090
3892,"Gomez Ortiz, Hernan",47,Pasto,2826981991
3893,"Cruz Carrillo, Luis Miguel",41,Inirida,2844492192
3894,"Ramirez Delgado, Fabian",51,Palmira,2093976693
3895,"Fuentes Perez, Yolanda",69,Quibdo,9547372694
3896,"Salazar Camacho, Eduardo",68,Puerto Carreno,9522834795
3897,"Sandoval Vásquez, Esperanza",62,Quibdo,7324499596
3898,"Guerrero Gutierrez, Teresa",33,Pereira,1027132797
3899,"Mendoza Meza, Diana",43,Popayan,3366260098
3900,"Valencia Navarro, Pilar",27,Quibdo,5973348499
3901,"Escobar Montes, Yolanda",43,Villavicencio,3116732100
3902,"Zamora Guerrero, Ana Maria",66,Cartagena,7904021401
3903,"Pena Camacho, Andres",53,Riohacha,2655733802
3904,"Gallego Bustos, Yolanda",29,Barranquilla,1755769603
3905,"Jimenez Cano, Antonio",74,Arauca,6317629204
3906,"Rios Garcia, Maria Clara",63,Cali,3132143505
3907,"Navarro Gonzalez, Esperanza",48,Bucaramanga,6378668706
3908,"Padilla Cruz, Julio",64,Mitu,4493081007
3909,"Vásquez Palacios, Adriana",20,Barranquilla,1106395608
3910,"Perez Alvarez, Sofia",48,Neiva,5545468309
3911,"Vergara Peralta, Ignacio",22,Bucaramanga,5546646410
3912,"Coronel Flores, Jorge",70,Quibdo,9206706411
3913,"Rios Guzmán, Ricardo",77,Sincelejo,8614356712
3914,"Garcia Navarro, Felipe",70,Soacha,2996550613
3915,"Osorio Ponce, Alicia",60,Manizales,5343639614
3916,"Rubio Moreno, Beatriz",40,Cartagena,9677691615
3917,"Blanco Ibarra, Juan",65,Mocoa,8848869916
3918,"Acosta Blanco, Antonio",41,Santa Marta,7682027017
3919,"Montes Vásquez, Pablo",69,Mitu,4841650218
3920,"Ibarra Velasquez, Francisco",26,Yopal,1529585519
3921,"Moreno Suarez, Pablo",34,Envigado,8387574320
3922,"Palacios Zamora, Marcela",66,Popayan,4068544921
3923,"Valencia Lugo, Mario",57,Itagui,1176321722
3924,"Garcia Becerra, Esteban",55,San Jose del Guaviare,5416416023
3925,"Sanchez Rubio, Cristina",20,Bogota,2205760024
3926,"Gutierrez Maldonado, Alejandro",67,Cali,3624086525
3927,"Flores Tapia, Francisco",19,Tunja,3641977826
3928,"Bustos Tapia, Daniela",77,Inirida,6157885327
3929,"Cano Mendoza, Luisa",36,Leticia,3718870528
3930,"Leon Arias, Andrea",56,Florencia,4054265129
3931,"Ponce Lara, Esperanza",69,Saravena,9303211430
3932,"Jimenez Ochoa, Antonio",77,Pasto,7309920431
3933,"Becerra Gallego, Javier",77,Pasto,4477966832
3934,"Cruz Vásquez, Ernesto",64,Manizales,2762250833
3935,"Reyes Jimenez, Susana",29,Popayan,6313470334
3936,"Medina Serrano, Cesar",19,Manizales,6198435835
3937,"Gutierrez Ibarra, Isabella",25,Ibague,6787342836
3938,"Trujillo Fuentes, Teresa",53,Tunja,2405268037
3939,"Montes Ponce, Alejandra",43,Riohacha,3166968238
3940,"Gonzalez Becerra, Hernan",65,Cucuta,6233283939
3941,"Padilla Dominguez, Gabriel",79,Quibdo,8746361940
3942,"Maldonado Gonzalez, Hector",18,Sincelejo,6782872841
3943,"Villanueva Muñoz, Francisco",28,Cali,9866893442
3944,"Bustos Suarez, Andrea",61,Tunja,4558926943
3945,"Fuente Sandoval, Alejandra",39,Mocoa,5701314044
3946,"Osorio Castillo, Ivan",44,Manizales,8958958345
3947,"Rojas Ortiz, Valentina",76,Puerto Carreno,5459393246
3948,"Escobar Medina, Carmen",47,Valledupar,9341010147
3949,"Camacho Fuentes, Rosa",65,Manizales,6973543848
3950,"Gutierrez Becerra, Nora",65,Buenaventura,6343594849
3951,"Zamora Lopez, Alfredo",27,Inirida,5060623050
3952,"Mendez Núñez, Beatriz",80,Soacha,1545202751
3953,"Lopez Parra, Ivan",77,Envigado,3115855552
3954,"Montes Lopez, Esteban",34,Buenaventura,5989841453
3955,"Velasquez Gutierrez, Mario",18,Soacha,6911501954
3956,"Vega Gutierrez, Juan",25,Barrancabermeja,8493120155
3957,"Ruiz Ramirez, Rafael",53,Mitu,5660824756
3958,"Martinez Silva, Gloria",38,Itagui,2360721857
3959,"Carrillo Ramirez, Juan",60,Puerto Carreno,5242845358
3960,"Diaz Mendez, Laura",53,Arauca,4540180859
3961,"Vargas Cabrera, Rocio",69,Leticia,5471153260
3962,"Herrera Meza, Pablo",32,Cartagena,5737374161
3963,"Romero Meza, Hugo",80,Saravena,4890509462
3964,"Gallego Trujillo, Enrique",37,Florencia,8996927263
3965,"Rodriguez Cardenas, Adriana",57,Cucuta,4380932364
3966,"Moreno Gonzalez, Julio",74,Medellin,5316562265
3967,"Valencia Aguilar, Mariana",75,Inirida,9718666066
3968,"Morales Camacho, Pablo",22,Neiva,9880974967
3969,"Ochoa Vega, Alicia",37,Manizales,3898737768
3970,"Alvarez Maldonado, Patricia",30,Envigado,1201440669
3971,"Medina Acosta, Ana Maria",18,Arauca,1813828970
3972,"Coronel Lugo, Marcela",57,Envigado,2753850371
3973,"Rodriguez Miranda, Raul",54,Itagui,5703050472
3974,"Vergara Bravo, Teresa",27,Santa Marta,3738600073
3975,"Osorio Padilla, Hugo",42,Puerto Carreno,9490601874
3976,"Carrillo Zamora, Andres Felipe",71,Barrancabermeja,9548459775
3977,"Aguilar Tapia, Natalia",23,Bucaramanga,6874619976
3978,"Lopez Gutierrez, Camila",32,Floridablanca,4640422477
3979,"Guerrero Alvarado, Pilar",25,Barrancabermeja,1740208678
3980,"Moreno Vega, Juliana",63,San Jose del Guaviare,8208970979
3981,"Peralta Guerrero, Nora",23,Medellin,2330762780
3982,"Moreno Torres, Javier",33,Inirida,9094234681
3983,"Alvarez Campos, Laura",31,Bucaramanga,3231870782
3984,"Fuentes Sanchez, Juan",36,Bogota,2457338183
3985,"Martinez Montes, Felipe",25,Monteria,4554980884
3986,"Cano Trujillo, Marcela",72,Bucaramanga,7687442485
3987,"Aguilar Muñoz, Alejandro",36,Soacha,8891147786
3988,"Ramirez Montes, Patricia",65,Barrancabermeja,5032506487
3989,"Ramos Avila, Teresa",56,Quibdo,6765560888
3990,"Acosta Lugo, Camila",74,Neiva,1958604989
3991,"Blanco Fuente, Susana",23,Soledad,5660035890
3992,"Lara Becerra, Andrea",77,Monteria,8629609591
3993,"Cano Rubio, Silvia",79,Buenaventura,8382171092
3994,"Figueroa Padilla, Sebastian",35,Barranquilla,9823994293
3995,"Moreno Alvarado, Alejandro",71,Valledupar,8410420794
3996,"Padilla Serrano, Luisa",28,Valledupar,1790557695
3997,"Aguilar Avila, Marcela",41,Barranquilla,7969252596
3998,"Lara Rodriguez, Laura",43,Tunja,6956452897
3999,"Barrera Avila, Luis Miguel",76,Santa Marta,7092251698
4000,"Rojas Muñoz, Ana",30,Saravena,8116031699
4001,"Rios Salinas, Cesar",67,Manizales,1964114900
4002,"Vergara Gutierrez, Fabian",70,Palmira,4875582301
4003,"Perez Gutierrez, Andres Felipe",42,Medellin,7200195402
4004,"Guerrero Contreras, Patricia",52,Leticia,8030327003
4005,"Dominguez Fuentes, Miguel",60,Inirida,8558498104
4006,"Moreno Trujillo, Juan",40,Pasto,3944221505
4007,"Valencia Nieto, Sandra",75,Florencia,5387115306
4008,"Serrano Ponce, Sofia",72,Neiva,9719827707
4009,"Ramirez Vergara, Ramon",49,Valledupar,7176554108
4010,"Alvarado Ochoa, Laura",60,Pasto,5137243109
4011,"Reyes Gallego, Francisco",30,Medellin,3203185110
4012,"Figueroa Vega, Nicolas",74,Armenia,4384098911
4013,"Delgado Serrano, Luis Miguel",60,Soacha,9401934312
4014,"Camacho Trujillo, Teresa",54,Popayan,3543017813
4015,"Vásquez Vergara, Francisco",34,Sincelejo,2137015114
4016,"Figueroa Alvarez, Rosa",29,Villavicencio,8339802115
4017,"Guzmán Diaz, Paola",46,Ibague,3216617216
4018,"Cabrera Rojas, Yolanda",26,Santa Marta,8272157117
4019,"Dominguez Maldonado, Paula",49,Soacha,3452679718
4020,"Cortez Estrada, Sebastian",58,Sincelejo,8959204319
4021,"Salinas Lopez, Claudia",57,Villavicencio,6022028220
4022,"Morales Acosta, Carlos",18,Villavicencio,7599742821
4023,"Cano Sandoval, Antonio",69,Cali,8554527022
4024,"Contreras Morales, Maria Jose",39,Inirida,6329307323
4025,"Ibarra Torres, Mauricio",26,Quibdo,7735114624
4026,"Maldonado Becerra, Sergio",71,Palmira,9743508925
4027,"Cardenas Peralta, Nicolas",46,Bello,4129014526
4028,"Morales Cano, Pilar",71,Soledad,5898953227
4029,"Aguilar Osorio, David",43,Pasto,5465578528
4030,"Bustos Gonzalez, Enrique",23,Barrancabermeja,1412310329
4031,"Serrano Valencia, Jorge",60,Arauca,2149849530
4032,"Estrada Bravo, Enrique",30,Mocoa,5597161231
4033,"Muñoz Castillo, Javier",21,Florencia,5052486332
4034,"Jimenez Estrada, Mauricio",74,Ibague,1892702133
4035,"Gomez Martinez, David",65,Puerto Carreno,8996554434
4036,"Bravo Bravo, Victor",30,Santa Marta,6883988535
4037,"Valdez Jimenez, Antonio",68,Neiva,3266042636
4038,"Cortez Ortiz, Andres",50,Leticia,5519713637
4039,"Arias Vásquez, Miguel",67,Bello,1131567738
4040,"Miranda Mora, Hugo",47,Pereira,8521351639
4041,"Medina Alvarez, Pilar",72,Envigado,1641178940
4042,"Núñez Ochoa, Miguel",73,Floridablanca,1171763441
4043,"Gutierrez Cano, Beatriz",44,Itagui,2122948442
4044,"Perez Ochoa, Rodrigo",50,Puerto Carreno,1568779543
4045,"Diaz Garcia, Fabian",32,Itagui,6489289844
4046,"Diaz Tapia, Silvia",29,Leticia,1659773845
4047,"Reyes Cortez, Maria Clara",56,Santa Marta,6579443246
4048,"Pena Torres, Silvia",40,Floridablanca,6483486647
4049,"Alvarado Becerra, Esteban",76,Mitu,9348418548
4050,"Guzmán Medina, Felipe",51,Cali,6028037849
4051,"Valencia Herrera, Maria",26,Barranquilla,5635192650
4052,"Lopez Vargas, Paula",62,Sincelejo,2090727151
4053,"Cardenas Maldonado, Ana Maria",61,Popayan,6468612352
4054,"Rubio Acosta, Pedro",44,Barranquilla,7354673453
4055,"Mendez Mendez, Raul",52,Manizales,6767510054
4056,"Salazar Morales, Ignacio",78,Soacha,8966010155
4057,"Velasquez Parra, Angela",60,Sincelejo,4314516556
4058,"Acosta Nieto, Roberto",45,Inirida,1063999857
4059,"Trujillo Diaz, Gabriel",43,Santa Marta,6111047758
4060,"Sanchez Gutierrez, Sebastian",52,San Jose del Guaviare,9509734259
4061,"Trujillo Barrera, Luisa",74,Cali,2247449360
4062,"Bravo Salinas, Yolanda",34,Bello,5762265261
4063,"Zamora Palacios, Antonio",42,Soacha,3303566262
4064,"Coronel Rojas, Patricia",23,Yopal,4306545463
4065,"Gallego Sandoval, Valentina",72,Bucaramanga,8682316064
4066,"Mora Lugo, Paula",53,Leticia,9709368765
4067,"Delgado Campos, Lorena",40,Soledad,4059471266
4068,"Serrano Silva, Paula",23,San Jose del Guaviare,4823953167
4069,"Palacios Guerrero, Luis Miguel",62,Medellin,2138727768
4070,"Trujillo Trujillo, Fernando",36,Yopal,5561759969
4071,"Jimenez Cabrera, Javier",31,Bello,1356494370
4072,"Herrera Sanchez, Diana",70,Valledupar,7185314471
4073,"Rivera Figueroa, Susana",26,Pereira,8342930072
4074,"Becerra Fuente, Natalia",46,Florencia,8331887573
4075,"Villanueva Espinoza, Ricardo",36,Tunja,8394319574
4076,"Mendoza Delgado, Raul",33,Santa Marta,1714486775
4077,"Núñez Ruiz, Ernesto",48,Riohacha,6875467276
4078,"Muñoz Ramirez, Maria Jose",79,Tunja,6149956177
4079,"Osorio Becerra, Maria",26,Medellin,3412379478
4080,"Camacho Mora, Sofia",59,Valledupar,9311125979
4081,"Reyes Espinoza, Miguel",58,Santa Marta,4101062580
4082,"Serrano Estrada, Andres",76,Florencia,5337535681
4083,"Dominguez Dominguez, Ignacio",36,Armenia,5325087082
4084,"Sanchez Ramirez, Sebastian",58,Bello,6623317183
4085,"Cardenas Mendez, Helena",26,Medellin,1350418684
4086,"Fuente Barrera, Carlos",76,Bogota,2799544385
4087,"Romero Rojas, Cesar",53,Manizales,3001816786
4088,"Estrada Sanchez, Alfredo",23,Barranquilla,1255809187
4089,"Rios Avila, Jorge",70,Floridablanca,5428579688
4090,"Mendez Acosta, Ricardo",45,Itagui,6247605889
4091,"Ortiz Osorio, Maria",31,Valledupar,8870576890
4092,"Fuente Mendoza, Cristina",44,Pereira,9510326491
4093,"Herrera Cardenas, Melissa",76,Neiva,8542233092
4094,"Ponce Gomez, Laura",77,Envigado,7416599593
4095,"Becerra Cardenas, Natalia",71,Barrancabermeja,9943732594
4096,"Ramos Aguilar, Manuel",73,Buenaventura,8899669095
4097,"Gonzalez Coronel, Laura",65,Bucaramanga,7288147696
4098,"Martinez Rodriguez, Laura",77,Barranquilla,3510982297
4099,"Zamora Alvarez, Juliana",26,Yopal,6713663098
4100,"Vega Moreno, Alicia",28,Buenaventura,8082614399
4101,"Soto Figueroa, Monica",41,Floridablanca,1224467100
4102,"Vásquez Delgado, Mariana",59,Quibdo,3550899501
4103,"Cortez Soto, Ana",21,Mitu,7460653902
4104,"Nieto Jimenez, Adriana",30,Riohacha,4874417203
4105,"Reyes Leon, Manuel",58,Floridablanca,3712094104
4106,"Ruiz Maldonado, Fabian",65,Leticia,9132134405
4107,"Guerrero Castillo, Ana Maria",74,Leticia,5708471906
4108,"Lara Moreno, Rodrigo",69,Riohacha,2690200907
4109,"Jimenez Rios, Victor",31,Soledad,4987789508
4110,"Gonzalez Mendoza, Javier",42,Cali,2501520409
4111,"Cortez Moreno, Alejandra",71,Inirida,5566196910
4112,"Camacho Coronel, Mauricio",75,Bucaramanga,8166713011
4113,"Palacios Avila, Hugo",41,Floridablanca,5012055812
4114,"Estrada Herrera, Javier",67,Palmira,2318588813
4115,"Becerra Flores, Antonio",72,Envigado,9751233614
4116,"Fuentes Valencia, Antonio",36,Sincelejo,7110038115
4117,"Alvarado Zamora, Maria Jose",49,Bogota,2495372616
4118,"Parra Villanueva, Silvia",31,Envigado,7934125917
4119,"Nieto Torres, Mario",70,Quibdo,9998140318
4120,"Blanco Bravo, Cristina",54,Santa Marta,3130787119
4121,"Navarro Meza, Eduardo",20,Sincelejo,2203775620
4122,"Camacho Zamora, Rafael",59,Sincelejo,1241924221
4123,"Arias Rojas, Pedro",40,Leticia,9233566822
4124,"Barrera Bravo, Ernesto",24,Itagui,1447446223
4125,"Bustos Lara, Adriana",39,Buenaventura,1768161624
4126,"Barrera Tapia, Luis",30,Floridablanca,3960719425
4127,"Vásquez Gallego, Fernando",70,Santa Marta,6673434526
4128,"Gallego Bravo, Sebastian",76,Barrancabermeja,6861659627
4129,"Peralta Tapia, Roberto",25,Inirida,2105877628
4130,"Gutierrez Tapia, Julio",24,Bello,7260739229
4131,"Bustos Castillo, Silvia",19,Mitu,8682069430
4132,"Valencia Rojas, Arturo",70,Popayan,7208752531
4133,"Peralta Ortiz, Ricardo",69,Mitu,7562512532
4134,"Muñoz Castillo, Daniela",46,Popayan,7925114133
4135,"Gutierrez Núñez, Alejandra",59,Buenaventura,5276586034
4136,"Miranda Espinoza, Pedro",63,Arauca,6588213435
4137,"Dominguez Naranjo, Nora",23,Villavicencio,7228530536
4138,"Gomez Muñoz, Diego",56,Leticia,9329026037
4139,"Carrillo Sandoval, Irene",35,Florencia,1154849538
4140,"Escobar Mendoza, Juliana",29,Soacha,7801486639
4141,"Sandoval Diaz, Pilar",39,Itagui,5047956440
4142,"Vergara Lara, Pedro",19,Manizales,9047372341
4143,"Leon Sanchez, Elena",67,Monteria,8610790842
4144,"Contreras Maldonado, Melissa",37,Riohacha,5624178443
4145,"Becerra Contreras, Helena",51,Cucuta,4848108344
4146,"Camacho Coronel, Lina",71,Soacha,8240113245
4147,"Carrillo Martinez, Andrea",66,Bello,7428259246
4148,"Bustos Herrera, Pedro",69,Riohacha,1487108047
4149,"Gonzalez Diaz, Sofia",39,Tunja,9819251448
4150,"Mora Figueroa, Hernan",45,Mocoa,3549911549
4151,"Velasquez Carrillo, Pilar",63,Villavicencio,7049658150
4152,"Flores Sanchez, Laura",30,Monteria,5836804751
4153,"Muñoz Mendez, Diana",70,Mocoa,2269488852
4154,"Cabrera Camacho, Angela",56,Tunja,5415917453
4155,"Camacho Moreno, Sergio",38,Saravena,1733188954
4156,"Mora Valencia, Alejandro",32,Soacha,9314313455
4157,"Meza Cardenas, Mauricio",60,Buenaventura,2186805856
4158,"Lopez Maldonado, Gabriel",34,Itagui,9740453857
4159,"Ramos Blanco, David",59,Cucuta,4696257058
4160,"Jimenez Trujillo, Victor",80,Monteria,2458837559
4161,"Zamora Rubio, Andres Felipe",23,Quibdo,4325914960
4162,"Valdez Lugo, Blanca",38,Bello,2687868761
4163,"Guerrero Guzmán, Rafael",42,Manizales,2152481162
4164,"Coronel Cano, Maria Jose",49,Pereira,6149427963
4165,"Alvarado Romero, Catalina",50,Saravena,8892394564
4166,"Gonzalez Maldonado, Esteban",40,Soledad,5960942965
4167,"Mora Rivera, Fernando",20,Leticia,2897357666
4168,"Acosta Becerra, Javier",18,Pasto,7780439867
4169,"Padilla Naranjo, Marcela",77,Neiva,4240827268
4170,"Acosta Torres, Ramon",20,Riohacha,3260400769
4171,"Figueroa Gallego, Silvia",61,Mocoa,5028320170
4172,"Lopez Blanco, Rosa",25,Tunja,3440834971
4173,"Jimenez Lopez, David",24,Villavicencio,6639407172
4174,"Delgado Ruiz, Maria",77,Leticia,1297437273
4175,"Espinoza Vergara, Elena",65,Pereira,3009172074
4176,"Navarro Serrano, Esperanza",30,Popayan,8623667875
4177,"Valdez Suarez, Catalina",32,Pereira,7368542476
4178,"Trujillo Núñez, Adriana",74,Neiva,5794321877
4179,"Rodriguez Gomez, Nora",42,Barrancabermeja,8362792978
4180,"Molina Perez, Gustavo",18,Soacha,3225693479
4181,"Gutierrez Lugo, Antonio",73,Yopal,3250722480
4182,"Velasquez Carrillo, Rodrigo",54,Cucuta,8506205681
4183,"Barrera Mora, Hugo",30,Mitu,8305399082
4184,"Becerra Mora, Miguel",43,Itagui,7823481483
4185,"Ramirez Barrera, Fabian",36,Valledupar,8006727384
4186,"Ponce Zamora, Roberto",66,Neiva,2405735685
4187,"Tapia Carrillo, Rodrigo",71,Inirida,7338199186
4188,"Morales Camacho, Arturo",70,Bucaramanga,1089454587
4189,"Mendoza Diaz, Rocio",38,Arauca,9802619988
4190,"Serrano Trujillo, Carmen",34,Bello,8839488989
4191,"Montes Martinez, Rafael",65,Yopal,6417106390
4192,"Morales Molina, Lorena",56,Itagui,2410170291
4193,"Gallego Pena, Javier",29,Saravena,1351183392
4194,"Rios Valdez, Javier",76,Cali,1957725893
4195,"Flores Ochoa, Mariana",74,Riohacha,6782744994
4196,"Jimenez Barrera, Lorena",75,Cucuta,3177517895
4197,"Sanchez Figueroa, Patricia",22,Sincelejo,9295576396
4198,"Sandoval Rodriguez, Rocio",34,Cali,5453299797
4199,"Molina Moreno, Tomas",44,Santa Marta,9026088998
4200,"Barrera Villanueva, Alejandra",21,Neiva,5963003799
4201,"Montes Cano, Fernando",75,Tunja,4514576900
4202,"Escobar Mendoza, Laura",80,Quibdo,9385607401
4203,"Avila Perez, Ramon",61,San Jose del Guaviare,5040166802
4204,"Maldonado Salinas, Felipe",60,Medellin,4030705203
4205,"Vergara Fuentes, Martha",29,Pereira,9642075204
4206,"Miranda Becerra, Sergio",32,Leticia,1856216105
4207,"Salazar Cano, Gabriel",52,Mocoa,8158251706
4208,"Padilla Navarro, Angela",39,Floridablanca,6268542907
4209,"Ortiz Vergara, Juan",45,Quibdo,8563979908
4210,"Arias Nieto, Ramon",63,Santa Marta,7371517009
4211,"Ibarra Leon, Irene",29,Soacha,1991480410
4212,"Padilla Morales, Tomas",50,Leticia,6063131411
4213,"Soto Valencia, Andrea",34,Saravena,5410083712
4214,"Fuentes Espinoza, Helena",67,Ibague,9814147013
4215,"Ruiz Becerra, Paola",47,Yopal,8083358314
4216,"Cortez Ponce, Javier",35,Bello,1360281715
4217,"Cardenas Medina, Mario",38,Popayan,2570876516
4218,"Osorio Núñez, Ignacio",47,Manizales,6917189017
4219,"Vásquez Espinoza, Pedro",55,Inirida,9350795818
4220,"Gallego Navarro, Beatriz",46,Bello,6505798019
4221,"Parra Contreras, Rafael",59,Soledad,7158496220
4222,"Garcia Arias, Sofia",44,Barrancabermeja,4598369021
4223,"Arias Soto, Mauricio",73,Sincelejo,8740220322
4224,"Gallego Ponce, Ana",62,Tunja,6575638923
4225,"Jimenez Montes, Lina",63,Manizales,7909275024
4226,"Herrera Martinez, Susana",61,Arauca,3421958325
4227,"Rivera Serrano, Oscar",19,Popayan,7929058526
4228,"Contreras Espinoza, Diego",27,Villavicencio,4224868227
4229,"Ibarra Delgado, Alejandro",32,Monteria,9272604928
4230,"Montes Núñez, Monica",45,Envigado,7295335229
4231,"Diaz Diaz, Gustavo",57,Villavicencio,4361341830
4232,"Meza Naranjo, Melissa",77,Sincelejo,6414064731
4233,"Bustos Ramos, Melissa",34,Sincelejo,9966607732
4234,"Garcia Morales, Luisa",33,Envigado,5879332033
4235,"Diaz Escobar, Melissa",31,Riohacha,9322464734
4236,"Ibarra Parra, Gloria",22,Palmira,2093315035
4237,"Rios Vásquez, Alejandra",42,Armenia,7995471736
4238,"Silva Contreras, Rodrigo",23,Santa Marta,2291590837
4239,"Arias Gonzalez, Martha",45,Cartagena,6633653838
4240,"Vargas Ramos, Patricia",49,Tunja,2915195639
4241,"Flores Ponce, Cesar",56,Floridablanca,6505510040
4242,"Cruz Parra, Carmen",59,Inirida,1953540441
4243,"Guerrero Suarez, Javier",36,Saravena,5177099542
4244,"Velasquez Montes, Pilar",80,Armenia,6866314843
4245,"Soto Ponce, Alfredo",64,Puerto Carreno,9794582144
4246,"Zamora Aguilar, Angela",30,Cartagena,6480318745
4247,"Núñez Castillo, Nicolas",40,Leticia,2427159546
4248,"Vásquez Becerra, Sofia",52,Itagui,9064007947
4249,"Rojas Aguilar, Ivan",64,Armenia,4700192348
4250,"Ruiz Vega, Diego",73,Tunja,7291890349
4251,"Martinez Meza, Carlos",20,Mitu,7589220050
4252,"Ochoa Velasquez, Andres",55,Valledupar,9958674551
4253,"Castillo Arias, Andres",48,Cartagena,8146162552
4254,"Vargas Contreras, Francisco",75,Saravena,9514056653
4255,"Valdez Fuentes, Lina",69,Mocoa,3048245754
4256,"Coronel Sanchez, Claudia",23,Soacha,3287615755
4257,"Villanueva Vega, Juliana",63,Puerto Carreno,7653491756
4258,"Cano Dominguez, Alejandro",53,Manizales,5081561257
4259,"Coronel Carrillo, Luisa",33,Neiva,1869152658
4260,"Salinas Acosta, Ana",35,Monteria,5948137659
4261,"Dominguez Morales, Ricardo",33,Medellin,3505813560
4262,"Campos Rivera, Hugo",24,Yopal,9001766861
4263,"Leon Bustos, Isabella",60,Soledad,8606796462
4264,"Jimenez Castillo, Mario",70,Yopal,3681265563
4265,"Ramos Leon, Natalia",19,Santa Marta,9055000764
4266,"Espinoza Acosta, Blanca",28,Puerto Carreno,1428731365
4267,"Velasquez Vergara, Rocio",20,Itagui,9731627966
4268,"Zamora Núñez, Enrique",55,Cartagena,6263368467
4269,"Contreras Cardenas, Ana Maria",33,Cucuta,4045165868
4270,"Lopez Rios, Pilar",77,Bucaramanga,6771524269
4271,"Zamora Cortez, Gloria",72,Inirida,1981455070
4272,"Leon Ortiz, Fabian",29,Bogota,9825774271
4273,"Alvarado Jimenez, Alejandro",25,Palmira,9594521072
4274,"Castillo Padilla, Maria Clara",56,Florencia,7716989573
4275,"Gomez Arias, Lina",75,Inirida,6881608074
4276,"Ibarra Guerrero, Yolanda",56,Santa Marta,9730636075
4277,"Mora Avila, Roberto",40,Popayan,6954038776
4278,"Avila Bustos, Maria",34,Inirida,2272546977
4279,"Ortiz Ponce, Silvia",44,Soledad,2067122578
4280,"Vega Acosta, Carlos",18,Ibague,1921019979
4281,"Ochoa Morales, Manuel",20,Floridablanca,2208012180
4282,"Martinez Estrada, Yolanda",21,Quibdo,1250234481
4283,"Salinas Mendoza, Rocio",42,Pasto,4875163782
4284,"Alvarez Medina, Nicolas",77,San Jose del Guaviare,3934345983
4285,"Avila Moreno, Diego",59,Bucaramanga,7684294184
4286,"Contreras Acosta, Valentina",33,Ibague,5875008785
4287,"Bustos Vargas, Fabian",40,Monteria,9564578786
4288,"Salinas Fuentes, Nora",18,Buenaventura,1147576187
4289,"Espinoza Perez, Diego",78,Florencia,3050189788
4290,"Coronel Molina, Daniela",72,Medellin,1040792489
4291,"Gallego Castillo, Catalina",24,Santa Marta,4013180990
4292,"Lugo Navarro, Gustavo",29,Bogota,6670430391
4293,"Barrera Blanco, Mauricio",24,Barrancabermeja,4972110492
4294,"Parra Mora, Camila",80,Soacha,2695051893
4295,"Espinoza Valencia, Teresa",49,Pereira,3601565894
4296,"Pena Romero, Hector",70,Manizales,6358345295
4297,"Pena Carrillo, Rodrigo",44,San Jose del Guaviare,8775132396
4298,"Peralta Mora, Hernan",76,San Jose del Guaviare,6175299297
4299,"Mendez Serrano, Blanca",76,Inirida,8210294098
4300,"Jimenez Ruiz, Paula",18,Manizales,4914365799
4301,"Carrillo Suarez, Maria Clara",60,Riohacha,7674168600
4302,"Becerra Barrera, Eduardo",29,Cartagena,5193938901
4303,"Delgado Cardenas, Alfredo",68,Pereira,6228158202
4304,"Vega Castillo, Jorge",57,Manizales,2572651903
4305,"Bustos Rubio, Juliana",56,Mocoa,4537123004
4306,"Miranda Muñoz, Ramon",36,Buenaventura,2230201005
4307,"Alvarado Romero, Monica",45,Arauca,5641923506
4308,"Nieto Cortez, Ernesto",69,Soledad,8366899207
4309,"Meza Aguilar, Maria Jose",62,Medellin,2349034308
4310,"Gutierrez Figueroa, Alicia",67,Villavicencio,4433072309
4311,"Nieto Contreras, Gloria",20,Barrancabermeja,4047395010
4312,"Bravo Velasquez, Laura",38,Arauca,4695160011
4313,"Perez Mendoza, Enrique",62,Medellin,3691539812
4314,"Vega Cortez, Camila",32,Mitu,3284923213
4315,"Rios Blanco, Miguel",51,Manizales,1123743514
4316,"Mendez Vega, Lina",78,Cucuta,7424613115
4317,"Lara Carrillo, Cesar",32,Manizales,4490613616
4318,"Ramos Salazar, Gustavo",53,Puerto Carreno,8993809017
4319,"Carrillo Soto, Alicia",18,Soacha,4207107218
4320,"Torres Aguilar, Rosa",45,Armenia,1184958819
4321,"Acosta Vega, Enrique",61,Cucuta,9468688120
4322,"Rodriguez Gonzalez, Raul",36,Bucaramanga,7206485021
4323,"Muñoz Contreras, Rodrigo",28,Soacha,1726692622
4324,"Mendez Coronel, Mauricio",71,Barranquilla,1055399623
4325,"Salazar Suarez, Nicolas",74,Palmira,2608951724
4326,"Suarez Lugo, Sergio",30,Bucaramanga,5644461125
4327,"Cortez Bustos, Teresa",28,Palmira,3537236526
4328,"Valdez Alvarado, Mauricio",75,Floridablanca,7365218527
4329,"Perez Osorio, Andrea",73,Palmira,9707346328
4330,"Garcia Cortez, Claudia",80,Saravena,6819619029
4331,"Delgado Morales, Claudia",75,Riohacha,1471314030
4332,"Tapia Bustos, Cesar",34,Barranquilla,1472917031
4333,"Vergara Sanchez, Jorge",38,Leticia,1358836332
4334,"Blanco Osorio, Enrique",42,Mocoa,5227115833
4335,"Sanchez Torres, Laura",67,Valledupar,6941378334
4336,"Mendez Serrano, Pilar",48,Palmira,9530074735
4337,"Perez Barrera, Luis Miguel",46,Cali,8610172336
4338,"Blanco Medina, Juliana",53,Bello,6791198337
4339,"Rivera Camacho, Andres Felipe",26,Itagui,2056643738
4340,"Escobar Contreras, Monica",36,Cucuta,6095009739
4341,"Ochoa Diaz, Susana",45,Palmira,2581308840
4342,"Meza Tapia, Maria",20,Puerto Carreno,9021227841
4343,"Valencia Vargas, Fernando",36,Envigado,3244154542
4344,"Leon Parra, Luis Miguel",62,Popayan,1401217243
4345,"Velasquez Pena, Diana",62,Bello,8989687244
4346,"Velasquez Maldonado, Ramon",40,Manizales,8725188945
4347,"Leon Guzmán, Pablo",54,Mocoa,5225579446
4348,"Rodriguez Mendez, Natalia",41,Bogota,5598016647
4349,"Garcia Lugo, Juliana",34,San Jose del Guaviare,3933302248
4350,"Gonzalez Cardenas, Roberto",35,San Jose del Guaviare,3016249849
4351,"Valdez Estrada, Alejandra",18,Sincelejo,4095348550
4352,"Cardenas Fuente, Melissa",42,Pasto,9255382351
4353,"Suarez Leon, Susana",67,Inirida,4983945552
4354,"Sanchez Becerra, Ana Maria",36,Bello,4025427453
4355,"Vergara Silva, Natalia",22,Santa Marta,9698916354
4356,"Gallego Osorio, Nicolas",61,Armenia,2421281655
4357,"Acosta Valdez, Patricia",74,Yopal,1538251456
4358,"Soto Zamora, Antonio",46,Itagui,1789270457
4359,"Soto Villanueva, Andres",68,Villavicencio,6465857258
4360,"Acosta Salazar, Pedro",62,Cali,9562216759
4361,"Campos Rivera, Juan Pablo",47,Riohacha,3606137060
4362,"Dominguez Alvarez, Mario",67,Mocoa,1474882761
4363,"Cruz Salazar, Maria Clara",80,Soledad,8694010962
4364,"Serrano Castillo, Teresa",77,Saravena,4195126263
4365,"Reyes Barrera, Rodrigo",20,Popayan,7728884164
4366,"Mora Cruz, Diego",65,Manizales,1685314965
4367,"Moreno Vergara, Teresa",71,Manizales,2974442066
4368,"Avila Acosta, Esteban",43,Soledad,2303950367
4369,"Guerrero Salinas, Silvia",42,Buenaventura,1750201568
4370,"Barrera Padilla, Paula",20,Popayan,9541109169
4371,"Medina Zamora, Beatriz",74,Itagui,8824647270
4372,"Ramirez Cabrera, Oscar",45,Floridablanca,6493772371
4373,"Serrano Rodriguez, Juan Pablo",18,Manizales,6020013972
4374,"Lugo Rios, Elena",67,Puerto Carreno,4800024273
4375,"Lopez Serrano, Nora",61,San Jose del Guaviare,4722854074
4376,"Cano Salazar, Lina",26,Florencia,1885040975
4377,"Silva Mora, Silvia",23,Soledad,5573320176
4378,"Vargas Lopez, Natalia",38,Soacha,4955069277
4379,"Trujillo Padilla, Alicia",23,Buenaventura,5612485878
4380,"Jimenez Escobar, Pedro",27,Armenia,7262657179
4381,"Arias Torres, Valentina",76,Floridablanca,3737739980
4382,"Bravo Nieto, Felipe",44,Mocoa,2755418981
4383,"Villanueva Pena, Eduardo",44,Armenia,7111788482
4384,"Leon Velasquez, Cristina",72,Santa Marta,3913119383
4385,"Mora Parra, Oscar",60,Quibdo,7445363484
4386,"Blanco Guerrero, Maria Clara",53,Medellin,9850993085
4387,"Pena Soto, Blanca",53,Yopal,6248220986
4388,"Molina Gomez, Andrea",48,Cucuta,1875653887
4389,"Perez Cabrera, Beatriz",73,Soledad,3549837888
4390,"Dominguez Fuente, Teresa",67,Palmira,1224391489
4391,"Fuente Herrera, Daniela",50,Leticia,6819339390
4392,"Contreras Salinas, Andres",41,Villavicencio,1253919091
4393,"Silva Lara, Gloria",73,Bucaramanga,4977112092
4394,"Alvarez Cano, Rafael",23,Saravena,5835604693
4395,"Rubio Garcia, Blanca",28,Soacha,8344445194
4396,"Salinas Alvarez, Fernando",59,Popayan,4262424695
4397,"Camacho Suarez, Andrea",18,Cartagena,4579528596
4398,"Mendoza Torres, Antonio",26,Pasto,2496204897
4399,"Padilla Valencia, Cristina",65,Popayan,9372411698
4400,"Gonzalez Molina, Paola",61,Palmira,3612798999
4401,"Torres Naranjo, Paula",33,Puerto Carreno,2483946900
4402,"Vega Figueroa, Maria",73,Popayan,7370136901
4403,"Acosta Coronel, Susana",69,Saravena,1768022502
4404,"Zamora Ortiz, Francisco",37,Bucaramanga,4247575203
4405,"Villanueva Tapia, Daniela",54,Barranquilla,6105397104
4406,"Medina Villanueva, Sebastian",35,Medellin,4713103305
4407,"Maldonado Becerra, Hugo",49,Soacha,7106373706
4408,"Salinas Parra, Julio",38,Sincelejo,1594569207
4409,"Alvarez Perez, Alicia",63,Armenia,1282756708
4410,"Velasquez Miranda, Pedro",28,Mocoa,8981705309
4411,"Flores Pena, Julio",26,Ibague,9640513810
4412,"Cruz Martinez, Arturo",56,Armenia,9763306611
4413,"Gallego Lara, Pablo",18,Mitu,6944137712
4414,"Medina Maldonado, David",20,Riohacha,7870798813
4415,"Tapia Lugo, Paula",57,Monteria,4102592314
4416,"Navarro Naranjo, Eduardo",68,Saravena,2660729915
4417,"Cardenas Ponce, Ana Maria",47,Florencia,1742805616
4418,"Alvarez Diaz, Irene",23,Puerto Carreno,6770811317
4419,"Cano Cano, Paola",68,Florencia,3766423318
4420,"Velasquez Bravo, Helena",35,Monteria,9079383919
4421,"Reyes Suarez, Raul",74,Cali,7075924920
4422,"Salazar Cardenas, Luis Miguel",39,Leticia,7996924721
4423,"Barrera Muñoz, Juliana",72,Santa Marta,6062818422
4424,"Salazar Salazar, Irene",67,San Jose del Guaviare,3365341723
4425,"Ibarra Miranda, Valentina",33,Palmira,8549084424
4426,"Osorio Molina, Valentina",29,Inirida,9153292625
4427,"Ortiz Martinez, Elena",45,Pereira,8863349526
4428,"Gomez Villanueva, Hector",77,Popayan,2315927427
4429,"Torres Silva, Luis",42,Yopal,6044837428
4430,"Vargas Vergara, Oscar",51,Cartagena,5163198029
4431,"Gomez Velasquez, Ramon",26,Valledupar,4361293930
4432,"Cruz Gallego, David",47,Cucuta,5990432031
4433,"Gomez Parra, Raul",60,Cartagena,1417801932
4434,"Perez Rojas, Nora",34,Pereira,2748932533
4435,"Ibarra Gonzalez, Andrea",28,Saravena,6469024034
4436,"Reyes Figueroa, Silvia",35,Florencia,7005973935
4437,"Bustos Salazar, Luis Miguel",48,Mitu,3557190536
4438,"Rios Vergara, Catalina",28,Bello,2206044037
4439,"Sanchez Nieto, Sergio",66,Yopal,7256704538
4440,"Salinas Silva, Gloria",25,Medellin,5611124839
4441,"Bravo Navarro, Maria Jose",71,Neiva,2326084840
4442,"Vergara Gonzalez, Antonio",23,Barranquilla,8668349541
4443,"Herrera Maldonado, Natalia",62,Itagui,5723856042
4444,"Rojas Osorio, Elena",36,Tunja,4210078243
4445,"Vásquez Maldonado, Angela",27,Barrancabermeja,5974486044
4446,"Diaz Parra, Andrea",51,Envigado,3910809845
4447,"Pena Sandoval, Sofia",67,Mitu,9680242646
4448,"Romero Soto, Miguel",59,Bucaramanga,7897320347
4449,"Castillo Maldonado, Patricia",46,Tunja,5969250848
4450,"Alvarez Maldonado, Maria",68,Monteria,5515173649
4451,"Mora Ramos, Laura",33,Barrancabermeja,6114775050
4452,"Ibarra Osorio, Cesar",65,Villavicencio,7561282051
4453,"Medina Acosta, Andres",53,Medellin,5244918752
4454,"Acosta Fuente, Francisco",33,Itagui,9754646753
4455,"Padilla Medina, Cesar",80,Palmira,9815071554
4456,"Palacios Mendez, Valentina",53,San Jose del Guaviare,6502653855
4457,"Gutierrez Jimenez, Diego",27,Santa Marta,4541598656
4458,"Espinoza Maldonado, Carmen",23,Villavicencio,7628779757
4459,"Sanchez Ruiz, Diego",28,Bello,2606359458
4460,"Avila Jimenez, Yolanda",75,Floridablanca,9569734959
4461,"Campos Silva, Juliana",29,Leticia,6976026360
4462,"Becerra Rios, Rafael",32,Puerto Carreno,4751652961
4463,"Sandoval Romero, Alejandra",49,Arauca,2418857562
4464,"Villanueva Acosta, Tomas",27,Santa Marta,1099119363
4465,"Vega Alvarado, Alejandra",32,Inirida,8602051264
4466,"Serrano Valdez, Diego",49,Pereira,5968663665
4467,"Jimenez Herrera, Paula",58,Villavicencio,1514981366
4468,"Salazar Villanueva, Hernan",61,Neiva,8458988967
4469,"Martinez Espinoza, Paola",72,Cartagena,1153494468
4470,"Ibarra Rivera, Ana",65,Mocoa,9170418469
4471,"Jimenez Molina, Ana Maria",66,Mocoa,6828695670
4472,"Estrada Mendez, Felipe",22,Cali,5187958571
4473,"Vega Ruiz, Juan Pablo",57,Neiva,3894275372
4474,"Sandoval Barrera, Luisa",24,Envigado,3433936073
4475,"Barrera Sanchez, Esperanza",70,Buenaventura,3914180374
4476,"Parra Leon, Cesar",41,Pereira,8559370475
4477,"Valdez Contreras, Hernan",43,Inirida,7983995576
4478,"Blanco Martinez, Fabian",48,Cartagena,5459140177
4479,"Nieto Leon, Francisco",52,Villavicencio,2540455278
4480,"Estrada Peralta, Pablo",20,Neiva,5110561679
4481,"Lugo Lugo, Andres Felipe",68,Mocoa,1216400380
4482,"Rojas Vásquez, Esteban",72,Neiva,6550055981
4483,"Salinas Mendoza, Daniela",35,Cucuta,4000505182
4484,"Serrano Gonzalez, Ernesto",72,Pereira,4200421583
4485,"Medina Ochoa, Beatriz",31,Cali,8344607184
4486,"Navarro Padilla, Patricia",64,Santa Marta,1531437285
4487,"Molina Diaz, Paula",43,Pasto,3296827586
4488,"Velasquez Arias, Andrea",43,Yopal,3081948387
4489,"Rojas Moreno, Sandra",21,Mocoa,5244427288
4490,"Rios Cruz, Catalina",24,Floridablanca,8839053089
4491,"Bustos Acosta, Monica",38,Yopal,8182820790
4492,"Ortiz Valdez, Arturo",32,Medellin,7675254491
4493,"Reyes Tapia, Adriana",68,Cali,4719658392
4494,"Parra Espinoza, Miguel",73,Yopal,6984053293
4495,"Castillo Valdez, Francisco",30,Mitu,2842060494
4496,"Avila Mendoza, Maria",23,Monteria,8445040195
4497,"Campos Valencia, Yolanda",42,Medellin,3582201896
4498,"Vergara Herrera, Luis Miguel",72,Cucuta,6161956797
4499,"Coronel Bravo, Raul",29,Arauca,4627486198
4500,"Sandoval Ortiz, Melissa",74,Monteria,2470645299
4501,"Gallego Vásquez, Juliana",31,Santa Marta,2414134900
4502,"Pena Avila, Daniela",56,Mocoa,6890358101
4503,"Soto Vásquez, Antonio",65,Valledupar,2628259102
4504,"Mendoza Suarez, Carmen",20,Barranquilla,4695861803
4505,"Diaz Lugo, Oscar",70,Bogota,5567332704
4506,"Soto Vargas, Marcela",67,Cucuta,7959172105
4507,"Medina Morales, Eduardo",22,Medellin,8274555406
4508,"Maldonado Cardenas, Alejandra",26,Armenia,2995332807
4509,"Miranda Silva, Hernan",38,Itagui,1129054808
4510,"Garcia Ramirez, Cesar",78,Mocoa,9788460309
4511,"Gomez Montes, Juliana",67,Leticia,5021880810
4512,"Dominguez Arias, Gloria",28,Leticia,1499042211
4513,"Valdez Rojas, Alejandro",64,Soacha,9621500812
4514,"Vergara Muñoz, Alejandra",43,Medellin,7334240513
4515,"Cortez Delgado, Antonio",59,Envigado,1603786914
4516,"Palacios Dominguez, Ana",18,Soledad,1708105115
4517,"Vargas Cabrera, Nora",40,Riohacha,7186334316
4518,"Montes Muñoz, Irene",46,Envigado,3597441917
4519,"Camacho Blanco, Isabella",25,Villavicencio,9070839718
4520,"Castillo Naranjo, Maria Jose",72,Saravena,2375873719
4521,"Molina Arias, Silvia",36,Leticia,5931378820
4522,"Barrera Ochoa, Luisa",42,Valledupar,8113599421
4523,"Rios Acosta, Diana",38,Tunja,6020406922
4524,"Gonzalez Fuente, Luisa",41,Cucuta,8949996823
4525,"Rojas Salinas, Esteban",52,Barranquilla,6644246424
4526,"Cruz Mendoza, Mauricio",42,Palmira,9219494725
4527,"Pena Coronel, Ricardo",55,Arauca,1776865226
4528,"Mora Vásquez, Lorena",40,Envigado,3718965127
4529,"Blanco Acosta, Yolanda",66,Palmira,3808019828
4530,"Estrada Mora, Blanca",20,Puerto Carreno,3168099829
4531,"Ortiz Rios, Mariana",21,Soacha,1080778530
4532,"Muñoz Alvarez, Pedro",60,Soledad,8636099431
4533,"Sandoval Romero, Maria",43,Bucaramanga,1225687832
4534,"Contreras Rios, Gabriel",48,Monteria,4817468833
4535,"Romero Valencia, Camila",47,Soledad,9478085734
4536,"Bravo Fuente, Valentina",44,Manizales,3591797835
4537,"Gonzalez Suarez, David",65,Bogota,6848050936
4538,"Gonzalez Medina, Antonio",49,Quibdo,2457277037
4539,"Guzmán Carrillo, Antonio",31,Popayan,7252780038
4540,"Acosta Gomez, Maria Clara",24,Mocoa,1571176039
4541,"Maldonado Zamora, David",66,Quibdo,3765213140
4542,"Castillo Flores, Lina",62,Pereira,5778702241
4543,"Fuentes Lopez, Claudia",38,Cartagena,7107162542
4544,"Rodriguez Maldonado, Pedro",51,Armenia,5870404043
4545,"Meza Gonzalez, Alejandro",44,Yopal,9005365944
4546,"Villanueva Moreno, Javier",77,Cucuta,1304207245
4547,"Perez Moreno, Antonio",20,Inirida,4282148846
4548,"Coronel Perez, Gabriel",53,Soledad,9703918047
4549,"Aguilar Camacho, Blanca",45,San Jose del Guaviare,9780878248
4550,"Diaz Gutierrez, Paola",59,Leticia,9580322249
4551,"Ortiz Osorio, Daniela",65,Armenia,7781690950
4552,"Espinoza Reyes, Mauricio",52,Neiva,8443202451
4553,"Ibarra Cardenas, Diana",71,Palmira,4697886952
4554,"Salinas Ruiz, Sofia",34,Villavicencio,9470205153
4555,"Bustos Núñez, Carlos",80,Bogota,8699432454
4556,"Diaz Cortez, Fabian",80,Armenia,4590848055
4557,"Mendez Ochoa, Manuel",58,Monteria,8347118856
4558,"Ortiz Cardenas, Pedro",69,Cali,3737960257
4559,"Figueroa Villanueva, Antonio",35,Barranquilla,9767334158
4560,"Jimenez Cano, Gustavo",58,San Jose del Guaviare,8374645359
4561,"Ramos Valencia, Diana",41,Quibdo,3317945560
4562,"Avila Trujillo, Laura",22,Cali,2477108561
4563,"Ramos Campos, Roberto",52,Sincelejo,7726772162
4564,"Medina Vásquez, Laura",52,Inirida,8980463563
4565,"Campos Ibarra, Rosa",49,Bello,1384072764
4566,"Vega Cortez, Sebastian",42,Bucaramanga,4346997365
4567,"Ochoa Medina, Silvia",52,Cartagena,2903782666
4568,"Vargas Becerra, Esperanza",27,Ibague,2398944967
4569,"Molina Ramos, Felipe",55,Mocoa,4253301368
4570,"Trujillo Barrera, Catalina",25,Florencia,4287659169
4571,"Montes Rodriguez, Andres Felipe",43,Saravena,9690283070
4572,"Barrera Perez, Fabian",23,Neiva,2676445171
4573,"Soto Muñoz, Cesar",75,Mitu,2484728872
4574,"Alvarado Serrano, Raul",46,Mitu,9327805973
4575,"Rojas Molina, Miguel",31,Itagui,8348126374
4576,"Soto Silva, Victor",53,Saravena,4178939475
4577,"Medina Cardenas, Camila",35,Soledad,5106511276
4578,"Guerrero Vargas, Diego",68,Cartagena,9151950477
4579,"Zamora Fuente, Juliana",54,Pereira,9969406078
4580,"Morales Bravo, Hector",61,Arauca,6009758679
4581,"Muñoz Ramos, Francisco",66,Cali,3387441780
4582,"Valencia Ramos, Valentina",23,Santa Marta,5514835181
4583,"Moreno Naranjo, Diego",80,Bogota,4950007182
4584,"Nieto Mendez, Melissa",43,Riohacha,8373538783
4585,"Salazar Nieto, Laura",69,Medellin,6252849584
4586,"Garcia Torres, Natalia",27,Monteria,3304435985
4587,"Arias Rivera, Cristina",53,Barranquilla,7805882586
4588,"Coronel Nieto, Cesar",73,Manizales,2589140287
4589,"Silva Salinas, Julio",60,Envigado,8928624288
4590,"Rubio Osorio, Lina",79,Palmira,7590933189
4591,"Parra Guerrero, Irene",60,Floridablanca,5392888890
4592,"Peralta Cardenas, Andres Felipe",46,Palmira,8025168391
4593,"Castillo Bustos, Roberto",27,Envigado,1960728492
4594,"Ramos Ruiz, Ramon",65,Medellin,2048837193
4595,"Figueroa Moreno, Sergio",69,Arauca,1349200994
4596,"Parra Nieto, Alfredo",30,Cucuta,1238201795
4597,"Salinas Rios, Miguel",31,Tunja,6795744696
4598,"Rivera Lopez, Javier",78,Mitu,5484572997
4599,"Guzmán Rios, Diana",41,Soacha,9170977198
4600,"Naranjo Delgado, Miguel",66,Soledad,5436994199
4601,"Reyes Mendoza, Ramon",36,Bello,9646123900
4602,"Serrano Naranjo, Roberto",68,Mitu,7704603901
4603,"Ochoa Molina, Daniela",61,Palmira,9125308402
4604,"Bravo Blanco, Cristina",45,Popayan,2613635203
4605,"Aguilar Trujillo, Cristina",35,Florencia,2130746404
4606,"Reyes Carrillo, Ignacio",60,Manizales,1194117305
4607,"Vega Jimenez, Rodrigo",54,Villavicencio,5163705906
4608,"Flores Delgado, Alejandro",63,Yopal,6822755807
4609,"Barrera Garcia, Nicolas",27,Barrancabermeja,5380352308
4610,"Alvarez Jimenez, Helena",71,Cucuta,4520925909
4611,"Alvarado Montes, Pilar",30,Ibague,7073420110
4612,"Peralta Ramirez, Sergio",56,Florencia,8825700911
4613,"Ponce Peralta, Alejandro",68,Riohacha,5880955512
4614,"Muñoz Miranda, Diana",31,Bogota,1374194713
4615,"Aguilar Gonzalez, Tomas",75,Valledupar,8167619614
4616,"Aguilar Rubio, Sofia",29,Pereira,5812095915
4617,"Ramirez Arias, Daniela",37,Cali,3224054816
4618,"Gallego Martinez, Yolanda",46,Manizales,1614355717
4619,"Sanchez Escobar, Angela",61,Puerto Carreno,9873274118
4620,"Dominguez Morales, Catalina",22,Quibdo,8110536919
4621,"Carrillo Vásquez, Patricia",71,Floridablanca,3736788020
4622,"Camacho Coronel, Mauricio",55,Arauca,8719037421
4623,"Morales Peralta, Fernando",51,Valledupar,1124921222
4624,"Osorio Ibarra, Luis Miguel",30,Bucaramanga,1762329023
4625,"Soto Rivera, Juliana",70,Bucaramanga,8753460024
4626,"Fuente Fuente, Natalia",38,Florencia,4010883525
4627,"Ramirez Barrera, Ernesto",58,Arauca,6698085326
4628,"Leon Bustos, Maria Clara",33,Villavicencio,9135155727
4629,"Diaz Ortiz, Gloria",46,Sincelejo,5085775128
4630,"Vargas Martinez, Paula",56,Bogota,2873535029
4631,"Vargas Aguilar, Fernando",60,Bucaramanga,4134906430
4632,"Alvarez Tapia, Ernesto",35,Barrancabermeja,1122369631
4633,"Leon Mendez, Camila",52,Saravena,9600516832
4634,"Espinoza Sandoval, Eduardo",22,Manizales,5077331233
4635,"Reyes Acosta, Luis",61,Soledad,9549730834
4636,"Arias Cortez, Laura",76,Bucaramanga,4671217135
4637,"Suarez Parra, Camila",43,Sincelejo,8954676436
4638,"Camacho Figueroa, David",31,Bogota,6113467537
4639,"Mendoza Torres, Pablo",67,Mitu,6841785838
4640,"Cortez Torres, Francisco",45,Buenaventura,4913544739
4641,"Vergara Salazar, Roberto",41,Bucaramanga,9092511240
4642,"Sandoval Leon, Juan",40,Riohacha,4833641241
4643,"Martinez Molina, Elena",33,Barranquilla,7214826442
4644,"Garcia Villanueva, Silvia",69,Villavicencio,6746674743
4645,"Reyes Villanueva, Pilar",47,San Jose del Guaviare,6169209144
4646,"Fuentes Coronel, Ignacio",39,Manizales,7147841445
4647,"Rubio Lugo, Sofia",56,Ibague,4989769546
4648,"Figueroa Escobar, Luis",66,San Jose del Guaviare,5435433447
4649,"Cardenas Suarez, Susana",60,Santa Marta,1260359348
4650,"Silva Lopez, Monica",18,Popayan,6563295549
4651,"Garcia Coronel, Alfredo",55,Pasto,1066087150
4652,"Fuente Moreno, Daniela",73,Cartagena,8382426751
4653,"Guerrero Pena, Rafael",67,Armenia,1730458352
4654,"Camacho Gomez, Hector",80,Medellin,3425829353
4655,"Alvarado Molina, Sebastian",47,Bucaramanga,2588207354
4656,"Acosta Velasquez, Carlos",65,Florencia,3256650155
4657,"Gallego Vergara, Mauricio",25,Manizales,7138644056
4658,"Rivera Vergara, Susana",69,Cali,1462183457
4659,"Velasquez Mendoza, Sergio",75,Sincelejo,3374329258
4660,"Parra Rojas, Luisa",56,Pasto,1158915159
4661,"Castillo Navarro, Julio",43,Manizales,5499160860
4662,"Ortiz Estrada, Susana",62,Ibague,2550379461
4663,"Flores Sanchez, Laura",59,Bucaramanga,3925258162
4664,"Alvarez Bustos, Sandra",24,Puerto Carreno,6193118963
4665,"Montes Soto, Gabriel",41,Bucaramanga,5160360264
4666,"Vergara Lugo, Sandra",75,Cali,5431488665
4667,"Ramos Osorio, Marcela",33,Barrancabermeja,8882192666
4668,"Rivera Vergara, Fabian",46,Envigado,4348537167
4669,"Morales Campos, Arturo",42,Barrancabermeja,6792080468
4670,"Becerra Silva, Maria Clara",51,Armenia,2901508569
4671,"Romero Ruiz, Ramon",46,Bello,7194564670
4672,"Morales Campos, Ana",80,Tunja,5081744971
4673,"Rodriguez Lugo, Luis Miguel",23,Inirida,6982020372
4674,"Medina Alvarado, Sebastian",45,Santa Marta,4046643773
4675,"Molina Nieto, Alejandro",62,Itagui,2669914374
4676,"Palacios Rojas, Alicia",37,Quibdo,4326353075
4677,"Trujillo Ortiz, Elena",29,Yopal,6857384576
4678,"Cortez Sanchez, Luisa",49,Neiva,1461452477
4679,"Espinoza Campos, Adriana",42,Floridablanca,5079449178
4680,"Ramirez Delgado, Patricia",75,Medellin,9963033979
4681,"Navarro Morales, Andres Felipe",48,Manizales,1853150980
4682,"Guerrero Rios, Felipe",52,Palmira,7262719081
4683,"Lara Moreno, Julio",71,Armenia,2944251582
4684,"Ortiz Barrera, Maria Jose",26,Mocoa,2970817183
4685,"Medina Gutierrez, Fernando",69,Palmira,4390824384
4686,"Núñez Acosta, Andrea",43,Cucuta,1477863685
4687,"Valdez Naranjo, Helena",32,Neiva,1528954386
4688,"Salazar Medina, Sergio",24,Yopal,8861632287
4689,"Contreras Naranjo, Teresa",33,Florencia,7656549288
4690,"Avila Guerrero, Andrea",34,Popayan,4694757189
4691,"Ramirez Sandoval, Lina",42,Sincelejo,8997374490
4692,"Cortez Lopez, Rodrigo",48,Ibague,6058208191
4693,"Gomez Aguilar, Maria",45,Saravena,3392543792
4694,"Salinas Tapia, Raul",18,Bucaramanga,2484767993
4695,"Fuentes Romero, Natalia",32,Puerto Carreno,2821976194
4696,"Salinas Mendoza, Marcela",49,Cali,3157614195
4697,"Ortiz Delgado, Nicolas",73,Tunja,2673894196
4698,"Carrillo Sanchez, Alejandro",18,Florencia,2836499597
4699,"Ruiz Reyes, Marcela",68,Saravena,6878926298
4700,"Zamora Rojas, Lina",30,Soledad,2227827899
4701,"Moreno Figueroa, Nicolas",28,Villavicencio,8151696800
4702,"Perez Palacios, Juan",58,Valledupar,4245939001
4703,"Tapia Gutierrez, Beatriz",74,Leticia,3696500402
4704,"Ramirez Gallego, Irene",40,Villavicencio,6581441603
4705,"Carrillo Moreno, Tomas",70,Soacha,9461881404
4706,"Montes Lara, Pablo",43,Floridablanca,1296176405
4707,"Rios Perez, Esteban",55,Medellin,8785957706
4708,"Sandoval Figueroa, Mauricio",42,Barranquilla,5451521507
4709,"Bravo Palacios, Raul",67,Soledad,4633738108
4710,"Romero Leon, Martha",78,Medellin,2702318509
4711,"Serrano Diaz, Silvia",23,Buenaventura,4925207410
4712,"Perez Peralta, Mariana",40,Pasto,9307590911
4713,"Lopez Bravo, Ana",64,Neiva,6993282212
4714,"Montes Morales, Rafael",64,Leticia,8380558313
4715,"Peralta Coronel, Maria",49,Quibdo,3993173314
4716,"Nieto Escobar, Maria",51,Pasto,1811647415
4717,"Castillo Cruz, Pablo",70,Florencia,5739803716
4718,"Campos Zamora, Pablo",54,Valledupar,9184768217
4719,"Sanchez Leon, Silvia",75,Mocoa,1540333618
4720,"Soto Romero, Yolanda",30,Ibague,5080064919
4721,"Gallego Soto, Juan",54,Envigado,5557054920
4722,"Naranjo Alvarado, Miguel",74,Saravena,6156366221
4723,"Miranda Vega, Luisa",41,Cartagena,7285577622
4724,"Valencia Lugo, Enrique",29,Valledupar,1906619923
4725,"Mendez Maldonado, Helena",63,Valledupar,2938379324
4726,"Maldonado Suarez, Juliana",44,Cucuta,1417372525
4727,"Meza Gallego, Fernando",38,Soacha,8339461726
4728,"Reyes Serrano, Javier",29,Neiva,2772479827
4729,"Velasquez Padilla, Irene",43,Pasto,9911943928
4730,"Morales Diaz, Hernan",72,Floridablanca,8111852929
4731,"Arias Rodriguez, Paola",57,Barranquilla,8906527130
4732,"Diaz Meza, Fernando",19,Monteria,4035328031
4733,"Rivera Soto, Diego",52,Bucaramanga,8346496732
4734,"Alvarez Cortez, Antonio",21,Yopal,6995739933
4735,"Ochoa Avila, Valentina",78,Envigado,7350756634
4736,"Ponce Morales, Elena",30,Buenaventura,6607206335
4737,"Molina Sandoval, Luis",66,Inirida,1961103336
4738,"Romero Sandoval, Juan Pablo",75,Leticia,6630516837
4739,"Muñoz Vega, Susana",75,Palmira,3104928238
4740,"Osorio Castillo, Gloria",39,Santa Marta,3278956139
4741,"Romero Arias, Oscar",34,Leticia,2127726240
4742,"Vergara Rios, Camila",42,Armenia,7825474941
4743,"Bustos Salazar, Paola",71,Mitu,4387408542
4744,"Cortez Miranda, Natalia",63,Monteria,4436067843
4745,"Perez Fuentes, Juan",48,Soledad,7420530244
4746,"Flores Bravo, Luis",60,Itagui,1542525945
4747,"Trujillo Cabrera, Catalina",21,Leticia,7064113146
4748,"Ponce Guerrero, Helena",61,Soacha,8940609447
4749,"Vega Muñoz, Oscar",47,Ibague,2959252348
4750,"Trujillo Reyes, Gloria",21,Popayan,8654104549
4751,"Muñoz Parra, Esteban",43,Soledad,2431553650
4752,"Fuentes Navarro, Sandra",48,Inirida,4587514351
4753,"Vega Fuentes, Daniela",55,Barranquilla,5187010852
4754,"Perez Núñez, Andres Felipe",69,Buenaventura,6165919453
4755,"Bravo Núñez, Rocio",32,Neiva,2135121554
4756,"Mora Mendez, Paola",56,Bucaramanga,3029146855
4757,"Lopez Salazar, Cristina",54,Cartagena,4928623056
4758,"Muñoz Ramirez, Rodrigo",72,Bucaramanga,1997131357
4759,"Cano Cano, Luisa",77,Yopal,4494486658
4760,"Gallego Maldonado, Sebastian",26,Villavicencio,4088230459
4761,"Padilla Romero, Victor",71,Cartagena,1528934060
4762,"Ochoa Barrera, Antonio",41,Soledad,8355189161
4763,"Mendez Carrillo, Sandra",68,Puerto Carreno,4685817062
4764,"Tapia Fuentes, Rafael",80,Ibague,1420901563
4765,"Montes Parra, Pablo",33,Bucaramanga,6444090864
4766,"Escobar Fuente, Andrea",59,Saravena,2065634065
4767,"Naranjo Reyes, Manuel",41,Puerto Carreno,3588743666
4768,"Zamora Cardenas, Tomas",78,Villavicencio,5961018167
4769,"Bravo Blanco, Roberto",36,Mocoa,6504985468
4770,"Rodriguez Garcia, Lorena",57,Neiva,3585183369
4771,"Velasquez Muñoz, Gustavo",39,Popayan,3374565070
4772,"Naranjo Silva, Yolanda",60,Florencia,7370600371
4773,"Lopez Barrera, Juan",80,Soacha,6351606072
4774,"Naranjo Gallego, Mario",60,Bucaramanga,7256078873
4775,"Garcia Barrera, Oscar",74,Popayan,5023705174
4776,"Perez Camacho, Ivan",66,Ibague,5183605575
4777,"Vergara Aguilar, Roberto",30,Buenaventura,2050295776
4778,"Salazar Miranda, Rocio",43,Envigado,1832507677
4779,"Estrada Camacho, Natalia",29,Itagui,6745997778
4780,"Miranda Leon, Isabella",59,Floridablanca,9600251379
4781,"Núñez Jimenez, Sebastian",35,Santa Marta,4592248380
4782,"Estrada Guzmán, Arturo",71,Palmira,6274779881
4783,"Garcia Rivera, Ramon",57,Mitu,6955117582
4784,"Reyes Blanco, Maria Jose",21,Villavicencio,9922237783
4785,"Salazar Escobar, Alejandro",35,Manizales,1903521784
4786,"Suarez Mendez, Juan",48,Manizales,2361475985
4787,"Silva Mora, Monica",20,Cali,1487376786
4788,"Ponce Figueroa, Pedro",50,Santa Marta,8553986687
4789,"Muñoz Silva, Oscar",30,Inirida,2825587588
4790,"Rivera Molina, Helena",79,Arauca,5679753889
4791,"Diaz Gomez, Sergio",22,Manizales,7743471990
4792,"Vergara Trujillo, Alejandra",74,Bucaramanga,9143022791
4793,"Guzmán Lopez, Angela",74,Sincelejo,7046937092
4794,"Coronel Ochoa, Martha",24,Buenaventura,7631904693
4795,"Reyes Leon, Valentina",49,Tunja,7346413694
4796,"Silva Gomez, Maria",70,Floridablanca,2282915495
4797,"Padilla Naranjo, Gabriel",78,Saravena,4805987896
4798,"Diaz Carrillo, Eduardo",78,Tunja,8499351197
4799,"Navarro Fuente, Alicia",63,Leticia,3287500898
4800,"Lugo Villanueva, Martha",70,Soacha,7744889199
4801,"Villanueva Ruiz, Rocio",44,Ibague,4040090200
4802,"Ruiz Sandoval, Alfredo",66,Bello,6631541501
4803,"Meza Escobar, Marcela",23,Mocoa,2322654302
4804,"Avila Salazar, Camila",63,Yopal,7103029503
4805,"Trujillo Alvarado, Arturo",78,Quibdo,2795942104
4806,"Cardenas Villanueva, Luis",42,Neiva,4810762705
4807,"Rivera Aguilar, Ana Maria",74,Mitu,3269136406
4808,"Valencia Rios, Juliana",20,Medellin,3611038007
4809,"Estrada Cabrera, Eduardo",28,Florencia,6293868208
4810,"Lugo Guerrero, Claudia",55,Armenia,4824430509
4811,"Perez Alvarado, Gloria",59,Bogota,4864955910
4812,"Flores Espinoza, Yolanda",71,Bucaramanga,6956674811
4813,"Medina Torres, Marcela",72,Armenia,5877009112
4814,"Escobar Valdez, Mauricio",34,Puerto Carreno,5708225613
4815,"Padilla Sanchez, Diana",76,Envigado,8502668914
4816,"Sandoval Valencia, Catalina",76,Inirida,9749588615
4817,"Rivera Flores, Arturo",22,Saravena,6581882816
4818,"Fuente Bravo, Ramon",52,Medellin,9657058817
4819,"Acosta Vergara, Arturo",59,Sincelejo,5717772518
4820,"Figueroa Silva, Fabian",43,Soacha,2261206219
4821,"Figueroa Parra, Yolanda",63,Soacha,9125455520
4822,"Silva Avila, Mauricio",72,Cali,1806699021
4823,"Barrera Avila, Alfredo",35,Leticia,1201114422
4824,"Sanchez Torres, Mauricio",36,Neiva,5942326523
4825,"Contreras Rodriguez, Rosa",26,Villavicencio,1600702324
4826,"Contreras Cano, Oscar",69,Monteria,7733093225
4827,"Castillo Molina, Adriana",34,Buenaventura,5791724726
4828,"Maldonado Ramirez, Sebastian",32,Barrancabermeja,3025256427
4829,"Contreras Estrada, Fabian",33,Mitu,2190953028
4830,"Cano Torres, Claudia",33,Bucaramanga,9778284329
4831,"Dominguez Vergara, Claudia",22,Puerto Carreno,4989712830
4832,"Suarez Pena, Rosa",40,Manizales,4060000831
4833,"Muñoz Cabrera, Catalina",29,Arauca,8237943432
4834,"Rodriguez Padilla, Susana",68,Bucaramanga,7057239533
4835,"Valdez Rojas, Irene",60,Neiva,9286406634
4836,"Dominguez Ortiz, Ana Maria",49,Barrancabermeja,4116190435
4837,"Parra Arias, Martha",68,Palmira,3842006136
4838,"Molina Fuentes, Paola",68,Bucaramanga,5020350437
4839,"Avila Avila, Javier",79,Leticia,5005297538
4840,"Blanco Lopez, Ricardo",30,Soledad,2556731039
4841,"Bravo Ramirez, Melissa",34,Puerto Carreno,5817762240
4842,"Medina Fuentes, Lorena",69,Villavicencio,1723952341
4843,"Molina Sanchez, Nora",55,San Jose del Guaviare,8560042942
4844,"Aguilar Coronel, Manuel",50,Mitu,4496335343
4845,"Meza Velasquez, Felipe",73,Manizales,9021523244
4846,"Bravo Martinez, Catalina",42,Santa Marta,1692632445
4847,"Ibarra Vega, Lina",20,Envigado,1717267446
4848,"Moreno Camacho, Adriana",59,Riohacha,1540706247
4849,"Herrera Suarez, Ana Maria",39,Inirida,6956342248
4850,"Rodriguez Ramirez, Juan Pablo",57,Cucuta,7553956749
4851,"Figueroa Rojas, Patricia",48,Villavicencio,6936521050
4852,"Cortez Alvarado, Juliana",50,Pereira,5047958451
4853,"Ortiz Cortez, Jorge",38,Barranquilla,1705758752
4854,"Leon Flores, Alejandra",64,Armenia,9790547253
4855,"Bustos Morales, Julio",77,Quibdo,8060573954
4856,"Trujillo Perez, Andres",74,Palmira,1966349655
4857,"Carrillo Campos, Paola",77,Sincelejo,8244957956
4858,"Nieto Vergara, Valentina",75,Puerto Carreno,7269380257
4859,"Aguilar Garcia, Patricia",50,Soledad,5890485958
4860,"Sanchez Barrera, Mariana",63,Monteria,9798384259
4861,"Delgado Nieto, Alicia",21,Valledupar,7888726660
4862,"Arias Arias, Esperanza",52,Itagui,7451991261
4863,"Cano Gutierrez, Andres Felipe",61,Florencia,5296067562
4864,"Herrera Silva, Juliana",26,Bucaramanga,9160260363
4865,"Camacho Rios, Enrique",52,Saravena,6767762764
4866,"Acosta Lara, Angela",23,Arauca,8273537565
4867,"Mora Gonzalez, Luis",69,Ibague,3175216466
4868,"Espinoza Coronel, Arturo",24,Popayan,5373123067
4869,"Vargas Osorio, Claudia",32,Tunja,3353435668
4870,"Ibarra Parra, Adriana",69,Medellin,4932334369
4871,"Padilla Rubio, Adriana",46,Monteria,8052018570
4872,"Bravo Vásquez, David",49,Monteria,5961910471
4873,"Becerra Rodriguez, Manuel",60,Sincelejo,8717595172
4874,"Ponce Sanchez, Beatriz",27,Armenia,3509663673
4875,"Valencia Romero, Hector",55,Leticia,3267793574
4876,"Soto Ruiz, Diana",39,Palmira,2209945575
4877,"Romero Becerra, Raul",29,Inirida,5699108576
4878,"Meza Suarez, Cesar",27,Barrancabermeja,4981568477
4879,"Mora Contreras, Luis",20,Monteria,4062775978
4880,"Bravo Guerrero, Manuel",50,Riohacha,6743258979
4881,"Garcia Contreras, Alejandra",28,Neiva,3619101080
4882,"Escobar Aguilar, Lorena",26,Tunja,3313400081
4883,"Ramos Mora, Pilar",24,Cucuta,6455123482
4884,"Delgado Gutierrez, Isabella",76,Cartagena,5067901783
4885,"Guzmán Gonzalez, Ignacio",30,Florencia,4508570884
4886,"Valdez Vásquez, Daniela",58,Leticia,6704815285
4887,"Diaz Ponce, Rodrigo",77,Valledupar,1117795586
4888,"Lopez Cruz, Sofia",40,Ibague,9808847287
4889,"Cabrera Jimenez, Carlos",38,Soledad,7129190788
4890,"Escobar Aguilar, Monica",32,Cucuta,7919880289
4891,"Velasquez Herrera, Monica",28,Itagui,2673029590
4892,"Montes Vega, Natalia",69,Manizales,2664333091
4893,"Mora Arias, Juan Pablo",79,Yopal,6902025192
4894,"Perez Soto, Laura",34,Barrancabermeja,7607545093
4895,"Cortez Mendoza, Melissa",32,Medellin,8452386694
4896,"Leon Camacho, Carlos",53,San Jose del Guaviare,4090901695
4897,"Zamora Montes, Andres",24,Cali,7378365196
4898,"Camacho Soto, Luis Miguel",71,Mitu,3683503497
4899,"Rubio Salazar, Rafael",35,Bogota,9569969798
4900,"Leon Salinas, Luisa",80,Puerto Carreno,8312379899
4901,"Contreras Aguilar, Diego",44,Cali,9097915900
4902,"Lopez Carrillo, Monica",25,Leticia,9969823501
4903,"Acosta Alvarado, Helena",54,Pasto,9978298002
4904,"Silva Arias, Ana Maria",65,Bogota,9934714203
4905,"Padilla Martinez, Ana Maria",18,Floridablanca,1457482804
4906,"Gutierrez Figueroa, Maria Jose",65,Barrancabermeja,2321462205
4907,"Silva Estrada, David",46,Arauca,5445417306
4908,"Molina Trujillo, Ramon",18,Yopal,1408970407
4909,"Reyes Cano, Arturo",41,Tunja,1449457708
4910,"Trujillo Rodriguez, Blanca",42,Floridablanca,4206392909
4911,"Alvarado Tapia, Laura",62,Bogota,3439598810
4912,"Suarez Reyes, Pilar",38,Quibdo,6208652011
4913,"Carrillo Cano, Gabriel",77,Cartagena,8933115612
4914,"Cano Ochoa, Juan",58,Santa Marta,3369492613
4915,"Cano Meza, Sofia",26,Barranquilla,2899389414
4916,"Barrera Vásquez, Maria Jose",24,Valledupar,9721208315
4917,"Serrano Ramirez, Lina",73,Armenia,3555599916
4918,"Aguilar Mora, Carmen",30,Yopal,6258644617
4919,"Mora Garcia, Diego",67,Neiva,5411710318
4920,"Campos Arias, Esteban",68,Popayan,8494686119
4921,"Cabrera Navarro, Andres",35,Envigado,5694764220
4922,"Gutierrez Flores, Sergio",74,Armenia,1187332421
4923,"Salinas Escobar, Andrea",64,Envigado,1608686422
4924,"Cruz Medina, Oscar",80,Arauca,9072696923
4925,"Barrera Cortez, Gloria",55,Ibague,2781382124
4926,"Serrano Vega, Maria",56,Riohacha,5636791925
4927,"Figueroa Sandoval, Paola",32,Florencia,2088172226
4928,"Miranda Figueroa, Fabian",45,Monteria,5722625827
4929,"Núñez Soto, Felipe",35,Cartagena,5407327628
4930,"Cabrera Lara, Enrique",47,Bogota,3049137129
4931,"Morales Lugo, Claudia",75,Manizales,5869858430
4932,"Flores Escobar, Patricia",78,Itagui,8548908731
4933,"Rodriguez Coronel, Carmen",79,Soacha,9002767732
4934,"Moreno Osorio, Alfredo",38,Medellin,2192555833
4935,"Salazar Arias, Irene",28,Santa Marta,1736118334
4936,"Espinoza Ruiz, Patricia",68,Cucuta,6181647735
4937,"Velasquez Espinoza, Gloria",23,Buenaventura,2866567136
4938,"Naranjo Blanco, Arturo",42,Manizales,8330130637
4939,"Arias Coronel, Luisa",68,Buenaventura,6814720738
4940,"Vega Avila, Fabian",35,Puerto Carreno,6511438139
4941,"Villanueva Escobar, Rodrigo",26,Cartagena,9036299240
4942,"Garcia Serrano, Paula",79,Mitu,5380701741
4943,"Rodriguez Escobar, Natalia",55,Monteria,3826534942
4944,"Meza Vargas, Diego",47,Mitu,9160586343
4945,"Campos Ponce, Pedro",76,Sincelejo,6514008944
4946,"Leon Diaz, Francisco",74,Itagui,7874062945
4947,"Gomez Salinas, Esperanza",48,Barrancabermeja,3388831146
4948,"Escobar Rios, Rocio",45,San Jose del Guaviare,9248536047
4949,"Mendez Reyes, Irene",28,Arauca,9742175448
4950,"Muñoz Ibarra, Jorge",72,Puerto Carreno,3259418249
4951,"Trujillo Palacios, Maria Clara",41,Palmira,2791082350
4952,"Diaz Castillo, Pablo",55,Santa Marta,7264589951
4953,"Fuentes Arias, David",59,Leticia,1878360952
4954,"Contreras Miranda, Maria Jose",76,Soacha,2490332853
4955,"Flores Palacios, Sofia",50,Puerto Carreno,3564763254
4956,"Estrada Flores, Daniela",79,Soacha,3055708055
4957,"Meza Fuentes, Esperanza",45,Florencia,4242936856
4958,"Herrera Gallego, Sergio",52,Tunja,2747296957
4959,"Ibarra Salazar, Roberto",18,Saravena,5277104958
4960,"Pena Lugo, Hugo",34,Envigado,3801042359
4961,"Arias Cortez, Fabian",28,Yopal,1052390560
4962,"Mendez Vargas, Natalia",23,Pereira,3060070261
4963,"Miranda Martinez, Claudia",38,Florencia,4711814562
4964,"Torres Salazar, Lina",28,Pereira,2997796963
4965,"Rubio Fuente, Gabriel",22,Pereira,3653865764
4966,"Campos Rodriguez, Irene",55,Saravena,2691250865
4967,"Morales Ponce, Tomas",20,Cucuta,5878671566
4968,"Ramos Barrera, Mariana",32,Popayan,9557312867
4969,"Serrano Vega, Carlos",35,San Jose del Guaviare,8043707668
4970,"Molina Carrillo, Arturo",52,Cartagena,3043832069
4971,"Nieto Lara, Fabian",26,Puerto Carreno,8503700970
4972,"Tapia Bustos, Paola",51,Ibague,2714353471
4973,"Figueroa Serrano, Hector",51,Puerto Carreno,5180323972
4974,"Vargas Flores, Paula",42,San Jose del Guaviare,8560436373
4975,"Valdez Acosta, Sebastian",27,Quibdo,8169046574
4976,"Camacho Salinas, Alejandra",75,Villavicencio,5091073575
4977,"Lopez Medina, Mariana",33,Florencia,8480663276
4978,"Nieto Lara, Ana Maria",48,Barranquilla,7766973877
4979,"Cruz Alvarez, Fabian",41,Barranquilla,5007116978
4980,"Blanco Delgado, Gabriel",78,Valledupar,7849119779
4981,"Gutierrez Mora, Miguel",25,Inirida,3414329580
4982,"Valdez Ochoa, Mariana",40,Cali,4832533681
4983,"Silva Lara, Sofia",43,Pereira,2990164182
4984,"Herrera Serrano, Sandra",71,Florencia,9300653583
4985,"Valencia Mora, Maria",67,San Jose del Guaviare,2733627884
4986,"Vargas Reyes, Valentina",25,Sincelejo,6840559985
4987,"Cruz Vega, Irene",36,Mitu,8713172186
4988,"Martinez Delgado, Javier",23,Armenia,3801431087
4989,"Valencia Ortiz, Ramon",45,San Jose del Guaviare,6572394788
4990,"Cardenas Alvarado, Ernesto",20,Saravena,4818347389
4991,"Coronel Mendez, Claudia",64,Santa Marta,3551426890
4992,"Ortiz Sanchez, Rafael",31,Bello,9012922691
4993,"Contreras Flores, Tomas",59,Medellin,3954686292
4994,"Dominguez Rodriguez, Ramon",34,Yopal,6559256093
4995,"Vargas Acosta, Esperanza",64,Soacha,3602273794
4996,"Campos Lopez, Arturo",38,Puerto Carreno,4339153895
4997,"Ponce Rivera, Alejandra",33,Yopal,6417225296
4998,"Acosta Rubio, Alejandro",58,Neiva,3569367297
4999,"Romero Núñez, Lorena",24,Soacha,6416435998
5000,"Gomez Ramos, Ernesto",44,Envigado,6992507399
5001,"Vásquez Reyes, Mario",19,Cucuta,1872601000
5002,"Alvarado Mendez, Carlos",30,Sincelejo,5581117201
5003,"Vergara Ponce, Gloria",67,Buenaventura,7187074602
5004,"Alvarez Herrera, Rafael",57,Itagui,5324194603
5005,"Jimenez Villanueva, Arturo",62,Barranquilla,7568544604
5006,"Becerra Ochoa, Adriana",28,Armenia,1345325705
5007,"Cortez Contreras, Roberto",39,Buenaventura,4638767506
5008,"Sandoval Estrada, Daniela",31,Armenia,6974505207
5009,"Nieto Silva, Claudia",46,Pasto,3169240308
5010,"Lugo Sandoval, Luisa",31,Cartagena,3558593909
5011,"Torres Velasquez, Luis",38,Florencia,5292771110
5012,"Alvarado Meza, Laura",71,Santa Marta,5314755211
5013,"Jimenez Bustos, Sebastian",23,Bucaramanga,1472354212
5014,"Miranda Rios, Paula",56,Mitu,3233000313
5015,"Ramirez Acosta, Fabian",46,Itagui,6948909714
5016,"Garcia Aguilar, Andrea",35,Saravena,3995840915
5017,"Medina Fuente, Mauricio",19,Valledupar,9727938616
5018,"Coronel Leon, Carmen",80,Pasto,4368976117
5019,"Ruiz Garcia, Fernando",63,Cucuta,7473236218
5020,"Garcia Soto, Ana",49,Soacha,7934703019
5021,"Mora Lara, Susana",46,Barranquilla,9226002720
5022,"Molina Nieto, Laura",65,Cartagena,6967084921
5023,"Acosta Coronel, Fernando",21,Neiva,5685207422
5024,"Mendez Tapia, Marcela",31,Ibague,2607015823
5025,"Cruz Cortez, Oscar",56,Yopal,9252579124
5026,"Miranda Rojas, Hernan",32,Saravena,2090358125
5027,"Guzmán Maldonado, Juan",75,Buenaventura,8081132926
5028,"Gallego Mora, Blanca",33,Monteria,9268961127
5029,"Alvarez Medina, Pablo",31,Valledupar,2606280528
5030,"Acosta Salazar, Susana",30,Saravena,5369080929
5031,"Torres Gomez, Sandra",58,Arauca,1024713430
5032,"Osorio Camacho, Pilar",40,Itagui,7433729031
5033,"Valdez Rojas, Esteban",39,Pasto,9353900932
5034,"Vergara Torres, Raul",71,Cali,3252226033
5035,"Bravo Gonzalez, Marcela",62,Neiva,7061222734
5036,"Fuentes Sanchez, Luisa",77,Soacha,6888190535
5037,"Padilla Muñoz, Valentina",71,Bucaramanga,3994990036
5038,"Mendoza Rubio, Miguel",19,Itagui,5816838937
5039,"Estrada Bustos, Adriana",21,Florencia,7805907538
5040,"Nieto Cardenas, Ana Maria",37,Itagui,2410722339
5041,"Ponce Lugo, Sofia",60,Mitu,9175611040
5042,"Núñez Avila, Mariana",21,Neiva,7326195841
5043,"Lugo Osorio, Cesar",39,Manizales,8848350642
5044,"Nieto Trujillo, Esperanza",80,Soacha,8122124543
5045,"Estrada Parra, Eduardo",24,Manizales,2379799244
5046,"Espinoza Barrera, Felipe",27,Itagui,4657909845
5047,"Velasquez Muñoz, Silvia",28,Inirida,9954826746
5048,"Blanco Mendez, Hugo",65,Soledad,7753973047
5049,"Cardenas Cortez, Esperanza",70,Sincelejo,7705411748
5050,"Morales Estrada, Catalina",49,Inirida,1675302749
5051,"Trujillo Fuente, Susana",67,Medellin,3157278050
5052,"Herrera Mora, Andrea",62,Mocoa,1879816851
5053,"Espinoza Estrada, Gustavo",18,Riohacha,2814169252
5054,"Aguilar Ruiz, Cesar",70,Envigado,4288657353
5055,"Ramirez Herrera, Enrique",30,Santa Marta,5500000654
5056,"Osorio Naranjo, Ana Maria",70,Pereira,1761147355
5057,"Espinoza Mora, Andrea",45,Santa Marta,8252794056
5058,"Barrera Ibarra, Luisa",30,Florencia,8418621557
5059,"Meza Gomez, Sergio",39,Itagui,5418153058
5060,"Montes Salinas, Mario",34,Cucuta,4958958159
5061,"Fuente Sandoval, Laura",21,Buenaventura,2807573660
5062,"Miranda Barrera, Gustavo",70,Villavicencio,2229542461
5063,"Rios Fuente, Sofia",22,Floridablanca,7333923062
5064,"Suarez Espinoza, Oscar",64,Popayan,5812562563
5065,"Trujillo Aguilar, Natalia",79,Buenaventura,3711563864
5066,"Ruiz Mora, Mauricio",67,Palmira,1090404465
5067,"Herrera Castillo, Patricia",59,Monteria,9005812666
5068,"Gallego Lara, Susana",62,Puerto Carreno,8665729367
5069,"Trujillo Rojas, Yolanda",79,Yopal,2684481568
5070,"Palacios Guerrero, Blanca",39,Sincelejo,1545407969
5071,"Reyes Nieto, Gustavo",58,Quibdo,9173095470
5072,"Moreno Rios, Patricia",21,Mitu,2704340671
5073,"Mendez Navarro, Fabian",31,Cucuta,7204902972
5074,"Fuente Bustos, David",80,Bogota,3233649073
5075,"Rivera Gomez, Ignacio",75,Villavicencio,3134398174
5076,"Rivera Gallego, Pedro",48,Santa Marta,1688479775
5077,"Ibarra Dominguez, Yolanda",68,Sincelejo,3979213576
5078,"Fuente Salazar, Angela",67,Bello,4453597077
5079,"Muñoz Bravo, Tomas",65,Popayan,5337066378
5080,"Fuentes Sandoval, Ana",77,Bello,2001489779
5081,"Torres Mendoza, Isabella",50,Floridablanca,1178903780
5082,"Acosta Dominguez, Esteban",36,Bogota,6438769081
5083,"Herrera Arias, Camila",65,Valledupar,6249555282
5084,"Valdez Rios, Miguel",79,Villavicencio,4153988183
5085,"Camacho Nieto, Diana",78,Cartagena,7388810784
5086,"Becerra Meza, Yolanda",55,Yopal,5392174785
5087,"Figueroa Peralta, Susana",80,San Jose del Guaviare,5846348086
5088,"Ibarra Meza, Martha",28,Inirida,4434987087
5089,"Tapia Navarro, Daniela",26,Monteria,1708040888
5090,"Becerra Becerra, Maria Clara",54,Cartagena,9082770789
5091,"Gonzalez Ruiz, Luisa",70,Ibague,4940243390
5092,"Mendoza Rubio, Rocio",38,Riohacha,3048439491
5093,"Contreras Salazar, Elena",76,Medellin,4562216892
5094,"Coronel Vargas, Juliana",64,Medellin,1043793193
5095,"Silva Navarro, Beatriz",45,Envigado,3081817194
5096,"Guzmán Cabrera, Gabriel",51,Saravena,6040300295
5097,"Jimenez Castillo, Carlos",50,Saravena,9371745996
5098,"Barrera Torres, Miguel",41,Soacha,1491912297
5099,"Romero Estrada, Angela",65,Pereira,7836284998
5100,"Salinas Núñez, Martha",61,Floridablanca,4861756799
5101,"Lopez Silva, Alfredo",50,Pasto,8516352100
5102,"Gomez Escobar, Teresa",31,Soledad,5466624801
5103,"Mendoza Reyes, Angela",42,Neiva,6002328802
5104,"Arias Ramos, Cesar",74,Floridablanca,6022355303
5105,"Acosta Padilla, Paola",59,Pereira,4734118104
5106,"Núñez Trujillo, Marcela",36,Palmira,6907202505
5107,"Cabrera Mora, Andrea",36,Soacha,3482126206
5108,"Dominguez Nieto, Rosa",75,Floridablanca,1528912307
5109,"Romero Bustos, Victor",26,Buenaventura,5586800908
5110,"Garcia Dominguez, Mauricio",49,Popayan,8085490509
5111,"Coronel Navarro, Ignacio",20,Soledad,5241987110
5112,"Salinas Fuentes, Ana Maria",27,Cali,5583202611
5113,"Navarro Reyes, Esperanza",21,Barrancabermeja,8464931012
5114,"Ramirez Padilla, Gabriel",31,Neiva,5574631613
5115,"Naranjo Valencia, Francisco",21,Mocoa,5427040714
5116,"Ramos Peralta, Luis Miguel",60,Saravena,3943769115
5117,"Guzmán Silva, Sofia",35,Armenia,2985457016
5118,"Avila Medina, Juan Pablo",31,Leticia,5436144817
5119,"Escobar Soto, Andres",73,Armenia,9280349718
5120,"Aguilar Gomez, Elena",27,Soledad,8660439119
5121,"Ortiz Rojas, Rafael",18,Villavicencio,2294077920
5122,"Fuentes Villanueva, Victor",65,Envigado,1526234421
5123,"Meza Dominguez, Ana Maria",73,Pasto,7029104022
5124,"Sandoval Molina, Oscar",61,Popayan,6526638023
5125,"Salazar Torres, Carmen",27,Cali,5922786324
5126,"Romero Velasquez, Mariana",55,Envigado,4625079325
5127,"Gonzalez Campos, Pedro",79,Cartagena,8144240226
5128,"Naranjo Flores, Daniela",30,San Jose del Guaviare,6584554927
5129,"Osorio Cortez, Martha",71,Bello,3990360628
5130,"Cardenas Flores, Patricia",35,Santa Marta,2353787429
5131,"Jimenez Gomez, Rafael",45,Cartagena,4061742230
5132,"Espinoza Delgado, Jorge",38,Mocoa,7855858731
5133,"Vásquez Medina, Ivan",45,Soledad,1171259732
5134,"Carrillo Blanco, Gabriel",70,Envigado,3303119433
5135,"Flores Navarro, Luisa",40,Bogota,5554804134
5136,"Rios Vergara, Mariana",65,Ibague,8764010335
5137,"Moreno Flores, Carmen",69,Barrancabermeja,9672758736
5138,"Mora Parra, Sebastian",66,Pasto,5035918837
5139,"Romero Navarro, Martha",41,Saravena,5837729138
5140,"Delgado Leon, Luisa",23,Manizales,5578534539
5141,"Ortiz Bustos, Esteban",28,Bucaramanga,2943311140
5142,"Molina Parra, Sandra",42,Sincelejo,3060648841
5143,"Pena Ramos, Jorge",38,Envigado,8675470142
5144,"Martinez Vásquez, Elena",28,Mitu,6778925943
5145,"Leon Ramirez, Raul",78,Villavicencio,4237633244
5146,"Rubio Martinez, Ana",30,Leticia,3958239645
5147,"Gallego Osorio, Gustavo",18,Pasto,3052938146
5148,"Valdez Ruiz, Ernesto",55,Tunja,8806635847
5149,"Cardenas Ramos, Camila",51,Mocoa,7503052448
5150,"Lara Mendez, Rosa",58,Puerto Carreno,1022710849
5151,"Gutierrez Martinez, Hugo",47,Cucuta,7083024750
5152,"Vásquez Leon, Carlos",53,Buenaventura,2302387751
5153,"Tapia Acosta, Helena",41,Pasto,1434056852
5154,"Mendez Palacios, Francisco",45,Ibague,3631531953
5155,"Molina Serrano, Rodrigo",47,Manizales,2966435254
5156,"Parra Herrera, Andrea",70,Sincelejo,5557797155
5157,"Ibarra Salazar, Cristina",37,Medellin,4715249756
5158,"Miranda Coronel, Andres",38,Floridablanca,7618966457
5159,"Carrillo Palacios, Sandra",80,Monteria,4560703358
5160,"Gallego Tapia, Victor",23,Valledupar,8717652559
5161,"Rivera Diaz, Patricia",32,Barrancabermeja,7193142460
5162,"Arias Aguilar, Catalina",48,Palmira,8168689561
5163,"Alvarado Vásquez, Raul",22,Mocoa,2031703662
5164,"Fuentes Rios, Beatriz",60,Inirida,9533695863
5165,"Contreras Diaz, Felipe",55,Itagui,6418054364
5166,"Ramirez Mendoza, Rosa",50,Barrancabermeja,2092951965
5167,"Sandoval Lopez, Pilar",40,Tunja,4170949566
5168,"Coronel Molina, Angela",22,Manizales,9241377767
5169,"Osorio Avila, Ricardo",20,Pereira,4243714868
5170,"Lopez Jimenez, Gustavo",24,Yopal,8270635369
5171,"Rubio Rubio, Victor",64,Puerto Carreno,7967410070
5172,"Vega Delgado, Ricardo",66,Medellin,7852429871
5173,"Garcia Becerra, Sebastian",62,Floridablanca,3870936972
5174,"Fuentes Rubio, Rafael",69,Armenia,7935079673
5175,"Campos Gomez, Miguel",56,Arauca,5969363574
5176,"Herrera Bravo, Beatriz",40,Quibdo,7644870375
5177,"Garcia Parra, Maria Clara",48,Mocoa,8109220476
5178,"Coronel Cardenas, Antonio",26,Mitu,7210904177
5179,"Dominguez Silva, Esperanza",70,Cali,8714488778
5180,"Salinas Diaz, Susana",22,Cucuta,4350369079
5181,"Cano Campos, Irene",39,Medellin,7749184580
5182,"Aguilar Soto, Rocio",20,Inirida,2118532081
5183,"Ponce Contreras, Mariana",21,Bello,3226515482
5184,"Lara Leon, Nicolas",62,Pereira,3033561583
5185,"Rivera Montes, Ramon",76,Villavicencio,1067446784
5186,"Carrillo Rivera, Raul",59,Manizales,8731978585
5187,"Núñez Delgado, Ernesto",57,Bucaramanga,4139261186
5188,"Núñez Nieto, Andres",45,Medellin,4894832387
5189,"Soto Montes, Francisco",47,Cucuta,3183341188
5190,"Maldonado Campos, Claudia",21,Manizales,8112657089
5191,"Tapia Bravo, Ana",79,Pereira,8306239890
5192,"Lugo Estrada, Esperanza",24,Riohacha,4631207891
5193,"Medina Padilla, Laura",48,Yopal,4598999092
5194,"Acosta Tapia, Catalina",52,Valledupar,4343602693
5195,"Moreno Palacios, Valentina",53,Santa Marta,5686872494
5196,"Trujillo Avila, Fabian",34,Quibdo,4934670495
5197,"Morales Molina, Alejandra",34,Manizales,7605702296
5198,"Molina Navarro, Juan Pablo",50,Santa Marta,3630548097
5199,"Diaz Gonzalez, Martha",51,Soacha,3604669998
5200,"Parra Mendez, Roberto",75,Barrancabermeja,2491221599
5201,"Moreno Diaz, Mario",57,Itagui,8115707900
5202,"Guzmán Ramirez, Roberto",52,Valledupar,9772529101
5203,"Cabrera Villanueva, Luisa",50,Yopal,6531084502
5204,"Trujillo Tapia, Cesar",25,Buenaventura,1466314703
5205,"Coronel Vergara, Teresa",54,Armenia,6187861904
5206,"Garcia Torres, Jorge",76,Barranquilla,1763159405
5207,"Salazar Camacho, Gustavo",56,Saravena,5529953406
5208,"Nieto Cano, Claudia",52,Monteria,2400649707
5209,"Salinas Osorio, Andres",25,Neiva,3352000108
5210,"Alvarez Ortiz, Gabriel",66,Floridablanca,6718961409
5211,"Rivera Cabrera, Roberto",67,Palmira,1529213710
5212,"Mendez Delgado, Natalia",46,Quibdo,3725661011
5213,"Estrada Gomez, Martha",25,Envigado,5873942612
5214,"Valdez Núñez, Lina",27,Santa Marta,3650218613
5215,"Pena Carrillo, Teresa",26,Itagui,5080986714
5216,"Rubio Bustos, Manuel",31,Popayan,7981488015
5217,"Silva Velasquez, Marcela",31,Floridablanca,6506639616
5218,"Rivera Estrada, Fabian",46,Saravena,5851136917
5219,"Martinez Osorio, Valentina",27,Cucuta,9104064818
5220,"Parra Osorio, Gloria",59,Ibague,1924156719
5221,"Velasquez Rios, Alejandra",27,Neiva,8611231220
5222,"Fuentes Martinez, Nora",65,Bogota,8310360221
5223,"Peralta Valdez, Susana",24,Yopal,9686081322
5224,"Cano Castillo, Patricia",62,Barrancabermeja,5381046623
5225,"Mendez Suarez, Laura",55,Pasto,7375482124
5226,"Gutierrez Vargas, Tomas",20,Barranquilla,6454087925
5227,"Rodriguez Silva, Lorena",27,Florencia,9553395626
5228,"Mora Perez, Maria Clara",39,Sincelejo,6471758427
5229,"Coronel Barrera, Tomas",53,Cucuta,3905683428
5230,"Avila Campos, Diana",29,Armenia,1145038729
5231,"Montes Montes, Sergio",52,Puerto Carreno,6391342530
5232,"Cabrera Rios, Antonio",26,Bogota,9129810831
5233,"Herrera Medina, Diana",45,Arauca,5458363332
5234,"Cardenas Núñez, Fabian",56,Monteria,5433322433
5235,"Perez Figueroa, Ana",43,Mocoa,5109687734
5236,"Mendoza Vega, Manuel",22,Soledad,5933140535
5237,"Diaz Rodriguez, Manuel",51,Soledad,4586695036
5238,"Alvarado Figueroa, Oscar",39,Barrancabermeja,8314501237
5239,"Meza Vergara, Diego",31,Itagui,9845787738
5240,"Avila Coronel, Patricia",72,Barrancabermeja,9454485539
5241,"Padilla Rios, Pablo",57,Barranquilla,7541240240
5242,"Fuente Vega, Oscar",42,Envigado,1480553641
5243,"Serrano Mendez, Julio",45,Valledupar,1616385642
5244,"Camacho Molina, Susana",62,Tunja,6066444143
5245,"Martinez Lara, Cesar",77,Saravena,9105763644
5246,"Rubio Barrera, Juliana",55,Barranquilla,8124641045
5247,"Ibarra Castillo, Irene",68,Ibague,3115895646
5248,"Ortiz Osorio, Manuel",30,Neiva,7591491747
5249,"Rubio Ibarra, Gustavo",64,Puerto Carreno,4352169548
5250,"Ramirez Blanco, Alejandro",36,Bello,8188333349
5251,"Cruz Torres, Ivan",32,Cartagena,2735908250
5252,"Ibarra Ramos, Eduardo",32,Quibdo,6384298951
5253,"Nieto Ramirez, Monica",60,Cali,8195671252
5254,"Blanco Zamora, Hernan",22,Cali,9049161353
5255,"Rojas Cabrera, Manuel",74,Bogota,7208817554
5256,"Camacho Herrera, Ana",21,Envigado,2146855055
5257,"Gomez Flores, Maria",45,Cartagena,2136590756
5258,"Reyes Salazar, Cesar",38,Envigado,2759578857
5259,"Reyes Salazar, Paula",36,Bucaramanga,1646948158
5260,"Cortez Bustos, Catalina",30,Cucuta,8725091159
5261,"Peralta Lopez, Felipe",35,Arauca,2353826560
5262,"Maldonado Castillo, Paula",36,Medellin,1337908761
5263,"Vega Morales, Jorge",76,Popayan,6214741862
5264,"Perez Dominguez, Nicolas",23,San Jose del Guaviare,4615370263
5265,"Naranjo Sandoval, Martha",58,Yopal,9805284164
5266,"Serrano Castillo, Carmen",47,Pereira,5709405465
5267,"Navarro Miranda, Victor",33,Arauca,9218235366
5268,"Barrera Cabrera, Mauricio",71,Cali,3429102967
5269,"Ponce Ibarra, Andrea",51,Cali,9120624768
5270,"Ponce Escobar, Pedro",58,Quibdo,6790245869
5271,"Suarez Trujillo, Maria Clara",76,Inirida,1365976570
5272,"Arias Diaz, Rocio",25,Floridablanca,7287032571
5273,"Sanchez Rojas, Carmen",50,Neiva,1823438472
5274,"Dominguez Acosta, David",28,Yopal,2073734873
5275,"Montes Fuentes, Elena",34,Santa Marta,5020515974
5276,"Salinas Cortez, Susana",23,Soledad,1264293375
5277,"Flores Zamora, Fabian",72,Villavicencio,2397251676
5278,"Tapia Delgado, Luisa",18,Barrancabermeja,6852229377
5279,"Serrano Velasquez, Luisa",18,Ibague,3263400278
5280,"Rivera Mora, Isabella",25,Saravena,7506944579
5281,"Herrera Núñez, Alejandra",70,Cartagena,3296651180
5282,"Escobar Gallego, Alicia",38,Buenaventura,1007575381
5283,"Suarez Maldonado, Manuel",47,Tunja,5221041282
5284,"Castillo Peralta, Catalina",47,Valledupar,6992882583
5285,"Cano Rios, Rocio",79,Envigado,3214386584
5286,"Naranjo Palacios, Alejandro",68,Mitu,8952870885
5287,"Herrera Mora, Rafael",78,Sincelejo,1741821886
5288,"Carrillo Fuente, Victor",24,Saravena,4600156187
5289,"Jimenez Reyes, Diego",77,Envigado,8491240688
5290,"Mendoza Contreras, Pablo",25,Leticia,6444161089
5291,"Guzmán Ruiz, Maria",60,Floridablanca,7043547390
5292,"Palacios Lara, Ignacio",33,Leticia,4767345091
5293,"Nieto Bustos, Gloria",32,Soacha,3919890792
5294,"Acosta Vega, Andrea",72,Bogota,5620054293
5295,"Ramos Figueroa, Esteban",32,Armenia,2836652494
5296,"Cabrera Ponce, Irene",35,Santa Marta,3573261295
5297,"Ponce Pena, Rodrigo",34,Santa Marta,2703534596
5298,"Ruiz Torres, Camila",56,Bucaramanga,7629105897
5299,"Becerra Núñez, Blanca",52,Neiva,1133124498
5300,"Zamora Guerrero, Claudia",60,Leticia,4433344099
5301,"Morales Avila, Paola",60,Quibdo,1182638200
5302,"Reyes Osorio, Mauricio",29,Mocoa,2882632601
5303,"Contreras Bustos, Juan Pablo",54,Ibague,6766444702
5304,"Cabrera Morales, Carlos",58,Cali,4145579103
5305,"Dominguez Maldonado, Fabian",25,Itagui,9641808404
5306,"Vargas Flores, Roberto",39,Envigado,1859162005
5307,"Romero Sandoval, Martha",54,Soledad,8751090706
5308,"Ochoa Reyes, Gabriel",68,San Jose del Guaviare,6391196207
5309,"Rojas Alvarado, David",67,Sincelejo,7419798408
5310,"Mora Maldonado, Pilar",67,Leticia,3088767409
5311,"Figueroa Sanchez, Mariana",74,Yopal,2572820610
5312,"Aguilar Padilla, Gustavo",54,Palmira,5737679411
5313,"Blanco Serrano, Cristina",22,Pereira,8503403712
5314,"Morales Miranda, Helena",43,Cucuta,8854617113
5315,"Osorio Lara, Carmen",42,Santa Marta,3251223814
5316,"Aguilar Navarro, Yolanda",29,Puerto Carreno,7415893015
5317,"Núñez Campos, Luisa",60,Santa Marta,2340624816
5318,"Moreno Blanco, Gabriel",49,Saravena,2653829717
5319,"Rodriguez Naranjo, Alejandra",72,Quibdo,5199056218
5320,"Alvarez Suarez, Mariana",34,Riohacha,4200957719
5321,"Delgado Velasquez, Adriana",70,Tunja,5704622620
5322,"Gallego Ponce, Isabella",19,Valledupar,7280214021
5323,"Alvarez Mora, Andres Felipe",54,Barrancabermeja,7395145322
5324,"Suarez Gutierrez, Irene",39,Palmira,5083280223
5325,"Flores Delgado, Jorge",63,Cali,1588333724
5326,"Núñez Aguilar, Blanca",52,Palmira,2222442825
5327,"Carrillo Bravo, Elena",30,Neiva,3386792726
5328,"Núñez Castillo, Diana",29,Villavicencio,5462358127
5329,"Cabrera Ramos, Fernando",63,Mocoa,1548193928
5330,"Espinoza Becerra, Carlos",47,Medellin,7731656529
5331,"Alvarez Ponce, Alicia",65,Villavicencio,3648656430
5332,"Núñez Velasquez, Daniela",39,Armenia,4039964431
5333,"Cardenas Rivera, Beatriz",72,Soacha,8968452232
5334,"Delgado Camacho, Lorena",60,Barrancabermeja,2569382033
5335,"Palacios Suarez, Hector",75,Cali,5196126634
5336,"Lopez Flores, Diego",45,Cartagena,5732234835
5337,"Romero Vega, Pilar",71,Bogota,9981107736
5338,"Castillo Núñez, Miguel",43,Medellin,9325063737
5339,"Ortiz Muñoz, Alfredo",41,Sincelejo,8885623438
5340,"Montes Gomez, Claudia",55,Itagui,5030190839
5341,"Rodriguez Cruz, Gabriel",54,Bogota,8789122540
5342,"Vargas Lara, Helena",70,Palmira,3435005041
5343,"Carrillo Becerra, Elena",30,Cali,3237755542
5344,"Palacios Guzmán, Arturo",49,San Jose del Guaviare,7487564543
5345,"Soto Parra, Gloria",62,Envigado,8400615544
5346,"Castillo Tapia, Luis Miguel",47,Popayan,9893165345
5347,"Padilla Vega, Mauricio",68,Bello,4664143546
5348,"Mendoza Cortez, Lina",40,Barranquilla,8760350447
5349,"Parra Arias, Esperanza",53,Barrancabermeja,1611893248
5350,"Herrera Medina, Manuel",20,Bello,5894778549
5351,"Cruz Villanueva, Isabella",42,Quibdo,9010141250
5352,"Cardenas Serrano, Mario",22,Bello,6399049851
5353,"Fuente Rios, Gustavo",34,Soacha,7424482852
5354,"Diaz Cruz, Cesar",53,Pereira,1713582853
5355,"Cabrera Gallego, Yolanda",37,Riohacha,5218942854
5356,"Perez Aguilar, Maria",27,Bogota,8615574555
5357,"Zamora Cortez, Lina",41,Mitu,1663869456
5358,"Dominguez Ibarra, Ana",58,Buenaventura,1814532457
5359,"Arias Alvarado, Martha",23,Saravena,6532610858
5360,"Tapia Vásquez, Diego",48,Itagui,1851503559
5361,"Osorio Estrada, Juan",46,Mitu,1769815260
5362,"Reyes Palacios, Pablo",21,Pereira,1077911661
5363,"Maldonado Rojas, Rafael",63,Pereira,8281434062
5364,"Rodriguez Gomez, Claudia",36,Valledupar,9285032263
5365,"Alvarado Castillo, Victor",72,Cucuta,7529123864
5366,"Arias Diaz, Lorena",74,Bello,2047175265
5367,"Molina Guzmán, Yolanda",48,Leticia,1799071866
5368,"Rodriguez Moreno, Rodrigo",54,Bucaramanga,2667275867
5369,"Trujillo Becerra, Miguel",42,Ibague,6441447568
5370,"Estrada Lopez, Teresa",48,Bogota,4742703069
5371,"Rivera Zamora, Andres Felipe",42,Medellin,9596552370
5372,"Guzmán Salazar, Sofia",25,Leticia,1014853571
5373,"Estrada Ochoa, Valentina",20,Popayan,8303275672
5374,"Muñoz Valencia, Daniela",27,Bogota,5296306073
5375,"Escobar Mendoza, Fabian",75,Villavicencio,9859667374
5376,"Romero Vásquez, Silvia",43,Mocoa,2226029175
5377,"Gonzalez Fuente, Carlos",77,Riohacha,1393063276
5378,"Nieto Valdez, Alfredo",71,Soacha,6178118777
5379,"Meza Gallego, Susana",45,Pereira,3519626978
5380,"Zamora Ochoa, Javier",43,Medellin,5135844079
5381,"Ibarra Gonzalez, Raul",30,Sincelejo,9902202680
5382,"Aguilar Fuentes, Silvia",37,Neiva,2255748981
5383,"Leon Cabrera, Susana",79,Envigado,1210547882
5384,"Herrera Lopez, Hugo",27,Envigado,3289049183
5385,"Espinoza Trujillo, Ignacio",32,Soacha,1954798484
5386,"Maldonado Acosta, Luis Miguel",36,Neiva,8498847985
5387,"Mora Ortiz, Alfredo",76,Mocoa,5982137986
5388,"Gomez Figueroa, Rodrigo",63,Tunja,8496690487
5389,"Sanchez Blanco, Laura",29,San Jose del Guaviare,6956277688
5390,"Rodriguez Valencia, Marcela",65,Tunja,3049411089
5391,"Maldonado Rodriguez, Elena",43,Valledupar,9018892890
5392,"Vásquez Romero, Victor",29,Barrancabermeja,1576638191
5393,"Alvarado Salinas, Maria",49,Tunja,2983739092
5394,"Villanueva Pena, Alejandra",43,Pereira,8416225293
5395,"Zamora Flores, Luis",73,Quibdo,5692930094
5396,"Herrera Tapia, Silvia",37,Medellin,9069622095
5397,"Trujillo Maldonado, Beatriz",25,Barrancabermeja,4515990596
5398,"Maldonado Nieto, Hernan",23,Bogota,9854808797
5399,"Martinez Rivera, Irene",72,Cucuta,7822904098
5400,"Aguilar Serrano, Ernesto",28,Valledupar,4570199399
5401,"Vergara Delgado, Oscar",65,Pasto,9826487400
5402,"Molina Bravo, Monica",43,Yopal,9434857101
5403,"Flores Mora, Diana",78,Mocoa,5399607102
5404,"Zamora Rojas, Natalia",38,Florencia,3051145303
5405,"Fuente Rubio, Alejandra",24,Valledupar,6610219704
5406,"Cardenas Avila, Paula",69,Arauca,2879846805
5407,"Dominguez Camacho, Blanca",28,Valledupar,4071906006
5408,"Camacho Arias, Yolanda",42,Riohacha,6839079407
5409,"Salazar Garcia, Patricia",38,Buenaventura,3260608008
5410,"Aguilar Camacho, Raul",58,Barranquilla,7405345509
5411,"Gonzalez Zamora, Mariana",63,Florencia,4122407210
5412,"Vergara Zamora, Cesar",35,Bogota,2832618711
5413,"Miranda Cortez, Alfredo",21,Envigado,2370862112
5414,"Cortez Jimenez, Andres Felipe",33,Popayan,9884624013
5415,"Núñez Cabrera, Raul",55,Riohacha,9328688114
5416,"Silva Cano, Nora",42,Monteria,4270826615
5417,"Medina Cruz, Ivan",36,Arauca,7447675616
5418,"Camacho Gallego, Ramon",66,Monteria,1388018517
5419,"Silva Martinez, Esteban",68,Bello,1294009818
5420,"Gonzalez Serrano, Maria",56,Pereira,5652316919
5421,"Velasquez Medina, Francisco",49,Santa Marta,1874582120
5422,"Diaz Alvarez, Luis Miguel",67,Cucuta,9245647621
5423,"Muñoz Figueroa, Ernesto",63,San Jose del Guaviare,9008393922
5424,"Fuentes Alvarado, Marcela",29,Soacha,2749643123
5425,"Navarro Medina, Manuel",54,Mocoa,3345674124
5426,"Aguilar Gomez, Nicolas",41,Puerto Carreno,2585030925
5427,"Dominguez Garcia, Oscar",42,Ibague,9629866826
5428,"Ochoa Muñoz, Andrea",67,Arauca,1190560827
5429,"Campos Montes, Ignacio",31,Bogota,7268459928
5430,"Navarro Lopez, Fabian",28,Santa Marta,3150974229
5431,"Herrera Salinas, Beatriz",20,Saravena,3185866230
5432,"Arias Zamora, Carlos",63,Ibague,6252843631
5433,"Vega Velasquez, Claudia",68,Pereira,2239384132
5434,"Montes Vargas, Sofia",29,Villavicencio,1052307333
5435,"Sanchez Cabrera, Sofia",73,Cali,6637977434
5436,"Barrera Delgado, Sergio",38,Soledad,1876877035
5437,"Escobar Delgado, Javier",26,Villavicencio,7138001936
5438,"Valdez Maldonado, Miguel",23,Buenaventura,8394371837
5439,"Ramirez Morales, Enrique",57,Soledad,1863626438
5440,"Salinas Alvarado, Teresa",77,Buenaventura,7937141239
5441,"Martinez Cano, Ana Maria",36,Florencia,2596124840
5442,"Martinez Rubio, Sandra",30,Itagui,9820270741
5443,"Moreno Naranjo, Miguel",23,Florencia,9225692842
5444,"Serrano Guerrero, Ricardo",47,Envigado,4231810743
5445,"Campos Meza, Claudia",25,Riohacha,5693320644
5446,"Silva Arias, Pablo",76,Monteria,7511664545
5447,"Jimenez Naranjo, Javier",73,Riohacha,3383717046
5448,"Avila Miranda, Isabella",42,Manizales,9577142147
5449,"Romero Mendez, Alejandro",72,Neiva,6181302148
5450,"Jimenez Estrada, Teresa",77,Neiva,8440895649
5451,"Zamora Mendoza, Javier",73,Cartagena,1888977850
5452,"Rivera Barrera, Gabriel",79,Quibdo,7692417051
5453,"Parra Bravo, Sofia",59,Bello,8847314952
5454,"Muñoz Castillo, Pedro",53,Pereira,4607174553
5455,"Flores Perez, David",59,Florencia,9255183854
5456,"Alvarado Campos, Camila",29,Pereira,7085373655
5457,"Salinas Barrera, Ernesto",18,Saravena,5264839756
5458,"Salazar Parra, Raul",47,Medellin,5258991857
5459,"Fuente Escobar, Francisco",75,Bogota,1315109158
5460,"Serrano Montes, Laura",35,Armenia,9008810059
5461,"Gutierrez Cabrera, Irene",28,Cali,4052267860
5462,"Acosta Romero, Nicolas",76,Puerto Carreno,1318397761
5463,"Villanueva Espinoza, Felipe",30,Manizales,7526638162
5464,"Delgado Cardenas, Ana Maria",33,Puerto Carreno,1821573563
5465,"Delgado Perez, David",36,Barrancabermeja,7000697464
5466,"Ruiz Diaz, Fabian",78,Buenaventura,6902028865
5467,"Vargas Rodriguez, Juliana",71,Soledad,2005281366
5468,"Delgado Herrera, Alejandro",21,Yopal,4852596067
5469,"Núñez Mendoza, Carmen",29,Buenaventura,3023661768
5470,"Rivera Mendez, Sebastian",75,Pasto,8495305969
5471,"Gutierrez Castillo, Rafael",23,Quibdo,4074258270
5472,"Gallego Maldonado, Ignacio",65,Manizales,9711969871
5473,"Bustos Vega, Julio",27,Valledupar,5308228372
5474,"Vásquez Vásquez, Silvia",77,Bogota,6782275573
5475,"Padilla Gallego, Susana",26,Riohacha,5769159574
5476,"Alvarado Rojas, Francisco",18,Riohacha,8986148175
5477,"Velasquez Nieto, Rodrigo",31,Monteria,5372370176
5478,"Lugo Camacho, Diana",22,Envigado,6817213877
5479,"Serrano Garcia, Daniela",42,Cucuta,3093991578
5480,"Alvarez Naranjo, Laura",59,Medellin,9042439079
5481,"Suarez Contreras, Luis Miguel",50,Cucuta,4429676580
5482,"Lugo Fuentes, Julio",63,Arauca,7474321281
5483,"Medina Núñez, Sandra",25,Riohacha,5303093582
5484,"Vásquez Rios, Gloria",40,Popayan,7681023783
5485,"Sandoval Diaz, Daniela",79,Buenaventura,6968037684
5486,"Valencia Peralta, Julio",23,Florencia,3379671085
5487,"Escobar Ramos, Patricia",31,Mocoa,9280838186
5488,"Garcia Mendez, Diana",78,Floridablanca,5049893787
5489,"Molina Escobar, Elena",27,Bello,7096015288
5490,"Gonzalez Maldonado, Juliana",19,Ibague,5239814289
5491,"Figueroa Rubio, Susana",57,Pereira,3435622090
5492,"Jimenez Salazar, Mariana",32,Riohacha,1326599991
5493,"Miranda Arias, Rodrigo",72,Buenaventura,6986903592
5494,"Medina Zamora, Mariana",80,Mitu,8384766093
5495,"Molina Dominguez, Ramon",67,Envigado,1308898194
5496,"Villanueva Bravo, Sebastian",70,Mitu,3160523095
5497,"Naranjo Rubio, Diana",35,Bogota,6407878596
5498,"Ortiz Rojas, Monica",23,Yopal,9003408397
5499,"Cortez Ramirez, Beatriz",43,Bogota,3053096298
5500,"Torres Escobar, Francisco",59,Palmira,5932123599
5501,"Cruz Ponce, Maria",20,Leticia,7352798700
5502,"Ramirez Gallego, Ricardo",56,Pasto,9781296601
5503,"Carrillo Trujillo, Jorge",18,Cucuta,4649210502
5504,"Sanchez Camacho, Carmen",20,Riohacha,6559826403
5505,"Guerrero Avila, Felipe",44,Bogota,9192267404
5506,"Cano Ruiz, Helena",73,Manizales,9549002505
5507,"Valencia Rivera, Ana Maria",47,Popayan,4196132806
5508,"Suarez Perez, Rodrigo",32,Florencia,4697874607
5509,"Molina Ramos, Carlos",29,Floridablanca,5228008208
5510,"Silva Nieto, Gabriel",28,Pereira,4300293309
5511,"Ponce Serrano, Isabella",54,Quibdo,7430154310
5512,"Arias Medina, Natalia",18,Soledad,5649789011
5513,"Contreras Peralta, Irene",20,Santa Marta,1902830012
5514,"Morales Trujillo, Maria Clara",31,Barranquilla,5063671713
5515,"Sanchez Estrada, Patricia",71,Saravena,7734873214
5516,"Cabrera Gallego, Ana",50,Bogota,9920673715
5517,"Montes Campos, Alejandro",67,Riohacha,6158656216
5518,"Ramos Mendez, Laura",18,Quibdo,5185320017
5519,"Silva Maldonado, Marcela",53,Itagui,3204825018
5520,"Meza Ramos, Javier",59,Mitu,2987281119
5521,"Gutierrez Nieto, Luis Miguel",20,Palmira,3592024020
5522,"Miranda Carrillo, Hernan",74,Bucaramanga,1456360421
5523,"Mendez Gonzalez, Mariana",65,Quibdo,1499145922
5524,"Lara Bustos, Sofia",74,Cali,7779513023
5525,"Reyes Nieto, Ivan",59,Sincelejo,8700572224
5526,"Núñez Villanueva, David",21,Barranquilla,9024833625
5527,"Camacho Muñoz, Ignacio",67,Itagui,9008873526
5528,"Ponce Molina, Silvia",65,Pereira,3171102927
5529,"Molina Navarro, Laura",29,Palmira,4873464728
5530,"Vega Contreras, Carmen",33,Cali,4134919029
5531,"Arias Padilla, Javier",59,Tunja,7417757030
5532,"Montes Miranda, Luisa",60,Mitu,7039932631
5533,"Romero Trujillo, Sebastian",31,Riohacha,5020591432
5534,"Maldonado Salazar, Gabriel",68,Bucaramanga,1084194833
5535,"Ortiz Salazar, Camila",51,Puerto Carreno,3648065134
5536,"Nieto Vega, Andrea",77,Bucaramanga,5830886035
5537,"Villanueva Rivera, Alfredo",48,Palmira,1871517536
5538,"Reyes Blanco, Lorena",50,Cucuta,2382031237
5539,"Vergara Mendoza, Felipe",66,Medellin,2056059538
5540,"Estrada Gutierrez, Eduardo",42,Cucuta,4164417239
5541,"Pena Camacho, Victor",63,Riohacha,5556757940
5542,"Reyes Flores, Luis Miguel",50,Bello,3955935941
5543,"Lara Morales, Silvia",79,Barrancabermeja,8509897742
5544,"Ortiz Tapia, Valentina",35,Valledupar,6693679243
5545,"Lopez Acosta, Gabriel",59,Manizales,5659964544
5546,"Cano Mendoza, Pilar",60,Popayan,1721649045
5547,"Estrada Cano, Ernesto",47,Leticia,1771424046
5548,"Medina Medina, Juan",34,Popayan,1861812047
5549,"Lopez Rojas, Laura",60,Palmira,7027497148
5550,"Palacios Gonzalez, Rafael",49,Sincelejo,8237501049
5551,"Sanchez Castillo, Cesar",38,Valledupar,3027686550
5552,"Bustos Flores, Silvia",76,Yopal,5896203851
5553,"Morales Bustos, Ivan",76,Bello,7525962552
5554,"Salazar Jimenez, Gustavo",61,Cucuta,1413440453
5555,"Acosta Lopez, Pablo",40,Leticia,6945889254
5556,"Gomez Ibarra, Daniela",79,Soledad,7913884955
5557,"Ramos Flores, Rocio",64,Mocoa,7005608556
5558,"Zamora Ochoa, Ernesto",62,Puerto Carreno,8923603457
5559,"Herrera Soto, Yolanda",23,Florencia,6785272358
5560,"Gallego Cortez, Isabella",59,Leticia,9139715759
5561,"Aguilar Naranjo, Felipe",20,Barranquilla,4241913660
5562,"Pena Zamora, Laura",63,Riohacha,5453745061
5563,"Figueroa Ramirez, Nicolas",52,Barrancabermeja,8726982462
5564,"Alvarado Silva, Diana",63,San Jose del Guaviare,3637857463
5565,"Contreras Núñez, Carlos",41,Leticia,9761598764
5566,"Ruiz Sandoval, David",79,Itagui,2920950065
5567,"Fuente Vega, Mario",20,Riohacha,8027785366
5568,"Barrera Cruz, David",80,Bogota,9090260267
5569,"Lopez Escobar, Daniela",52,Palmira,9238026968
5570,"Soto Ramirez, Diana",52,Palmira,9443227969
5571,"Guerrero Valencia, David",56,Tunja,4438784070
5572,"Fuente Garcia, Paola",66,Riohacha,9871283771
5573,"Pena Peralta, Elena",31,Santa Marta,1085061472
5574,"Ruiz Zamora, Felipe",57,Bucaramanga,6564211673
5575,"Garcia Cardenas, Oscar",68,Pereira,5250456874
5576,"Rubio Herrera, Ana Maria",48,Cucuta,9685076975
5577,"Parra Ochoa, Pilar",50,Soacha,1768789376
5578,"Leon Padilla, Enrique",66,Cali,3121600477
5579,"Lugo Fuentes, Martha",48,Bello,6806822378
5580,"Lopez Medina, Mauricio",79,Arauca,3986713379
5581,"Barrera Silva, Esteban",77,Itagui,7214015580
5582,"Tapia Núñez, Eduardo",37,Yopal,9722955281
5583,"Padilla Medina, Monica",27,Itagui,8525187582
5584,"Fuentes Ortiz, Miguel",20,Popayan,7019341983
5585,"Gutierrez Rodriguez, Paola",29,Cali,3284711684
5586,"Camacho Suarez, Roberto",65,Mitu,7295635085
5587,"Avila Ponce, Martha",79,Pasto,8394777886
5588,"Valdez Contreras, Arturo",41,Palmira,4804178087
5589,"Dominguez Barrera, Isabella",39,Florencia,6138953088
5590,"Pena Guzmán, Alfredo",78,Neiva,5392065989
5591,"Montes Herrera, Nicolas",45,Soledad,9868571490
5592,"Escobar Medina, Eduardo",21,Neiva,6902861891
5593,"Mendez Arias, Raul",68,Pereira,4504917692
5594,"Soto Muñoz, Ernesto",55,Medellin,1551094593
5595,"Dominguez Rojas, Teresa",52,Puerto Carreno,2093261994
5596,"Espinoza Reyes, Fabian",41,Itagui,5808819995
5597,"Gomez Moreno, Cesar",54,Buenaventura,5006353396
5598,"Morales Parra, Pablo",22,Florencia,6574316097
5599,"Estrada Sanchez, Sebastian",51,Arauca,6660136498
5600,"Rojas Rojas, Juan Pablo",48,Bello,2347636599
5601,"Reyes Herrera, Helena",76,Valledupar,1352733300
5602,"Sandoval Becerra, Maria Jose",57,Sincelejo,2230293101
5603,"Romero Sanchez, Esperanza",24,Neiva,3720154602
5604,"Alvarez Diaz, Claudia",28,Soacha,9308198903
5605,"Vásquez Sanchez, Yolanda",78,Mitu,8958917304
5606,"Rojas Serrano, Claudia",70,Villavicencio,6814825505
5607,"Garcia Carrillo, Maria Jose",43,San Jose del Guaviare,8616031006
5608,"Barrera Rodriguez, Alejandro",37,Envigado,2500592307
5609,"Aguilar Padilla, Daniela",63,Santa Marta,1460091608
5610,"Meza Salinas, Francisco",42,Mitu,4293610109
5611,"Naranjo Mora, Javier",68,Florencia,7587916210
5612,"Perez Campos, Esperanza",34,Saravena,1802262111
5613,"Mendez Valencia, Arturo",39,Barranquilla,7224235412
5614,"Tapia Romero, Yolanda",28,Barranquilla,3890369213
5615,"Alvarado Ponce, Rosa",33,Inirida,6967508114
5616,"Pena Ramos, Carmen",53,Bucaramanga,9715715215
5617,"Leon Cabrera, Alejandro",49,Mocoa,4753286216
5618,"Fuente Leon, Ramon",46,Cucuta,5596842717
5619,"Valdez Navarro, Nora",42,Villavicencio,6956157018
5620,"Rojas Medina, Raul",34,Cucuta,1047652219
5621,"Carrillo Delgado, Hector",77,Puerto Carreno,6650774520
5622,"Mendez Cano, Patricia",70,Neiva,6277377821
5623,"Rivera Perez, Fernando",59,Palmira,9532947222
5624,"Acosta Cano, Rocio",57,Tunja,5918427723
5625,"Contreras Vega, Alfredo",54,Medellin,5160552424
5626,"Trujillo Rodriguez, Alejandra",28,Puerto Carreno,5662446325
5627,"Vega Meza, Elena",32,Cartagena,1901526526
5628,"Ramirez Rivera, Maria Clara",33,Inirida,7196062327
5629,"Dominguez Contreras, Miguel",57,Itagui,2279638828
5630,"Alvarez Ruiz, Isabella",46,Tunja,2377130729
5631,"Leon Rojas, Maria",26,Floridablanca,2544547530
5632,"Guerrero Silva, Rocio",77,Envigado,9534714031
5633,"Osorio Miranda, Eduardo",53,Puerto Carreno,3159570732
5634,"Gallego Garcia, Juliana",52,Pasto,4522934733
5635,"Castillo Ramos, Paola",38,Saravena,7978259934
5636,"Sandoval Reyes, Daniela",64,Envigado,3657631635
5637,"Vargas Moreno, Marcela",30,Quibdo,3647203036
5638,"Acosta Trujillo, Ivan",70,Cucuta,9318269537
5639,"Fuente Diaz, Ramon",47,Puerto Carreno,1474442138
5640,"Molina Vega, Victor",19,Santa Marta,3324869639
5641,"Núñez Fuente, Juan",60,Florencia,9567293240
5642,"Herrera Suarez, Arturo",50,Villavicencio,7288793441
5643,"Perez Padilla, Oscar",78,Bogota,4844483842
5644,"Morales Avila, Fernando",23,Bello,7585823043
5645,"Escobar Barrera, Esperanza",53,Medellin,2065230044
5646,"Rodriguez Alvarez, Oscar",57,Tunja,9894869145
5647,"Lara Suarez, Luisa",70,Bello,9919428546
5648,"Barrera Rios, Sofia",30,Palmira,6213683147
5649,"Moreno Valencia, Sergio",19,Riohacha,6601844948
5650,"Rivera Rubio, Mauricio",52,Cucuta,6976707049
5651,"Lopez Cortez, Enrique",79,Quibdo,8371788350
5652,"Acosta Mora, Angela",67,Inirida,5841251851
5653,"Alvarez Gutierrez, Susana",60,Yopal,5006951552
5654,"Villanueva Contreras, Rafael",36,Barrancabermeja,6128531753
5655,"Alvarado Contreras, Alejandra",61,Cucuta,5899686854
5656,"Leon Miranda, Diana",59,Barranquilla,7155405855
5657,"Ramirez Barrera, Isabella",61,Villavicencio,7696763756
5658,"Rodriguez Gallego, Andrea",18,Puerto Carreno,8596974657
5659,"Cardenas Avila, Ana Maria",20,Medellin,1054695558
5660,"Flores Flores, Hector",36,Cali,5550186659
5661,"Castillo Arias, Francisco",32,Manizales,6554237360
5662,"Alvarez Blanco, Juliana",37,San Jose del Guaviare,6357862861
5663,"Reyes Becerra, Diana",73,Pasto,5574942962
5664,"Fuente Espinoza, Juan",63,Bucaramanga,1606910263
5665,"Carrillo Cabrera, Oscar",54,Pereira,9547172764
5666,"Lugo Zamora, Roberto",57,Floridablanca,6890579765
5667,"Ponce Miranda, David",61,Palmira,8713947066
5668,"Salazar Parra, Victor",39,Bucaramanga,3639771767
5669,"Salazar Gallego, Silvia",19,Yopal,3925433268
5670,"Núñez Muñoz, Jorge",72,Pasto,2622604269
5671,"Núñez Coronel, Fabian",50,Riohacha,7062041670
5672,"Rubio Suarez, Maria Jose",39,Floridablanca,9816376871
5673,"Delgado Camacho, Ernesto",75,Popayan,4365180772
5674,"Ponce Serrano, Teresa",41,Tunja,5457254873
5675,"Rubio Suarez, Ana Maria",74,Floridablanca,2022308974
5676,"Delgado Aguilar, Rosa",68,Bello,7710589475
5677,"Alvarez Osorio, Mario",75,Mitu,5006500076
5678,"Valencia Nieto, Natalia",34,San Jose del Guaviare,3020615177
5679,"Rodriguez Bravo, Maria Clara",62,San Jose del Guaviare,8659412778
5680,"Sandoval Cortez, Victor",29,Mitu,6557004779
5681,"Serrano Gonzalez, Martha",27,Pasto,5245597580
5682,"Sandoval Torres, Ana Maria",53,Manizales,2614151581
5683,"Ramos Ortiz, Ana",22,Santa Marta,4127955882
5684,"Pena Fuente, Gustavo",77,Buenaventura,1819283983
5685,"Estrada Tapia, Maria",53,Envigado,1706280684
5686,"Ramirez Flores, Fabian",54,Tunja,5119974285
5687,"Gallego Salinas, Mario",66,Pereira,5881401386
5688,"Lara Figueroa, Patricia",61,Sincelejo,4089111687
5689,"Campos Mendoza, Rocio",54,Inirida,5233977788
5690,"Dominguez Guerrero, Manuel",39,Itagui,3297683889
5691,"Ponce Suarez, Lina",52,Cali,5786677690
5692,"Vásquez Delgado, Camila",34,Mitu,8229014191
5693,"Carrillo Aguilar, Hector",47,Palmira,9758330492
5694,"Estrada Ramos, Alejandro",18,Cucuta,4239980093
5695,"Serrano Morales, Rodrigo",33,Itagui,2718590494
5696,"Coronel Diaz, Fabian",60,Floridablanca,4387399195
5697,"Rios Salazar, Antonio",79,Mitu,2682743396
5698,"Perez Padilla, Arturo",68,Saravena,3851910997
5699,"Rojas Silva, Elena",30,Itagui,7221763698
5700,"Lugo Rojas, Rocio",51,Medellin,2368743499
5701,"Padilla Lara, Claudia",78,Bucaramanga,6548429800
5702,"Miranda Osorio, Marcela",68,Cali,6459866301
5703,"Valdez Lugo, Nicolas",65,Bucaramanga,5600298002
5704,"Castillo Morales, Eduardo",25,Bucaramanga,7403510203
5705,"Escobar Montes, Ana Maria",69,Buenaventura,4292874104
5706,"Martinez Peralta, Nicolas",73,Cartagena,4833974305
5707,"Castillo Gallego, Nicolas",21,Monteria,8424206006
5708,"Mendoza Salinas, Fabian",50,Palmira,1147007207
5709,"Leon Molina, Claudia",64,Barranquilla,4231178808
5710,"Barrera Estrada, Rocio",27,Popayan,7288940509
5711,"Jimenez Acosta, Roberto",63,Medellin,3274935810
5712,"Delgado Aguilar, Andrea",30,Mitu,2949294511
5713,"Coronel Martinez, Sebastian",47,Puerto Carreno,3445483312
5714,"Rivera Morales, Nicolas",46,Pasto,1469865313
5715,"Ponce Sanchez, Daniela",33,Valledupar,5549487614
5716,"Ponce Becerra, Melissa",40,Puerto Carreno,3596063915
5717,"Jimenez Osorio, Isabella",69,Soacha,3888844416
5718,"Mora Molina, Esperanza",41,Arauca,3560890617
5719,"Maldonado Romero, Ricardo",65,Riohacha,1407009818
5720,"Avila Barrera, Alejandra",36,Leticia,1169739819
5721,"Zamora Cano, Oscar",76,Monteria,2565656720
5722,"Montes Palacios, Juan Pablo",59,Puerto Carreno,1908372921
5723,"Fuentes Gonzalez, Melissa",34,Itagui,7619856122
5724,"Aguilar Rios, Oscar",55,Yopal,5771935723
5725,"Velasquez Rubio, Esperanza",22,Neiva,9853322224
5726,"Garcia Alvarez, Lorena",37,Villavicencio,8548439025
5727,"Aguilar Lopez, Esperanza",53,Popayan,8660711826
5728,"Lara Gutierrez, Mariana",23,Yopal,7453555927
5729,"Cabrera Blanco, Carmen",24,Bello,2693169328
5730,"Avila Leon, Camila",72,Cartagena,9838384229
5731,"Contreras Ponce, Melissa",42,Soacha,5612903830
5732,"Castillo Ponce, Arturo",29,Ibague,6992691031
5733,"Osorio Campos, Raul",63,Pereira,9010172232
5734,"Barrera Moreno, Helena",62,Puerto Carreno,6494531933
5735,"Guerrero Muñoz, Angela",54,Armenia,5953659434
5736,"Nieto Contreras, Yolanda",58,Pasto,6635111935
5737,"Molina Cano, Yolanda",75,Villavicencio,9151496536
5738,"Maldonado Nieto, Rocio",39,Armenia,4774909437
5739,"Parra Sandoval, Andres",52,Cali,8345167038
5740,"Ortiz Guerrero, Paula",61,Neiva,6435111339
5741,"Arias Ochoa, Carmen",76,Popayan,6047560140
5742,"Pena Maldonado, Gustavo",26,Soledad,9177388641
5743,"Núñez Palacios, Maria Jose",69,Palmira,5856940242
5744,"Aguilar Moreno, David",35,Mocoa,9417225843
5745,"Fuentes Mendez, Patricia",53,Cali,9515240444
5746,"Padilla Núñez, Juliana",23,Leticia,9374081345
5747,"Camacho Miranda, Miguel",41,Palmira,9733274546
5748,"Martinez Parra, Maria Clara",70,Puerto Carreno,6129669747
5749,"Reyes Núñez, Luis Miguel",25,Monteria,2417727748
5750,"Molina Parra, Sergio",26,Santa Marta,9139717149
5751,"Garcia Coronel, Esteban",21,Florencia,7936084950
5752,"Suarez Nieto, Alfredo",71,Florencia,1370049651
5753,"Suarez Rubio, Sebastian",42,Ibague,6523588652
5754,"Sanchez Molina, Roberto",52,Inirida,4801810153
5755,"Padilla Mendoza, Ignacio",48,Bucaramanga,8048249954
5756,"Morales Pena, Esperanza",40,Soacha,8121125655
5757,"Suarez Barrera, Enrique",61,Floridablanca,8532173556
5758,"Ramirez Villanueva, Alejandra",30,Manizales,4193110357
5759,"Jimenez Gomez, Helena",20,Cartagena,6506216458
5760,"Ortiz Gomez, Paola",38,Ibague,7488062659
5761,"Cortez Sandoval, Marcela",38,Tunja,7171394460
5762,"Garcia Vargas, Andres Felipe",45,Sincelejo,2845373461
5763,"Campos Navarro, Hector",51,Popayan,4296839962
5764,"Flores Delgado, Sebastian",32,Bogota,4604895763
5765,"Navarro Blanco, Ramon",48,Barranquilla,4305251564
5766,"Arias Acosta, Esperanza",73,Santa Marta,3897747065
5767,"Moreno Rojas, Marcela",32,Barrancabermeja,6824899766
5768,"Valencia Montes, Juliana",54,Cali,9405472867
5769,"Ponce Vergara, Sandra",68,Cucuta,2135568768
5770,"Gonzalez Alvarado, Mariana",48,Valledupar,4242996069
5771,"Cano Barrera, Lorena",18,Tunja,3634679570
5772,"Camacho Parra, Raul",39,Armenia,8655715271
5773,"Escobar Silva, Esperanza",26,Medellin,8423434072
5774,"Ochoa Gallego, Juliana",78,Florencia,1546281673
5775,"Nieto Serrano, Isabella",25,Puerto Carreno,1090627774
5776,"Vergara Torres, Silvia",22,Envigado,4506226075
5777,"Medina Osorio, Roberto",32,Itagui,4130380076
5778,"Soto Valdez, Daniela",80,Yopal,8724539777
5779,"Ramos Rubio, Esteban",67,Palmira,9084813778
5780,"Naranjo Naranjo, Paola",62,Saravena,7707156979
5781,"Rojas Velasquez, Francisco",33,Barranquilla,6081296080
5782,"Diaz Ortiz, Nicolas",79,Ibague,5505274681
5783,"Núñez Parra, Laura",62,San Jose del Guaviare,1129873482
5784,"Miranda Estrada, Sandra",23,Villavicencio,6393383183
5785,"Suarez Trujillo, Ramon",22,Medellin,6578528484
5786,"Arias Ramirez, Hector",69,Mitu,8522808785
5787,"Romero Arias, Carmen",67,Riohacha,7844996286
5788,"Espinoza Ramirez, Maria Jose",44,Leticia,1877446887
5789,"Romero Castillo, Rafael",27,Bello,8795273088
5790,"Blanco Lugo, Hector",76,Yopal,2924888389
5791,"Morales Gonzalez, Helena",32,Santa Marta,5085195890
5792,"Cruz Fuente, Ramon",46,Bucaramanga,4786807891
5793,"Molina Cortez, Camila",76,Itagui,5245218592
5794,"Bustos Padilla, Paola",70,Villavicencio,8984124393
5795,"Flores Cruz, Francisco",75,Puerto Carreno,8739939094
5796,"Acosta Reyes, Alejandra",19,Ibague,4348502295
5797,"Morales Vásquez, Ivan",43,Saravena,6164962796
5798,"Rivera Dominguez, Gabriel",66,Puerto Carreno,1065175397
5799,"Alvarez Jimenez, Victor",49,Ibague,6906872398
5800,"Romero Osorio, Sofia",79,Valledupar,8524534699
5801,"Camacho Gomez, David",21,Mitu,2288656000
5802,"Ortiz Suarez, Blanca",72,Envigado,3394418601
5803,"Tapia Parra, Silvia",68,Medellin,5832349602
5804,"Peralta Gutierrez, Ana",79,Barrancabermeja,2117656303
5805,"Cabrera Jimenez, Laura",30,Neiva,3159294304
5806,"Sandoval Fuente, Hugo",58,Riohacha,8460223205
5807,"Aguilar Aguilar, Melissa",29,Saravena,3720455906
5808,"Sandoval Medina, Alicia",31,Palmira,4080507607
5809,"Vargas Rivera, Mario",53,Envigado,2561092608
5810,"Fuente Bravo, Julio",67,Cartagena,8798036109
5811,"Zamora Guerrero, Tomas",54,Monteria,8344136110
5812,"Acosta Alvarez, Teresa",18,San Jose del Guaviare,5973863511
5813,"Silva Barrera, Raul",20,Santa Marta,9789216612
5814,"Rodriguez Salinas, Irene",22,Soacha,3381719713
5815,"Cortez Moreno, Rosa",45,Villavicencio,1191687414
5816,"Vásquez Rojas, Sofia",22,Bucaramanga,4728977115
5817,"Moreno Carrillo, Luisa",79,Inirida,2577327116
5818,"Suarez Alvarez, Cristina",37,Pasto,3054202217
5819,"Salazar Valencia, Andres",46,Manizales,1898210218
5820,"Ramos Rodriguez, Sebastian",32,Riohacha,2910142719
5821,"Garcia Pena, Catalina",63,Cali,5848801620
5822,"Moreno Mendoza, Carmen",47,Tunja,3884304521
5823,"Reyes Zamora, Lorena",65,Cali,5648632222
5824,"Moreno Fuente, Eduardo",51,Barrancabermeja,6412977623
5825,"Vargas Alvarez, Cesar",53,Cartagena,3957685024
5826,"Coronel Lopez, Juan Pablo",31,Itagui,2106894725
5827,"Garcia Soto, Miguel",56,Leticia,1487655826
5828,"Tapia Diaz, Luis Miguel",78,Tunja,4552564527
5829,"Naranjo Escobar, Nicolas",80,Arauca,8940682828
5830,"Lopez Escobar, Alicia",50,Neiva,3519817829
5831,"Valencia Jimenez, Laura",32,Riohacha,1199668130
5832,"Martinez Molina, Monica",37,Quibdo,8013817131
5833,"Miranda Naranjo, Luis",60,Envigado,7506357232
5834,"Bustos Salazar, Esperanza",38,San Jose del Guaviare,7525674033
5835,"Bustos Delgado, Paola",45,Yopal,2617544134
5836,"Miranda Mendoza, Maria Jose",74,Ibague,8643197635
5837,"Cardenas Naranjo, Oscar",41,Itagui,3129469836
5838,"Morales Mendoza, Alejandra",37,Villavicencio,2649258037
5839,"Rodriguez Ramos, Beatriz",47,Pasto,3565279238
5840,"Perez Alvarado, Mauricio",20,Yopal,9143320939
5841,"Leon Becerra, Esperanza",23,Itagui,8310182840
5842,"Nieto Becerra, Catalina",20,Pereira,3890253541
5843,"Castillo Camacho, Felipe",47,Soledad,2453080042
5844,"Palacios Acosta, Raul",19,Leticia,7701164243
5845,"Fuentes Carrillo, Rocio",26,Envigado,6019968944
5846,"Lugo Sandoval, Paula",55,Barranquilla,9024429445
5847,"Cano Bravo, Laura",33,Santa Marta,2978318246
5848,"Alvarez Contreras, Cesar",51,Barranquilla,6642325247
5849,"Figueroa Fuentes, Rafael",63,Tunja,4667029748
5850,"Espinoza Soto, Miguel",48,Bucaramanga,4847307749
5851,"Arias Aguilar, Natalia",69,Neiva,1712751550
5852,"Figueroa Cortez, Manuel",56,Cali,8964468451
5853,"Barrera Bustos, David",51,Pasto,4254335352
5854,"Acosta Jimenez, Diego",62,Manizales,4251555853
5855,"Cabrera Pena, Natalia",78,Santa Marta,1607089854
5856,"Fuente Torres, Mauricio",53,Bello,5208872055
5857,"Velasquez Velasquez, Maria",53,Barrancabermeja,6943031856
5858,"Mendoza Salinas, Paola",33,Villavicencio,8842250257
5859,"Guzmán Soto, Luis",75,Florencia,1945232458
5860,"Garcia Mendez, Juan Pablo",48,Inirida,1793680759
5861,"Torres Becerra, Ramon",75,Santa Marta,5514711760
5862,"Perez Camacho, Martha",20,Valledupar,8825721961
5863,"Guerrero Gutierrez, Ivan",42,Santa Marta,1639380962
5864,"Arias Escobar, Carmen",62,Barranquilla,9590876663
5865,"Gallego Fuente, Adriana",74,Bello,9670823364
5866,"Salinas Arias, Alicia",80,Barrancabermeja,8996984865
5867,"Coronel Avila, Maria Clara",29,Palmira,1339137966
5868,"Figueroa Perez, Enrique",21,Sincelejo,4334684267
5869,"Serrano Cabrera, Diana",33,Soledad,7832950168
5870,"Alvarez Cruz, Ivan",68,Tunja,8455931869
5871,"Parra Cardenas, Lina",34,Floridablanca,8740800770
5872,"Vásquez Zamora, Cesar",36,Sincelejo,2852830371
5873,"Sanchez Mendoza, Miguel",38,Bello,2827885072
5874,"Serrano Morales, Tomas",33,Quibdo,3251682273
5875,"Gutierrez Naranjo, Javier",79,Saravena,7624684074
5876,"Vega Mendoza, Marcela",27,Saravena,7835271075
5877,"Martinez Romero, Alejandra",48,Arauca,8161193876
5878,"Mendoza Silva, Ramon",47,Arauca,2273693277
5879,"Sandoval Ortiz, Susana",45,Floridablanca,6350514178
5880,"Reyes Ruiz, Alejandro",71,Monteria,8209903679
5881,"Contreras Naranjo, Victor",29,Bogota,4109043480
5882,"Herrera Guerrero, Martha",45,Yopal,6119603481
5883,"Nieto Camacho, Julio",28,Pereira,4754045482
5884,"Padilla Ibarra, Maria Jose",44,Cali,2788531383
5885,"Rojas Vergara, Claudia",71,Puerto Carreno,5768422284
5886,"Meza Osorio, Roberto",61,Floridablanca,1464783085
5887,"Barrera Rojas, Andres Felipe",41,Puerto Carreno,5522032186
5888,"Mendoza Palacios, Catalina",62,Inirida,6823621087
5889,"Lugo Valencia, Jorge",67,Sincelejo,9291068288
5890,"Castillo Mendoza, Lorena",62,San Jose del Guaviare,2803700089
5891,"Suarez Figueroa, Teresa",22,Ibague,5055108190
5892,"Miranda Ruiz, Andrea",43,Quibdo,5012010291
5893,"Zamora Gutierrez, Tomas",70,Leticia,1952165792
5894,"Parra Herrera, Juliana",68,Envigado,6780304793
5895,"Guzmán Figueroa, Mauricio",71,Envigado,1276938194
5896,"Tapia Vergara, Claudia",60,Tunja,2216662195
5897,"Meza Bustos, Mariana",20,Envigado,2225884096
5898,"Vargas Trujillo, Juliana",33,Popayan,5445840697
5899,"Mendez Becerra, Sergio",61,Bello,8814919198
5900,"Velasquez Navarro, Sofia",26,Pasto,2168859499
5901,"Cardenas Ochoa, Alicia",45,Pasto,3081828300
5902,"Vega Valdez, Esteban",71,Soacha,4498682701
5903,"Diaz Gallego, Sandra",68,Saravena,7981504802
5904,"Pena Romero, Melissa",79,Monteria,9352566703
5905,"Gomez Nieto, Jorge",56,Buenaventura,1941365504
5906,"Cruz Torres, Camila",58,Cartagena,8253725805
5907,"Espinoza Figueroa, Paola",62,Riohacha,1524733106
5908,"Blanco Torres, Tomas",64,Arauca,7253539007
5909,"Ibarra Rivera, Patricia",34,Mocoa,9248276808
5910,"Soto Ortiz, Lina",19,Envigado,7627488709
5911,"Ramos Coronel, Blanca",40,Medellin,6843170810
5912,"Romero Reyes, Diego",31,Buenaventura,3280878111
5913,"Valdez Valencia, Arturo",34,San Jose del Guaviare,3552100212
5914,"Fuentes Gallego, Juan Pablo",28,Florencia,8363726513
5915,"Ramos Suarez, Esperanza",28,Cartagena,5100039214
5916,"Rodriguez Acosta, Ricardo",51,Popayan,4526247915
5917,"Lara Maldonado, Lorena",71,Medellin,8765276416
5918,"Pena Tapia, Juan Pablo",58,Manizales,5028896817
5919,"Silva Cruz, Paola",43,Bogota,5169366318
5920,"Salazar Serrano, Ana Maria",73,Itagui,5655291819
5921,"Guzmán Rojas, Ramon",41,Cartagena,7810290620
5922,"Silva Barrera, Silvia",30,Barrancabermeja,1625591421
5923,"Carrillo Camacho, Susana",46,Envigado,5997474222
5924,"Fuente Alvarez, Fernando",68,Buenaventura,6197385723
5925,"Ruiz Coronel, Angela",61,Armenia,4421357224
5926,"Valdez Ruiz, Helena",74,Barrancabermeja,5349357925
5927,"Núñez Medina, Fernando",56,Leticia,3312498326
5928,"Sanchez Gonzalez, Luisa",49,Cartagena,6746062027
5929,"Rubio Cruz, Adriana",75,Leticia,3968523428
5930,"Cortez Nieto, Martha",25,Mitu,4978685929
5931,"Cano Fuente, Mauricio",64,Bello,8082065730
5932,"Camacho Becerra, Mario",45,Ibague,5547913631
5933,"Velasquez Mora, Mariana",24,Cucuta,3491160332
5934,"Rios Vargas, Paula",64,Palmira,7845836033
5935,"Delgado Cortez, Elena",44,Mocoa,1541714934
5936,"Perez Jimenez, Andres Felipe",29,Floridablanca,8755045735
5937,"Villanueva Fuente, Alicia",70,Riohacha,4167943436
5938,"Palacios Castillo, Sebastian",52,Manizales,3481256137
5939,"Contreras Avila, Juan",65,Popayan,1842636838
5940,"Bustos Navarro, Ivan",67,Envigado,5498817039
5941,"Ruiz Espinoza, Gabriel",72,Neiva,6248593840
5942,"Ponce Guerrero, Ignacio",19,Neiva,3074136341
5943,"Moreno Alvarez, Raul",45,Puerto Carreno,3775757042
5944,"Salazar Parra, Luis",43,Bello,6551913843
5945,"Cano Navarro, Hector",70,Bogota,6356554444
5946,"Soto Rodriguez, Silvia",54,Popayan,5635619545
5947,"Ramirez Núñez, Fabian",69,Cartagena,7776908546
5948,"Vergara Jimenez, Sandra",51,Saravena,2605469147
5949,"Salazar Contreras, Hugo",74,Villavicencio,9168945948
5950,"Torres Rios, Cesar",28,Cucuta,6180368849
5951,"Perez Dominguez, Andres",31,Cartagena,8056397350
5952,"Bustos Avila, Helena",62,Arauca,7607886151
5953,"Padilla Herrera, Carmen",69,Pereira,3813824952
5954,"Lopez Camacho, Alfredo",39,Riohacha,7731861253
5955,"Muñoz Silva, Mariana",56,Santa Marta,2098967054
5956,"Rubio Trujillo, Pablo",49,Cucuta,7892577755
5957,"Villanueva Jimenez, Catalina",80,Barranquilla,6858431956
5958,"Parra Guerrero, Pilar",33,Envigado,3907004057
5959,"Guerrero Torres, Diego",60,Valledupar,5420553258
5960,"Gomez Ponce, Rosa",57,Quibdo,5695978659
5961,"Silva Romero, Natalia",66,Tunja,2914190160
5962,"Peralta Vega, Valentina",30,Puerto Carreno,5354419361
5963,"Martinez Acosta, Pedro",43,Buenaventura,2936884762
5964,"Leon Delgado, Antonio",68,Barrancabermeja,9260651963
5965,"Peralta Núñez, Miguel",20,Puerto Carreno,2811367164
5966,"Barrera Blanco, Gabriel",73,Neiva,4341894965
5967,"Moreno Ortiz, Catalina",74,Bogota,9312446066
5968,"Montes Montes, Nora",32,Floridablanca,2510181767
5969,"Fuente Ibarra, Gabriel",29,Buenaventura,4153165768
5970,"Fuentes Mora, Blanca",79,Valledupar,9477932169
5971,"Rubio Castillo, Laura",46,Inirida,1511929570
5972,"Castillo Gallego, Oscar",75,Cartagena,5042590271
5973,"Jimenez Velasquez, Hernan",53,Bello,1085952872
5974,"Romero Valdez, Fabian",47,Bucaramanga,2720483173
5975,"Pena Lopez, Sandra",37,Barranquilla,8099581974
5976,"Gutierrez Castillo, Diana",38,Soacha,1913224275
5977,"Figueroa Fuente, Pedro",45,Barrancabermeja,9853544176
5978,"Campos Estrada, Beatriz",55,Puerto Carreno,9790050277
5979,"Peralta Gomez, Angela",57,San Jose del Guaviare,6215444378
5980,"Sandoval Martinez, Jorge",37,Inirida,7439280479
5981,"Blanco Gutierrez, Diana",39,Puerto Carreno,4469234680
5982,"Sanchez Miranda, Catalina",39,Valledupar,9566495981
5983,"Parra Ruiz, Julio",61,Bogota,7338944382
5984,"Lugo Fuente, Manuel",67,Sincelejo,3159949083
5985,"Pena Ramirez, Esteban",43,Neiva,1838993284
5986,"Rios Sandoval, Ivan",29,Cucuta,3829906885
5987,"Sanchez Vásquez, Helena",29,Manizales,2125090186
5988,"Valencia Reyes, Ricardo",40,Barranquilla,8324965687
5989,"Cruz Villanueva, Juliana",58,Sincelejo,8150290788
5990,"Romero Núñez, Laura",56,Puerto Carreno,9383764589
5991,"Barrera Ochoa, Gustavo",39,Cali,8602481190
5992,"Escobar Villanueva, Juan",27,Popayan,8453480791
5993,"Alvarez Guzmán, Gustavo",28,Cali,9475932892
5994,"Delgado Peralta, Sergio",56,Itagui,1454756393
5995,"Parra Herrera, Ana Maria",41,Villavicencio,5048001094
5996,"Mendez Molina, Andres Felipe",73,Barranquilla,9275130095
5997,"Moreno Martinez, Daniela",42,Bogota,1533746296
5998,"Lara Alvarez, Jorge",58,Saravena,1833089797
5999,"Morales Montes, Rafael",24,Saravena,4798267398
6000,"Muñoz Peralta, Teresa",27,Riohacha,8934785899
6001,"Naranjo Meza, Andrea",44,Floridablanca,3196617900
6002,"Alvarado Mora, Yolanda",36,Floridablanca,4607773601
6003,"Silva Zamora, Maria Jose",35,Arauca,7428905502
6004,"Valencia Acosta, Gustavo",62,Yopal,2294068003
6005,"Gutierrez Lara, Hector",63,Cartagena,6224120004
6006,"Ruiz Rivera, Gloria",52,Villavicencio,1329347605
6007,"Nieto Carrillo, Juliana",57,Popayan,9084960106
6008,"Nieto Carrillo, Luis Miguel",22,Barrancabermeja,2574861607
6009,"Delgado Herrera, Lorena",29,Popayan,4690576508
6010,"Mendez Herrera, Cesar",20,Cucuta,9537288509
6011,"Flores Osorio, Ernesto",36,Bogota,2113253610
6012,"Lopez Muñoz, Angela",23,Tunja,5441422511
6013,"Trujillo Romero, David",24,Manizales,9717504212
6014,"Fuente Flores, Sergio",32,Puerto Carreno,2242905313
6015,"Cruz Ramirez, Rafael",73,Saravena,7335550714
6016,"Cortez Vásquez, Andres",68,Itagui,2475917615
6017,"Coronel Peralta, Maria Clara",43,Bucaramanga,4370189816
6018,"Leon Velasquez, Miguel",75,Saravena,9214073117
6019,"Becerra Delgado, Ramon",27,Bello,7618229218
6020,"Ruiz Silva, Alicia",61,San Jose del Guaviare,2257597819
6021,"Cardenas Castillo, Claudia",70,Pereira,4460319920
6022,"Barrera Morales, Angela",45,Mitu,6964276421
6023,"Rivera Castillo, Hector",38,Inirida,6750921522
6024,"Avila Sanchez, Maria Clara",33,Santa Marta,5017789723
6025,"Castillo Ruiz, Lina",38,Leticia,8515096324
6026,"Palacios Morales, Ignacio",52,Pereira,9060217525
6027,"Alvarez Nieto, Andrea",29,Cucuta,9843220526
6028,"Salazar Jimenez, Esperanza",77,Inirida,8500461727
6029,"Bustos Becerra, Sergio",80,Neiva,1451538428
6030,"Salazar Salinas, Helena",42,Valledupar,7917622229
6031,"Medina Villanueva, Mario",35,Tunja,1972097030
6032,"Salazar Perez, Pablo",50,Cucuta,4199226531
6033,"Contreras Diaz, Blanca",75,Mocoa,5268565732
6034,"Flores Cabrera, Martha",30,Bogota,9700780133
6035,"Sanchez Bustos, Javier",74,Buenaventura,1977919434
6036,"Cano Fuente, Diego",53,Bogota,3304279535
6037,"Torres Guerrero, Mariana",30,Mocoa,6719613536
6038,"Barrera Salinas, Arturo",27,Quibdo,1394330137
6039,"Herrera Aguilar, Ernesto",69,Soledad,8117930138
6040,"Garcia Soto, Ivan",77,Barrancabermeja,1565965639
6041,"Jimenez Morales, Esperanza",71,Cartagena,5161816340
6042,"Alvarez Sandoval, Nicolas",60,Cartagena,5449924241
6043,"Arias Cruz, Sebastian",28,Quibdo,8126507442
6044,"Espinoza Vergara, Nicolas",24,Inirida,1230769243
6045,"Arias Torres, Patricia",24,Ibague,4864604244
6046,"Carrillo Torres, Francisco",23,Palmira,5334489745
6047,"Torres Fuente, Adriana",23,Santa Marta,1172317046
6048,"Rivera Pena, Nora",26,Pasto,3568430947
6049,"Salazar Meza, Ana",20,Arauca,7945456848
6050,"Ramirez Romero, Fabian",48,Buenaventura,5242365349
6051,"Figueroa Ortiz, Ana",43,Puerto Carreno,7757645950
6052,"Zamora Sanchez, Helena",73,Bucaramanga,5760364951
6053,"Pena Palacios, Valentina",22,Soledad,8529397052
6054,"Tapia Serrano, Felipe",44,Valledupar,3148044553
6055,"Serrano Villanueva, Ignacio",35,Quibdo,2153138654
6056,"Campos Padilla, Alejandro",72,Armenia,7224940255
6057,"Vásquez Figueroa, Sebastian",45,Barrancabermeja,8682612056
6058,"Camacho Zamora, Rosa",33,Cali,3162344757
6059,"Morales Cortez, Carlos",42,Soledad,9893837858
6060,"Vásquez Salinas, Nora",33,Arauca,8832981759
6061,"Ruiz Guerrero, Yolanda",47,Ibague,9445026160
6062,"Salinas Valencia, Javier",20,Manizales,6651759361
6063,"Rios Rivera, Ana Maria",58,Manizales,7467786662
6064,"Barrera Molina, Angela",64,Armenia,2003156663
6065,"Ortiz Coronel, Alejandro",21,Mocoa,3165754864
6066,"Bustos Villanueva, Pilar",20,Armenia,7246989665
6067,"Sandoval Montes, Alejandro",24,Yopal,1932096066
6068,"Gutierrez Perez, Esteban",24,Mocoa,4378400067
6069,"Cruz Meza, Yolanda",60,Mitu,8105910768
6070,"Barrera Rojas, Sergio",21,Leticia,1958170569
6071,"Rojas Dominguez, Ana Maria",43,Mitu,4063963670
6072,"Parra Arias, Gabriel",22,Medellin,3979808971
6073,"Flores Navarro, Gabriel",70,Armenia,9738152872
6074,"Mendez Villanueva, Beatriz",47,Cali,1072674373
6075,"Lugo Castillo, Maria Clara",51,Monteria,4138433974
6076,"Cabrera Cruz, Ricardo",45,Leticia,7980285275
6077,"Rubio Lara, Miguel",57,Popayan,2850663876
6078,"Maldonado Rios, Rodrigo",53,Barrancabermeja,7241950577
6079,"Pena Cano, Luis Miguel",58,Arauca,8601686978
6080,"Sanchez Suarez, Carmen",21,Cartagena,3558581479
6081,"Parra Bravo, Andres Felipe",38,Cali,1095028280
6082,"Mendoza Miranda, Luisa",60,Arauca,6298273181
6083,"Nieto Muñoz, Laura",50,Neiva,2648763982
6084,"Padilla Gomez, Gustavo",68,Floridablanca,4332427083
6085,"Becerra Mendez, Maria",60,Buenaventura,8110617184
6086,"Velasquez Bustos, Fabian",70,Soacha,8930031785
6087,"Mendoza Carrillo, Gloria",65,Arauca,6376908186
6088,"Mendoza Dominguez, Irene",72,Barranquilla,9343409987
6089,"Núñez Torres, Daniela",67,Riohacha,4294645688
6090,"Carrillo Contreras, Monica",52,Puerto Carreno,4211538989
6091,"Reyes Ramos, Mauricio",34,Leticia,8597560390
6092,"Rodriguez Escobar, Elena",39,Buenaventura,6357237391
6093,"Valdez Valencia, Hugo",80,Sincelejo,5990142692
6094,"Cabrera Villanueva, Juan Pablo",58,Cali,6506716393
6095,"Rios Torres, Gabriel",21,Bello,7473400894
6096,"Espinoza Carrillo, Alfredo",38,Monteria,2848555695
6097,"Mora Romero, Susana",59,Cartagena,8762335096
6098,"Alvarez Mendez, Alicia",61,Neiva,8746623797
6099,"Fuente Mora, Luis",44,Bogota,5702678698
6100,"Herrera Espinoza, Lorena",57,Pasto,4757609399
6101,"Jimenez Lopez, Helena",23,Leticia,2774573800
6102,"Vargas Salazar, Angela",23,Manizales,2197652401
6103,"Rivera Cardenas, Sebastian",55,Tunja,5416516102
6104,"Herrera Zamora, Elena",57,Soledad,7948693603
6105,"Peralta Sanchez, Ana",43,Arauca,1739819504
6106,"Vega Rojas, Miguel",74,Neiva,5418076705
6107,"Blanco Espinoza, David",57,Cartagena,1666710906
6108,"Tapia Soto, Martha",52,Florencia,8244100707
6109,"Gallego Salazar, Julio",35,Medellin,8230554208
6110,"Herrera Molina, Eduardo",67,Neiva,6857113109
6111,"Naranjo Medina, Rosa",60,Cucuta,1783848310
6112,"Tapia Alvarado, Claudia",68,Ibague,3535326011
6113,"Mendez Medina, Silvia",28,Santa Marta,2668239412
6114,"Salinas Molina, Melissa",63,Popayan,3017014213
6115,"Maldonado Molina, Valentina",64,Inirida,2519322714
6116,"Ochoa Herrera, Andres Felipe",34,Neiva,7854103615
6117,"Perez Avila, Fernando",46,Bucaramanga,1103710616
6118,"Osorio Gomez, Maria",78,Riohacha,7633351517
6119,"Rojas Sandoval, Andres Felipe",25,Ibague,3810070718
6120,"Vargas Ramos, Rosa",61,Cartagena,8286113819
6121,"Jimenez Soto, Beatriz",67,Ibague,8795880320
6122,"Salinas Fuentes, Sergio",71,Sincelejo,3671979721
6123,"Aguilar Tapia, Andres Felipe",23,Cucuta,9744774722
6124,"Bravo Ochoa, Paula",80,Barrancabermeja,4506173223
6125,"Torres Arias, Carlos",48,Inirida,2831512024
6126,"Vargas Montes, Patricia",80,Barranquilla,9256453225
6127,"Delgado Alvarez, Nicolas",67,Bello,2081136026
6128,"Salazar Lara, Esteban",43,Leticia,4437250627
6129,"Flores Maldonado, Fabian",21,Pasto,1110027128
6130,"Parra Ochoa, Manuel",47,Soledad,9983825929
6131,"Osorio Campos, Juan Pablo",25,Bello,9380631930
6132,"Avila Castillo, Raul",75,Riohacha,5941440131
6133,"Guzmán Meza, Sofia",34,Floridablanca,9345861532
6134,"Castillo Aguilar, Alicia",52,Cartagena,3293595833
6135,"Perez Valencia, Francisco",19,Mocoa,1548791334
6136,"Gutierrez Gutierrez, Eduardo",44,Pasto,1999100135
6137,"Cruz Camacho, Mario",37,Manizales,5724786136
6138,"Delgado Valencia, Javier",41,Inirida,3550923437
6139,"Moreno Rios, Alejandra",52,Quibdo,4144483038
6140,"Osorio Salazar, Tomas",31,Tunja,8516156239
6141,"Cortez Ruiz, Ramon",31,Cartagena,2137684940
6142,"Ortiz Dominguez, Teresa",69,Soledad,9069126841
6143,"Valencia Perez, Patricia",55,Florencia,6754057642
6144,"Molina Leon, Ernesto",60,Cartagena,3859958843
6145,"Salazar Meza, Laura",67,Cucuta,8570079544
6146,"Diaz Ramirez, Ivan",64,Envigado,8976772045
6147,"Medina Gallego, Lorena",79,Mitu,9670748546
6148,"Rios Romero, Gloria",22,Pereira,1078975247
6149,"Vargas Dominguez, Carlos",69,Bogota,8643287548
6150,"Cabrera Coronel, Daniela",75,Buenaventura,6959959049
6151,"Rivera Barrera, Esperanza",39,Bucaramanga,7575703550
6152,"Jimenez Osorio, Marcela",24,Bello,6768040951
6153,"Tapia Tapia, Ana",32,Barranquilla,8859173852
6154,"Torres Trujillo, Esteban",41,Saravena,2112107953
6155,"Miranda Peralta, Catalina",40,Ibague,8701474554
6156,"Molina Parra, Ana",27,Villavicencio,4285809755
6157,"Bustos Vásquez, Juan",47,Manizales,4052035556
6158,"Lugo Maldonado, Claudia",27,Mocoa,2912238357
6159,"Rubio Arias, Adriana",60,Barranquilla,8272684658
6160,"Morales Rodriguez, Isabella",30,Armenia,1909743959
6161,"Muñoz Ochoa, Teresa",45,Leticia,1476940660
6162,"Guerrero Cruz, Mariana",66,Itagui,7688889261
6163,"Martinez Mora, Martha",46,Envigado,8264110162
6164,"Soto Acosta, Pedro",62,Leticia,2595194263
6165,"Zamora Padilla, Angela",62,Saravena,7956508464
6166,"Vásquez Vega, Alejandro",61,Florencia,7731221465
6167,"Avila Escobar, Laura",20,Soacha,4601665366
6168,"Guzmán Leon, Esperanza",72,Popayan,1475816967
6169,"Molina Vergara, Hernan",70,Armenia,5840958168
6170,"Velasquez Campos, Ivan",28,Ibague,4411421569
6171,"Rivera Garcia, Sofia",57,Valledupar,6840133870
6172,"Bustos Ruiz, Rocio",59,Itagui,1618154671
6173,"Alvarez Leon, Tomas",62,Manizales,3571068772
6174,"Navarro Diaz, Pedro",59,Arauca,9201651973
6175,"Carrillo Valencia, Alejandro",27,Riohacha,1819513874
6176,"Estrada Pena, Melissa",19,Villavicencio,1745637775
6177,"Delgado Camacho, Juan Pablo",56,Barrancabermeja,4902783976
6178,"Sandoval Acosta, Hernan",69,Mitu,7754068277
6179,"Carrillo Navarro, Blanca",37,Barrancabermeja,3991269878
6180,"Rodriguez Coronel, Paula",23,Tunja,9740139479
6181,"Rojas Avila, Andres",45,Bello,4541643580
6182,"Nieto Blanco, Marcela",30,Leticia,3681011581
6183,"Ibarra Castillo, Luis",48,Cucuta,7736665282
6184,"Diaz Arias, Blanca",66,Soledad,9154691983
6185,"Diaz Cano, Maria",80,Mitu,9147325484
6186,"Mendoza Acosta, Patricia",45,Florencia,7932286885
6187,"Guerrero Cano, Paola",20,Floridablanca,7060949186
6188,"Velasquez Molina, Ernesto",31,Ibague,7911738087
6189,"Nieto Alvarado, Hector",66,Monteria,8221869988
6190,"Herrera Sandoval, Maria",25,Mitu,9255338989
6191,"Parra Valencia, Pedro",23,Sincelejo,7598675990
6192,"Lugo Osorio, Felipe",43,Cucuta,7642340491
6193,"Espinoza Pena, Jorge",24,Pereira,9071671192
6194,"Suarez Naranjo, Alicia",27,Pereira,9631561193
6195,"Moreno Figueroa, Yolanda",70,Popayan,9010766094
6196,"Rodriguez Vergara, Patricia",34,Buenaventura,1233773595
6197,"Osorio Rivera, Andres",35,Pasto,4918607196
6198,"Lopez Velasquez, Luis Miguel",48,Buenaventura,3720942497
6199,"Valdez Pena, Ernesto",67,Leticia,7401673098
6200,"Navarro Mendoza, Victor",52,Manizales,6380464099
6201,"Padilla Ramirez, Andres",72,Buenaventura,1339712500
6202,"Herrera Ruiz, Andres",22,Ibague,9712566601
6203,"Soto Lugo, Elena",21,Leticia,6851781902
6204,"Martinez Ramirez, Julio",43,Manizales,2622820703
6205,"Morales Alvarado, Ernesto",34,Barranquilla,2263057104
6206,"Pena Cano, Camila",66,Cali,7474807905
6207,"Garcia Aguilar, Roberto",22,Pereira,5970008206
6208,"Villanueva Navarro, Helena",60,Pereira,7162050307
6209,"Peralta Rivera, Lorena",56,Santa Marta,3978131408
6210,"Cabrera Valdez, Maria Clara",73,Leticia,4098050709
6211,"Becerra Torres, Julio",62,San Jose del Guaviare,7830198210
6212,"Osorio Flores, Pablo",75,Cali,5399423111
6213,"Osorio Moreno, Isabella",79,Arauca,1434633912
6214,"Becerra Perez, Gloria",45,Buenaventura,4255232013
6215,"Parra Silva, Miguel",57,Neiva,6107891414
6216,"Bravo Espinoza, Manuel",50,Medellin,8097623115
6217,"Suarez Rubio, Alejandro",24,Barranquilla,5144272216
6218,"Medina Flores, Camila",19,Tunja,9628283917
6219,"Garcia Fuentes, Esteban",61,Medellin,8940874418
6220,"Vásquez Herrera, Angela",38,Florencia,1356344619
6221,"Bravo Moreno, Gabriel",73,Envigado,5828116020
6222,"Miranda Valencia, Nicolas",70,Quibdo,3596162221
6223,"Estrada Campos, Julio",45,Soacha,4457072222
6224,"Núñez Ramos, Yolanda",59,Mitu,3247870023
6225,"Ponce Sandoval, Tomas",62,Quibdo,3201129624
6226,"Garcia Garcia, Nicolas",68,Barranquilla,7024238625
6227,"Muñoz Muñoz, Hector",39,Cartagena,8098212926
6228,"Mendez Rodriguez, Sebastian",48,Yopal,7980474027
6229,"Martinez Vega, Paula",35,Cartagena,7309992028
6230,"Vega Rojas, Natalia",24,Santa Marta,4465941629
6231,"Valencia Arias, Mauricio",41,Bogota,5748798630
6232,"Tapia Rojas, Oscar",44,Itagui,2093222631
6233,"Silva Cortez, Lina",28,Mitu,5998974332
6234,"Guzmán Soto, Carmen",57,Arauca,1367961733
6235,"Velasquez Navarro, Carlos",68,Cartagena,6022940334
6236,"Figueroa Medina, Claudia",65,Armenia,8093004135
6237,"Medina Miranda, Natalia",56,Monteria,9655966736
6238,"Escobar Medina, Gloria",67,Soledad,2077313437
6239,"Salazar Fuente, Ricardo",27,Inirida,1468173838
6240,"Guerrero Arias, Valentina",59,Itagui,1786369839
6241,"Palacios Camacho, Martha",58,Mitu,1211728240
6242,"Salinas Arias, Silvia",24,Neiva,3014480641
6243,"Ibarra Fuentes, Andres Felipe",28,Inirida,2509802842
6244,"Peralta Palacios, Mario",30,Neiva,3291883543
6245,"Romero Rivera, Maria",34,Itagui,3983731344
6246,"Arias Sanchez, Mario",63,Barrancabermeja,1534538445
6247,"Silva Palacios, Yolanda",73,Cucuta,3844505246
6248,"Ochoa Ramos, Manuel",73,Villavicencio,4219390047
6249,"Rubio Delgado, Tomas",57,Bogota,6396026048
6250,"Salazar Fuente, Pilar",34,Quibdo,9541581149
6251,"Suarez Blanco, Camila",71,Barranquilla,1292567550
6252,"Pena Guerrero, Luis Miguel",76,Bogota,6170834951
6253,"Naranjo Martinez, Victor",27,Neiva,2295592752
6254,"Alvarado Pena, Luisa",50,Barrancabermeja,8923984853
6255,"Ochoa Cano, Alejandro",36,Inirida,2382574554
6256,"Campos Barrera, Rosa",39,Saravena,9842629355
6257,"Acosta Gallego, Carmen",72,Santa Marta,8960502956
6258,"Alvarado Núñez, Raul",44,Bogota,3518264057
6259,"Mendez Flores, Nicolas",44,Barrancabermeja,5791987058
6260,"Leon Gonzalez, Eduardo",18,Pasto,7366914159
6261,"Sandoval Perez, Cesar",21,Villavicencio,3572029260
6262,"Becerra Villanueva, Gustavo",53,Florencia,4479067061
6263,"Gomez Escobar, Fernando",50,Valledupar,5832914362
6264,"Cortez Guerrero, Sergio",75,Arauca,2747018963
6265,"Vargas Maldonado, Carmen",48,Buenaventura,9322067964
6266,"Romero Garcia, Angela",78,Pasto,8440400065
6267,"Camacho Rios, Ana",45,Yopal,8223614266
6268,"Serrano Muñoz, Rosa",22,Pereira,7014794267
6269,"Soto Salazar, Victor",39,Santa Marta,5350130868
6270,"Fuentes Molina, Hernan",23,Bello,7680022169
6271,"Villanueva Sanchez, Silvia",36,Bello,1479577370
6272,"Diaz Fuente, Arturo",59,Ibague,6033642671
6273,"Gallego Bustos, Ignacio",51,Ibague,2200120772
6274,"Nieto Campos, Diego",19,Barranquilla,9903273073
6275,"Mendez Sandoval, Tomas",19,Cartagena,3922686474
6276,"Medina Mendoza, Ernesto",42,Villavicencio,8034562075
6277,"Blanco Ponce, Cesar",57,Soacha,1873013176
6278,"Velasquez Valencia, Carlos",53,Bello,5904491377
6279,"Mendoza Velasquez, Paola",22,Bucaramanga,9922725778
6280,"Acosta Suarez, Luis Miguel",44,Sincelejo,8616004879
6281,"Parra Coronel, Tomas",43,San Jose del Guaviare,9599923580
6282,"Morales Parra, Rocio",69,Palmira,6865601081
6283,"Contreras Lara, Sergio",36,Itagui,7035423082
6284,"Bravo Gonzalez, Ignacio",75,Cucuta,4911254383
6285,"Cortez Alvarado, Angela",78,Cali,4179881884
6286,"Alvarez Montes, Alejandra",35,Manizales,2728123985
6287,"Garcia Fuentes, Valentina",63,Sincelejo,3256090186
6288,"Guerrero Vásquez, Felipe",68,Popayan,3627699787
6289,"Alvarez Meza, Helena",77,Valledupar,4139110388
6290,"Parra Rubio, Andrea",80,Saravena,1506322589
6291,"Meza Cardenas, Yolanda",69,Tunja,6812210690
6292,"Gallego Soto, Rocio",51,Soacha,7124359491
6293,"Palacios Velasquez, Antonio",59,Cartagena,7429780492
6294,"Martinez Fuente, Luisa",68,Sincelejo,5999571093
6295,"Naranjo Figueroa, Susana",59,Barrancabermeja,2036934494
6296,"Montes Torres, Susana",19,Neiva,2270240195
6297,"Silva Vargas, Juliana",33,Neiva,7064663296
6298,"Zamora Perez, Elena",40,Puerto Carreno,5816598697
6299,"Guerrero Soto, Maria Clara",34,San Jose del Guaviare,8226301498
6300,"Carrillo Acosta, Carlos",27,Riohacha,7208268599
6301,"Rojas Perez, Gustavo",55,Medellin,4871079000
6302,"Lopez Camacho, Daniela",45,Palmira,5198406001
6303,"Barrera Perez, Francisco",57,Floridablanca,9127672102
6304,"Parra Medina, Luis Miguel",51,Neiva,4758807803
6305,"Cruz Valdez, Sandra",28,Mitu,8916312604
6306,"Gomez Soto, Helena",73,Florencia,1545320605
6307,"Gomez Silva, Ricardo",67,Quibdo,4849261006
6308,"Garcia Cardenas, Helena",36,Riohacha,2909880907
6309,"Núñez Rios, Juliana",26,Riohacha,2612947608
6310,"Villanueva Salazar, Felipe",33,San Jose del Guaviare,1418828609
6311,"Figueroa Aguilar, Luis Miguel",60,Envigado,6303414310
6312,"Morales Nieto, Juan",51,Inirida,6618854211
6313,"Salinas Rios, Javier",28,Monteria,1301620112
6314,"Figueroa Ruiz, Cesar",40,Bogota,6502992713
6315,"Silva Cardenas, Valentina",19,San Jose del Guaviare,7058924514
6316,"Lara Rodriguez, Luisa",73,Envigado,1099924215
6317,"Ruiz Nieto, Hugo",30,Leticia,4074162216
6318,"Avila Lopez, Fabian",29,Bello,6641479417
6319,"Serrano Núñez, Fabian",52,Villavicencio,4082766418
6320,"Meza Suarez, Angela",72,Cucuta,1736403619
6321,"Espinoza Ibarra, Martha",41,Mitu,4482704720
6322,"Alvarez Ruiz, Diego",79,Cartagena,2310988621
6323,"Meza Avila, Patricia",32,Sincelejo,3341600722
6324,"Montes Naranjo, Natalia",52,Pereira,1137597623
6325,"Ruiz Gallego, Victor",24,Buenaventura,5760492524
6326,"Garcia Núñez, Julio",36,Bello,7787199125
6327,"Vega Salazar, Arturo",28,Leticia,6638306626
6328,"Castillo Suarez, Diego",76,Popayan,4272942327
6329,"Mora Guzmán, Camila",33,Arauca,7591531028
6330,"Alvarado Ruiz, Ignacio",43,Soacha,8314036129
6331,"Carrillo Maldonado, Luis Miguel",22,Sincelejo,5984107330
6332,"Flores Campos, Andres",62,Saravena,6910124131
6333,"Carrillo Ramos, Diego",24,Soledad,2911013232
6334,"Tapia Acosta, Julio",71,Tunja,3829284533
6335,"Mendez Coronel, Maria Clara",38,Pereira,1677140534
6336,"Estrada Sanchez, Sergio",66,Barrancabermeja,1471091335
6337,"Peralta Nieto, Camila",49,Saravena,8636914736
6338,"Lopez Sandoval, Luis",40,Palmira,4072893937
6339,"Gomez Mendez, Elena",30,Palmira,5983238438
6340,"Cardenas Castillo, Gabriel",75,Popayan,3395457539
6341,"Coronel Gallego, Angela",79,Bogota,3206172540
6342,"Navarro Pena, Ana",71,Valledupar,4418217241
6343,"Suarez Vásquez, Nora",63,Envigado,4119728942
6344,"Perez Torres, Pedro",22,Cucuta,2190543743
6345,"Rodriguez Gomez, Sandra",21,Florencia,7282143144
6346,"Castillo Romero, Ana Maria",57,Yopal,3281697945
6347,"Maldonado Montes, David",37,Itagui,5260209346
6348,"Vergara Ibarra, Hector",54,Puerto Carreno,6197191347
6349,"Mora Alvarado, Luisa",23,Inirida,4765640548
6350,"Perez Palacios, Andres Felipe",73,Barranquilla,2538095049
6351,"Barrera Lugo, Esperanza",64,Saravena,5389451650
6352,"Velasquez Flores, Julio",43,Inirida,5332111751
6353,"Herrera Camacho, Diana",55,Soledad,1181770352
6354,"Salinas Ruiz, Alfredo",20,Barrancabermeja,5298856553
6355,"Padilla Figueroa, Esteban",40,Floridablanca,8597442554
6356,"Avila Blanco, Carlos",71,Arauca,7031168755
6357,"Maldonado Rios, Juan Pablo",71,Manizales,9599848656
6358,"Zamora Ramirez, Pablo",56,Armenia,3225491657
6359,"Vásquez Navarro, Juan Pablo",63,Cartagena,3945601958
6360,"Cardenas Silva, Carmen",23,Yopal,2656508859
6361,"Mora Osorio, Julio",55,Mitu,7406386160
6362,"Martinez Tapia, Helena",38,Palmira,1380797061
6363,"Zamora Contreras, Sebastian",70,Leticia,5631671562
6364,"Campos Rojas, Alfredo",70,Ibague,7577348563
6365,"Parra Fuentes, David",59,Barranquilla,1892585764
6366,"Pena Diaz, Diana",45,Barrancabermeja,5655912665
6367,"Villanueva Salazar, Alejandro",18,Mocoa,5571069866
6368,"Martinez Contreras, Monica",33,Saravena,9580723067
6369,"Camacho Miranda, Claudia",50,Barranquilla,1779543768
6370,"Contreras Rubio, Gloria",45,Villavicencio,1672445269
6371,"Cruz Cardenas, Juan Pablo",74,Florencia,7750593270
6372,"Medina Trujillo, Nora",26,Riohacha,9286301171
6373,"Diaz Gallego, Patricia",27,Leticia,5478089372
6374,"Cano Mendoza, Ivan",38,Barrancabermeja,3705040873
6375,"Aguilar Diaz, Antonio",41,Florencia,6088234874
6376,"Peralta Lara, Esperanza",19,Inirida,2844926775
6377,"Sanchez Mendez, Juan Pablo",78,Barranquilla,1837659476
6378,"Gallego Becerra, Antonio",51,Riohacha,4602825277
6379,"Escobar Alvarado, Carmen",63,Barrancabermeja,9051086878
6380,"Medina Valencia, Luisa",27,Palmira,7512091079
6381,"Gallego Vásquez, Arturo",26,Monteria,9499440680
6382,"Avila Fuente, Daniela",58,Villavicencio,3166656881
6383,"Martinez Silva, Roberto",27,Mocoa,1298997282
6384,"Navarro Figueroa, Manuel",69,Riohacha,6732892483
6385,"Herrera Perez, Alfredo",68,Inirida,4008824284
6386,"Flores Estrada, Catalina",31,Soledad,9832786085
6387,"Sandoval Cano, Carmen",44,Neiva,3552622886
6388,"Blanco Pena, Miguel",58,Envigado,6376317687
6389,"Becerra Palacios, Fernando",29,Yopal,2486625588
6390,"Valencia Carrillo, Teresa",78,Barranquilla,9624300689
6391,"Cardenas Barrera, Paola",39,Palmira,3865095090
6392,"Parra Diaz, Miguel",48,Saravena,6958079491
6393,"Padilla Acosta, Paula",46,Floridablanca,3694932692
6394,"Trujillo Flores, Hector",40,Puerto Carreno,3657853493
6395,"Peralta Cano, Gloria",41,San Jose del Guaviare,4143839894
6396,"Montes Padilla, Luisa",34,Barranquilla,3021496995
6397,"Aguilar Gonzalez, Diana",52,Soacha,5193836396
6398,"Meza Montes, Paola",51,Sincelejo,2680358597
6399,"Villanueva Aguilar, Sandra",20,Inirida,6341728798
6400,"Salinas Cortez, Alicia",47,Arauca,6627084499
6401,"Nieto Guzmán, Maria Clara",72,Soledad,5255820800
6402,"Rivera Cruz, Manuel",46,Saravena,6474460701
6403,"Becerra Romero, Mariana",38,Valledupar,2177278302
6404,"Salazar Delgado, Ivan",33,Sincelejo,8520672203
6405,"Escobar Fuentes, Maria Jose",36,Monteria,8817432904
6406,"Sandoval Vega, Tomas",34,Manizales,4098487905
6407,"Ponce Acosta, David",71,Popayan,2448341406
6408,"Medina Vergara, Victor",20,Quibdo,3007977007
6409,"Perez Dominguez, Tomas",37,Bogota,8046214608
6410,"Velasquez Arias, Natalia",49,Pereira,6347843209
6411,"Gutierrez Ortiz, Esperanza",74,Buenaventura,9087205810
6412,"Camacho Castillo, David",50,Bucaramanga,2830037411
6413,"Herrera Meza, Manuel",70,Ibague,1440015112
6414,"Cardenas Salinas, Ana Maria",69,Bogota,5350768013
6415,"Zamora Ochoa, Cesar",59,Yopal,7678519814
6416,"Jimenez Gutierrez, Sofia",65,Medellin,2725517615
6417,"Trujillo Contreras, Catalina",30,Sincelejo,6937773016
6418,"Alvarado Moreno, Fabian",53,Armenia,5681735217
6419,"Palacios Bravo, Rodrigo",78,Palmira,4264977318
6420,"Perez Miranda, Helena",42,Puerto Carreno,2574072519
6421,"Gallego Vega, Gustavo",65,Bogota,3519841920
6422,"Serrano Lara, Andres Felipe",33,Leticia,8559050221
6423,"Ramos Lopez, Esperanza",31,Bello,4304673222
6424,"Rios Dominguez, Martha",65,Bello,8691116823
6425,"Romero Miranda, Marcela",36,Itagui,9179881824
6426,"Martinez Miranda, Luis Miguel",75,Saravena,9336661725
6427,"Mora Cortez, Andres",29,Quibdo,8273460426
6428,"Espinoza Estrada, Ana",49,Puerto Carreno,3150931027
6429,"Ortiz Salazar, Tomas",80,Saravena,5145173528
6430,"Núñez Rodriguez, Martha",56,Inirida,9940133929
6431,"Rubio Serrano, Nicolas",50,Floridablanca,7845732030
6432,"Cortez Silva, Fernando",55,Mitu,8251884431
6433,"Salazar Naranjo, Manuel",50,Cartagena,4084255232
6434,"Bravo Castillo, Enrique",39,Mitu,8391581733
6435,"Molina Cortez, Tomas",73,Tunja,3216262834
6436,"Mora Palacios, Luis",49,Barranquilla,6175191435
6437,"Rios Vergara, Isabella",79,Barranquilla,5724136436
6438,"Gomez Vásquez, Diego",29,Yopal,7829287437
6439,"Bustos Moreno, Sergio",21,Cucuta,6845050138
6440,"Sanchez Romero, Monica",43,Riohacha,3805551739
6441,"Guzmán Ramos, Alicia",30,Sincelejo,5462605440
6442,"Delgado Navarro, Alicia",57,Tunja,5352762141
6443,"Acosta Ochoa, Cristina",49,Puerto Carreno,5785473042
6444,"Ramirez Silva, Valentina",29,Popayan,7201752743
6445,"Palacios Blanco, Juan",27,Soledad,5279258244
6446,"Coronel Medina, Susana",29,Armenia,3510220245
6447,"Rivera Ruiz, Yolanda",40,Monteria,1930550446
6448,"Carrillo Suarez, Ivan",36,Neiva,9240469447
6449,"Gomez Rios, Francisco",71,Cartagena,7670479448
6450,"Ortiz Garcia, Martha",64,Florencia,6373317849
6451,"Serrano Aguilar, Camila",68,Cali,1512684650
6452,"Jimenez Garcia, Fabian",32,Yopal,6536459051
6453,"Fuentes Aguilar, Fabian",28,Yopal,7026880852
6454,"Pena Zamora, Arturo",52,Bogota,3818299253
6455,"Ruiz Campos, Francisco",47,Mitu,9225424454
6456,"Guerrero Naranjo, Angela",38,Ibague,3033095755
6457,"Rivera Velasquez, Ernesto",52,Palmira,5535166156
6458,"Aguilar Padilla, Julio",36,Floridablanca,5547604657
6459,"Trujillo Arias, Maria",43,San Jose del Guaviare,8886691958
6460,"Sandoval Silva, Paula",77,Inirida,7339138159
6461,"Lugo Nieto, Alejandra",61,Arauca,7750652160
6462,"Bravo Espinoza, Ricardo",37,Barrancabermeja,9773692961
6463,"Ortiz Valdez, Adriana",53,Buenaventura,6412462662
6464,"Rojas Barrera, Andres",66,Quibdo,7914920463
6465,"Núñez Gonzalez, Javier",36,Buenaventura,2220399264
6466,"Diaz Nieto, Miguel",65,Mitu,7164800765
6467,"Reyes Padilla, Ivan",72,Riohacha,1577324666
6468,"Alvarez Estrada, Marcela",47,Barranquilla,4264184067
6469,"Guzmán Parra, Roberto",77,Riohacha,6218497268
6470,"Rubio Suarez, Diego",27,Palmira,4328950469
6471,"Ramos Escobar, Sofia",49,Cucuta,2893196970
6472,"Silva Ortiz, Alejandro",19,Cucuta,4201356271
6473,"Ramirez Morales, Hernan",42,Soledad,9238592072
6474,"Ochoa Flores, Lina",43,Floridablanca,3407894573
6475,"Cortez Carrillo, Angela",18,Ibague,9596379874
6476,"Soto Guerrero, Alejandra",45,Villavicencio,5199108275
6477,"Diaz Rios, Tomas",77,Florencia,9238160076
6478,"Mendez Osorio, Monica",52,Pereira,4574583977
6479,"Miranda Coronel, Carlos",38,Bello,1380290678
6480,"Campos Cardenas, Juliana",18,Arauca,1352899479
6481,"Lara Cano, Manuel",28,Barranquilla,9109141180
6482,"Arias Gonzalez, Paula",63,Saravena,9733231181
6483,"Pena Fuente, Nora",64,Santa Marta,6764141582
6484,"Acosta Espinoza, Carmen",48,Floridablanca,5861912683
6485,"Rios Leon, Hugo",66,Buenaventura,5324852584
6486,"Padilla Perez, Yolanda",24,Barranquilla,8307802785
6487,"Leon Romero, Mauricio",80,Cali,9482829186
6488,"Valencia Meza, Ramon",76,Barranquilla,3010655487
6489,"Muñoz Villanueva, Alicia",18,Riohacha,5117660788
6490,"Molina Alvarez, Nicolas",43,Envigado,4676677589
6491,"Campos Muñoz, Francisco",79,Arauca,6023962890
6492,"Herrera Aguilar, Natalia",75,Floridablanca,5295807191
6493,"Mendez Guzmán, Cesar",78,Sincelejo,4285124492
6494,"Jimenez Montes, Oscar",38,Buenaventura,1254407193
6495,"Fuente Aguilar, Paola",43,Riohacha,2035304794
6496,"Rios Navarro, Carmen",41,Buenaventura,8839552795
6497,"Mora Valdez, Silvia",24,Mocoa,3471921896
6498,"Villanueva Rodriguez, Manuel",67,Puerto Carreno,7932931097
6499,"Osorio Fuente, Ramon",27,Puerto Carreno,6148322198
6500,"Perez Núñez, Susana",45,Saravena,3325269899
6501,"Nieto Valdez, Daniela",18,Pasto,4020552400
6502,"Zamora Martinez, Carlos",23,Mocoa,5029441801
6503,"Cano Vásquez, Ivan",79,Arauca,4758322302
6504,"Cardenas Gomez, Camila",78,Arauca,2501835403
6505,"Barrera Lugo, Diana",19,Santa Marta,1879778504
6506,"Osorio Reyes, Julio",55,Armenia,3377631005
6507,"Arias Castillo, Tomas",48,Sincelejo,6427597206
6508,"Maldonado Rojas, Luis Miguel",27,Mocoa,8107675407
6509,"Núñez Avila, Raul",52,Popayan,1992638008
6510,"Garcia Maldonado, Manuel",38,Bello,2563931509
6511,"Molina Salinas, Blanca",42,Cartagena,5010207410
6512,"Cano Sanchez, Yolanda",57,Puerto Carreno,4064793111
6513,"Guerrero Naranjo, Laura",29,Buenaventura,4841504912
6514,"Villanueva Ochoa, Tomas",23,Soledad,4309969713
6515,"Padilla Lopez, Cesar",52,Bogota,4623993814
6516,"Ochoa Aguilar, Gustavo",57,Cartagena,6061485315
6517,"Salinas Romero, Paola",48,Barranquilla,6577403716
6518,"Lugo Silva, Valentina",43,Soacha,7175835217
6519,"Carrillo Sanchez, Alfredo",24,Yopal,4518590118
6520,"Guerrero Mendoza, Rodrigo",59,Inirida,7012407719
6521,"Dominguez Palacios, Cesar",26,Cucuta,5139400120
6522,"Gonzalez Vega, Cesar",30,Manizales,4021875721
6523,"Avila Serrano, Sandra",39,San Jose del Guaviare,3337956822
6524,"Gonzalez Ramos, Jorge",52,Cartagena,8165518923
6525,"Camacho Aguilar, Luisa",29,Barrancabermeja,7442589824
6526,"Pena Coronel, Miguel",59,Bucaramanga,6351828625
6527,"Salazar Parra, Ana",33,Soacha,5634780126
6528,"Maldonado Cortez, Arturo",56,Puerto Carreno,1113350127
6529,"Gutierrez Escobar, Roberto",48,Floridablanca,8147849728
6530,"Silva Gonzalez, Carlos",72,Popayan,4670727629
6531,"Parra Parra, Ignacio",31,Leticia,1696383130
6532,"Sanchez Moreno, Juan Pablo",35,Sincelejo,9539338431
6533,"Rios Cabrera, Ricardo",67,Sincelejo,5978720532
6534,"Lugo Rivera, Rosa",79,Villavicencio,2055623333
6535,"Moreno Mora, Adriana",70,Bucaramanga,8397192834
6536,"Serrano Guerrero, Claudia",28,Mocoa,1347449735
6537,"Núñez Medina, Camila",19,Mocoa,3690010236
6538,"Ponce Ramos, Esperanza",80,Bello,3998446237
6539,"Rios Vargas, Esteban",31,San Jose del Guaviare,4419301938
6540,"Muñoz Moreno, Ernesto",18,San Jose del Guaviare,7056775539
6541,"Flores Maldonado, Andres Felipe",66,Mitu,2524288940
6542,"Tapia Parra, Isabella",54,Medellin,4100645341
6543,"Fuentes Torres, Monica",54,Inirida,5350357742
6544,"Valdez Silva, Ana Maria",69,Mocoa,9773414443
6545,"Salazar Contreras, Ana Maria",61,Bucaramanga,1786396944
6546,"Ramirez Muñoz, Marcela",56,Puerto Carreno,2586806845
6547,"Vergara Delgado, Lina",31,Mitu,8222926246
6548,"Torres Bustos, Sebastian",59,Yopal,1749554047
6549,"Leon Estrada, Miguel",46,Buenaventura,1429265548
6550,"Cano Núñez, Ignacio",33,Manizales,1347953249
6551,"Herrera Lugo, Lorena",23,Villavicencio,3820603550
6552,"Cruz Rodriguez, Melissa",47,Villavicencio,4893002451
6553,"Carrillo Rios, Francisco",67,Mitu,6588349452
6554,"Rodriguez Torres, Enrique",19,Soacha,2173762253
6555,"Ibarra Cardenas, Mario",41,Cali,6583372054
6556,"Ibarra Alvarez, Claudia",69,Medellin,6536310555
6557,"Suarez Coronel, Lina",72,Bello,1201826456
6558,"Dominguez Ramos, Daniela",59,Leticia,7738401257
6559,"Parra Perez, Alicia",51,Florencia,7121977258
6560,"Vergara Guzmán, Cesar",47,Barrancabermeja,8516099559
6561,"Diaz Barrera, Teresa",30,Inirida,4958597160
6562,"Coronel Estrada, Patricia",25,Riohacha,3132480761
6563,"Tapia Padilla, Maria",51,Bello,4549320662
6564,"Avila Fuente, Alejandro",80,Ibague,2322723463
6565,"Barrera Padilla, Irene",65,Ibague,6403706964
6566,"Alvarez Leon, Gloria",77,Inirida,8800485265
6567,"Molina Ramos, Susana",55,Soledad,4093424466
6568,"Rodriguez Sandoval, Tomas",18,Inirida,4098555767
6569,"Fuente Valdez, Susana",40,Buenaventura,1868248768
6570,"Parra Becerra, Raul",60,Bello,6573579369
6571,"Mora Guerrero, Tomas",52,Palmira,6287016270
6572,"Vega Morales, David",19,Bogota,6644344471
6573,"Cruz Perez, Lorena",22,Mocoa,6946854072
6574,"Rojas Avila, Natalia",21,Mocoa,4619870873
6575,"Guerrero Leon, Sebastian",77,Saravena,1042296474
6576,"Ramirez Muñoz, Diego",32,Cartagena,3354711675
6577,"Contreras Rios, Antonio",50,Saravena,3722251576
6578,"Maldonado Guzmán, Isabella",80,Envigado,7268836077
6579,"Parra Camacho, Alfredo",61,Popayan,3130865378
6580,"Silva Vergara, Claudia",68,Armenia,4405461279
6581,"Alvarez Reyes, Yolanda",23,Popayan,8187805780
6582,"Serrano Delgado, Sergio",34,Arauca,6220128481
6583,"Avila Carrillo, Rodrigo",59,Valledupar,9174573682
6584,"Cortez Reyes, Sandra",57,Arauca,6208869983
6585,"Ochoa Delgado, Ivan",30,Barrancabermeja,7306252284
6586,"Trujillo Mendez, Juan Pablo",80,Pereira,3786380285
6587,"Tapia Molina, Irene",26,Floridablanca,8157109986
6588,"Barrera Ibarra, Carlos",54,Envigado,5102335887
6589,"Fuentes Gallego, Nicolas",73,Barrancabermeja,9280965288
6590,"Lugo Acosta, Ricardo",70,Cali,4496539389
6591,"Lugo Tapia, Ignacio",19,Valledupar,8555473790
6592,"Dominguez Mora, Rafael",65,Buenaventura,4704951291
6593,"Medina Molina, Elena",44,Soledad,5642343992
6594,"Ruiz Bravo, Fabian",75,Tunja,6625388993
6595,"Gallego Delgado, Laura",24,Santa Marta,3615038894
6596,"Cruz Cabrera, Cristina",40,Armenia,6073533195
6597,"Ramirez Cortez, Diego",62,Saravena,3532703096
6598,"Sanchez Vergara, Sebastian",45,San Jose del Guaviare,3384168497
6599,"Núñez Padilla, Yolanda",75,Buenaventura,2912014798
6600,"Osorio Serrano, Juliana",44,Cartagena,7613188099
6601,"Mendez Becerra, Pedro",55,Neiva,5754841800
6602,"Soto Rojas, Monica",27,Cucuta,1241039501
6603,"Rojas Barrera, Gustavo",68,Sincelejo,6431436702
6604,"Carrillo Rivera, Pedro",43,Santa Marta,2870086403
6605,"Núñez Vásquez, Rocio",76,Pasto,1651362404
6606,"Cortez Lugo, Luis",30,Puerto Carreno,4520649705
6607,"Vergara Garcia, Gustavo",78,Itagui,3994568706
6608,"Osorio Herrera, Beatriz",70,Armenia,9615902607
6609,"Palacios Vergara, Rosa",55,Mocoa,6960946808
6610,"Pena Navarro, Sofia",57,Bello,3731733909
6611,"Osorio Mendez, Monica",47,Pasto,3024136110
6612,"Alvarez Dominguez, Isabella",36,Soledad,1807420511
6613,"Naranjo Rodriguez, Pablo",41,Santa Marta,8842568812
6614,"Figueroa Arias, Maria",71,Armenia,8879156713
6615,"Gutierrez Torres, Luis Miguel",30,Santa Marta,3365965614
6616,"Torres Molina, Hugo",48,Yopal,6863535915
6617,"Vásquez Dominguez, Melissa",23,Saravena,5803322316
6618,"Navarro Meza, Adriana",49,Yopal,3253590917
6619,"Estrada Suarez, Diego",65,Yopal,8180458918
6620,"Camacho Velasquez, Andrea",57,Cali,3822837519
6621,"Soto Vega, Martha",73,San Jose del Guaviare,9953107820
6622,"Ramirez Becerra, Carlos",20,Soacha,8972556421
6623,"Morales Palacios, Javier",71,Yopal,4330938322
6624,"Bravo Padilla, Antonio",68,San Jose del Guaviare,4417012523
6625,"Nieto Tapia, Oscar",64,Pereira,6750255324
6626,"Salinas Lugo, Jorge",79,Riohacha,7786361925
6627,"Nieto Contreras, Andres Felipe",56,Santa Marta,5927091226
6628,"Rios Soto, Pedro",38,Armenia,5072108927
6629,"Blanco Peralta, Eduardo",66,Armenia,4688113728
6630,"Alvarez Castillo, Raul",25,Bello,3691296829
6631,"Carrillo Mora, Ana Maria",34,Bogota,8689765430
6632,"Jimenez Fuentes, Andrea",79,Arauca,3253273831
6633,"Castillo Miranda, Laura",20,Cali,9242616432
6634,"Vargas Navarro, Andrea",37,Bello,2524765133
6635,"Molina Rojas, Irene",36,Florencia,7250507934
6636,"Flores Silva, Monica",48,Valledupar,1293137735
6637,"Medina Leon, Ramon",51,Buenaventura,6939051536
6638,"Gomez Molina, Manuel",67,Quibdo,8127327737
6639,"Trujillo Leon, Laura",78,Floridablanca,7095838338
6640,"Rubio Escobar, Sebastian",57,Pasto,7866270639
6641,"Medina Jimenez, Daniela",28,Manizales,7200674740
6642,"Castillo Navarro, Claudia",29,San Jose del Guaviare,5987179641
6643,"Padilla Cardenas, Paola",52,Tunja,8451384842
6644,"Camacho Cortez, Ignacio",36,Mocoa,3833537043
6645,"Lugo Cardenas, Lina",74,Soacha,1771736844
6646,"Lugo Romero, Esperanza",55,Pasto,2243542345
6647,"Sandoval Ramos, Monica",55,Bello,8271321146
6648,"Rios Morales, Eduardo",49,Itagui,8201397447
6649,"Figueroa Nieto, Rosa",75,Armenia,8412792448
6650,"Palacios Ramos, Teresa",52,Barranquilla,1457426649
6651,"Zamora Ibarra, Fabian",31,Bello,9533062650
6652,"Barrera Becerra, Silvia",38,Puerto Carreno,5588929451
6653,"Suarez Dominguez, Sofia",37,Floridablanca,8316844852
6654,"Coronel Ponce, Yolanda",59,Arauca,3804542753
6655,"Valdez Navarro, Sergio",21,Valledupar,2623886954
6656,"Carrillo Montes, Luisa",32,Soledad,9664768555
6657,"Navarro Aguilar, Alejandro",37,Santa Marta,8269875056
6658,"Rivera Serrano, Felipe",26,Sincelejo,5014949557
6659,"Contreras Blanco, Gustavo",48,Armenia,1876443258
6660,"Morales Palacios, Isabella",72,Pereira,7542694059
6661,"Alvarado Miranda, Hector",37,Armenia,6460837460
6662,"Leon Espinoza, Esperanza",33,Tunja,7982255161
6663,"Rojas Núñez, Maria Jose",53,San Jose del Guaviare,7293206762
6664,"Blanco Alvarado, Ivan",60,Barrancabermeja,2037649063
6665,"Alvarado Figueroa, Ignacio",63,Popayan,5285792164
6666,"Naranjo Mora, Teresa",49,Monteria,4001444965
6667,"Ruiz Peralta, Gustavo",60,Villavicencio,2098080766
6668,"Figueroa Vergara, Teresa",78,Cartagena,7696712767
6669,"Cardenas Coronel, Isabella",29,Florencia,2211948868
6670,"Mendoza Garcia, Helena",64,Palmira,4996002569
6671,"Rubio Medina, Natalia",37,Pereira,5895020470
6672,"Jimenez Muñoz, Lina",46,Florencia,6654911471
6673,"Gutierrez Gonzalez, Felipe",57,Soledad,5202016572
6674,"Ramos Morales, Catalina",21,Cucuta,5772659973
6675,"Becerra Muñoz, Maria",19,Cartagena,1088332574
6676,"Cardenas Bustos, Gustavo",51,Mitu,2131080075
6677,"Ortiz Gonzalez, Isabella",20,Tunja,9221182476
6678,"Figueroa Romero, Gloria",56,Floridablanca,4032382177
6679,"Garcia Rivera, Pedro",73,Bucaramanga,6729004678
6680,"Tapia Meza, Juan Pablo",33,Villavicencio,4573569779
6681,"Avila Martinez, Luis",41,Medellin,9369989580
6682,"Lugo Soto, Luisa",52,Armenia,5349130681
6683,"Herrera Avila, Pablo",58,Bello,7329820682
6684,"Navarro Figueroa, Hugo",43,Villavicencio,4064030583
6685,"Guzmán Navarro, Alicia",37,Popayan,4681825884
6686,"Rios Ortiz, Pablo",80,Neiva,6520044385
6687,"Salazar Sanchez, Andrea",58,Quibdo,1382456886
6688,"Ochoa Camacho, Miguel",31,Neiva,4682891787
6689,"Rojas Rios, Mauricio",29,Armenia,3319954188
6690,"Cortez Medina, Felipe",31,Monteria,1990010889
6691,"Tapia Alvarez, Eduardo",40,Bello,6833317790
6692,"Maldonado Lopez, Angela",80,Mocoa,1582220191
6693,"Alvarez Perez, Ignacio",75,Manizales,8341295692
6694,"Acosta Cortez, Silvia",73,Bogota,8651646293
6695,"Padilla Morales, Andres Felipe",71,Popayan,7765999594
6696,"Tapia Estrada, Rafael",21,Barrancabermeja,7961073795
6697,"Guerrero Mendoza, Cesar",35,Leticia,1705541496
6698,"Rivera Ramos, Maria",36,Puerto Carreno,1567736497
6699,"Reyes Ponce, Luisa",46,Yopal,2377627298
6700,"Rubio Bustos, Javier",30,Mocoa,2680573799
6701,"Mora Leon, Antonio",57,Arauca,3522444600
6702,"Velasquez Gallego, Martha",39,Palmira,5328001701
6703,"Cabrera Flores, Adriana",44,Cartagena,9431359602
6704,"Leon Lopez, David",62,Saravena,8966000003
6705,"Vergara Vergara, Hector",31,Envigado,1133467504
6706,"Delgado Becerra, Alejandra",54,Monteria,5405142305
6707,"Núñez Valdez, Adriana",41,Yopal,4581624406
6708,"Pena Guerrero, Hector",73,Quibdo,2783115807
6709,"Espinoza Zamora, Cesar",43,Buenaventura,3678035808
6710,"Padilla Barrera, Andrea",34,Monteria,1217166609
6711,"Valdez Cardenas, Mario",42,Leticia,5157558310
6712,"Zamora Guerrero, Lina",26,Valledupar,9588913411
6713,"Gutierrez Meza, Martha",40,Soledad,8958779712
6714,"Montes Dominguez, Ivan",26,Yopal,8697049613
6715,"Meza Meza, Hernan",74,Barranquilla,8033066914
6716,"Garcia Serrano, Paula",36,Quibdo,5588008915
6717,"Ochoa Silva, Gustavo",60,Soacha,4211718716
6718,"Serrano Ruiz, Natalia",34,Villavicencio,3343980517
6719,"Cano Parra, Mariana",63,Buenaventura,6347192418
6720,"Tapia Flores, Ana",67,Manizales,9067776219
6721,"Delgado Perez, Javier",40,San Jose del Guaviare,1217905520
6722,"Serrano Suarez, Claudia",21,Tunja,6079625221
6723,"Campos Moreno, Melissa",45,Palmira,8344663322
6724,"Rios Cabrera, Diana",71,Inirida,3980418523
6725,"Lara Alvarez, Ana",20,Leticia,1280878224
6726,"Guerrero Mendoza, Ana",29,Cali,9855231125
6727,"Salinas Coronel, Sebastian",50,Saravena,9124424826
6728,"Vergara Martinez, Esteban",77,Medellin,9270548927
6729,"Flores Lara, Rodrigo",52,Cucuta,3098313128
6730,"Soto Gutierrez, Catalina",67,Bello,5404875829
6731,"Naranjo Cortez, Sandra",63,Monteria,3404719430
6732,"Fuentes Valencia, Mauricio",74,Armenia,3584380731
6733,"Ochoa Lugo, Helena",67,Manizales,1425654032
6734,"Rivera Soto, Alejandra",30,Envigado,3753798333
6735,"Perez Osorio, Rafael",54,Puerto Carreno,8801163334
6736,"Gonzalez Pena, Alfredo",30,Cucuta,1992094535
6737,"Silva Vargas, Andres",55,Saravena,6547004136
6738,"Reyes Campos, Roberto",76,Barrancabermeja,2681001937
6739,"Vásquez Flores, Javier",46,Neiva,9895555838
6740,"Carrillo Reyes, Maria",35,Villavicencio,6349330639
6741,"Velasquez Lugo, Nicolas",71,Cali,1717086840
6742,"Vega Maldonado, Enrique",47,Quibdo,5140528941
6743,"Gonzalez Rojas, Gustavo",66,Saravena,3159060042
6744,"Molina Maldonado, Andres Felipe",79,Tunja,4116593443
6745,"Molina Dominguez, Ana Maria",51,Valledupar,6503507344
6746,"Ramirez Contreras, Andres Felipe",27,Armenia,3421453245
6747,"Navarro Reyes, Ignacio",41,Ibague,9913178946
6748,"Montes Velasquez, Roberto",25,Popayan,6843615447
6749,"Guerrero Gomez, Ivan",66,Palmira,9670164948
6750,"Carrillo Becerra, Jorge",30,Popayan,4757666149
6751,"Espinoza Aguilar, Gustavo",43,Arauca,2529607050
6752,"Suarez Gallego, Valentina",40,Armenia,6918449351
6753,"Rivera Ramos, Tomas",62,Buenaventura,4950962652
6754,"Mora Romero, Yolanda",71,Saravena,3537642953
6755,"Aguilar Cruz, Alejandra",25,Buenaventura,3801861854
6756,"Fuente Rodriguez, Monica",58,Barrancabermeja,5442423555
6757,"Maldonado Coronel, Raul",73,Barrancabermeja,9481856156
6758,"Torres Contreras, Victor",20,Mitu,8350112857
6759,"Suarez Figueroa, Nora",35,Monteria,8336859658
6760,"Peralta Reyes, Isabella",28,Barrancabermeja,9555084159
6761,"Romero Figueroa, Yolanda",45,Bello,1041661760
6762,"Palacios Jimenez, Juan",34,Popayan,3935060761
6763,"Rios Carrillo, Antonio",70,Buenaventura,3943351962
6764,"Figueroa Guerrero, Manuel",41,Medellin,2218128963
6765,"Peralta Rubio, Martha",79,Riohacha,5315716164
6766,"Dominguez Vega, Ivan",36,Armenia,8879536965
6767,"Salazar Fuentes, Paula",68,Manizales,1004040466
6768,"Muñoz Romero, Hugo",78,Tunja,4989351567
6769,"Nieto Meza, Fernando",53,Manizales,1422458068
6770,"Guzmán Martinez, Nicolas",71,Popayan,3081241369
6771,"Velasquez Sanchez, Fabian",45,Cartagena,1660086670
6772,"Alvarez Mendez, Sofia",45,Bello,5196304271
6773,"Bustos Camacho, Sandra",46,Mitu,7216720272
6774,"Osorio Arias, Susana",44,Pereira,8253093173
6775,"Soto Guerrero, Blanca",35,Soacha,4401659874
6776,"Reyes Sanchez, Hugo",65,Envigado,2760786375
6777,"Mendoza Arias, Francisco",63,Arauca,1343304576
6778,"Arias Becerra, Sandra",19,Bello,8527529477
6779,"Guzmán Ramirez, Juliana",25,Bello,7486890378
6780,"Aguilar Figueroa, Martha",38,Yopal,8756525379
6781,"Cardenas Osorio, Isabella",67,Pasto,6860793180
6782,"Maldonado Ruiz, Ignacio",28,Pasto,6226956381
6783,"Reyes Fuente, Francisco",26,Palmira,5573502082
6784,"Vásquez Salazar, Luis",37,Soacha,2986104283
6785,"Zamora Figueroa, Lorena",24,Pereira,5147641584
6786,"Zamora Miranda, Irene",53,Cali,8083618785
6787,"Gomez Vásquez, Rosa",61,Pasto,8852404186
6788,"Reyes Sanchez, Andres",43,Arauca,9712146287
6789,"Moreno Becerra, Mauricio",64,Envigado,8307509588
6790,"Romero Campos, Daniela",20,Armenia,4629102789
6791,"Meza Ramirez, Ernesto",49,Villavicencio,8853836090
6792,"Ponce Carrillo, Nicolas",73,Mocoa,2588468091
6793,"Morales Medina, Sofia",29,Pereira,9092582592
6794,"Gomez Tapia, Luisa",45,Arauca,4571810193
6795,"Meza Torres, Esperanza",38,Saravena,7823657994
6796,"Navarro Campos, Lorena",75,Leticia,9306658395
6797,"Guerrero Espinoza, Daniela",64,Quibdo,8148400396
6798,"Trujillo Moreno, Sergio",75,Sincelejo,6772808097
6799,"Torres Núñez, Ramon",47,Cali,6734508098
6800,"Acosta Vergara, Javier",49,Manizales,1688614999
6801,"Gomez Zamora, Miguel",35,Monteria,8169952600
6802,"Parra Reyes, Ernesto",64,Cucuta,8320684501
6803,"Espinoza Castillo, David",64,Monteria,6455521902
6804,"Blanco Cabrera, Ana Maria",39,Itagui,9713195003
6805,"Dominguez Coronel, Gabriel",56,Yopal,8462470504
6806,"Ochoa Delgado, Luis",18,Tunja,9984312805
6807,"Cortez Mendez, Ramon",35,Soacha,6741677406
6808,"Mendez Molina, Arturo",48,Monteria,9912363607
6809,"Ruiz Ramos, Sofia",42,Saravena,6066329408
6810,"Gonzalez Meza, Victor",73,Palmira,5343032209
6811,"Escobar Miranda, Esperanza",41,Valledupar,9245747910
6812,"Ponce Vega, Hector",72,Arauca,6121595811
6813,"Cano Ibarra, Tomas",60,Itagui,1318599112
6814,"Sandoval Trujillo, Ignacio",25,Cartagena,3186737113
6815,"Alvarez Zamora, Carlos",18,Soledad,1184425614
6816,"Montes Rojas, Ignacio",40,Valledupar,1089819815
6817,"Ramirez Peralta, Esperanza",68,Floridablanca,8624308116
6818,"Vargas Vega, Valentina",64,Leticia,1940066217
6819,"Cabrera Alvarez, Nora",63,Santa Marta,6951975518
6820,"Morales Fuente, Gustavo",67,Barrancabermeja,4494977419
6821,"Jimenez Cruz, Nora",38,Pereira,4988409220
6822,"Coronel Ochoa, Felipe",59,Manizales,5906437221
6823,"Soto Escobar, Ricardo",29,Mitu,6545637622
6824,"Cruz Soto, Ivan",28,Bucaramanga,6489298023
6825,"Parra Mendez, Carlos",48,Popayan,8087259724
6826,"Rojas Vega, Ernesto",23,Ibague,3067969125
6827,"Barrera Valencia, Angela",67,Medellin,3651370126
6828,"Coronel Cruz, Isabella",47,Valledupar,4034573627
6829,"Peralta Mendoza, Miguel",77,Mocoa,3601201428
6830,"Espinoza Salazar, Paola",25,Puerto Carreno,3549481729
6831,"Sandoval Padilla, Enrique",46,Mocoa,7781297730
6832,"Fuentes Vega, Cesar",33,Tunja,8825522231
6833,"Ramos Barrera, Pilar",38,Yopal,9961008532
6834,"Moreno Garcia, Beatriz",28,Buenaventura,5875758433
6835,"Palacios Rios, Valentina",39,Arauca,2868703234
6836,"Leon Carrillo, Cesar",69,Mitu,3161323335
6837,"Lopez Cabrera, Andrea",21,Manizales,3556327736
6838,"Vargas Ibarra, Miguel",73,Monteria,8755702237
6839,"Contreras Lugo, Mariana",80,Bello,7261937938
6840,"Avila Navarro, Andres",58,Pasto,5818390839
6841,"Blanco Rojas, Alfredo",36,Bogota,9856908140
6842,"Delgado Peralta, Adriana",39,Pereira,4781332741
6843,"Castillo Fuentes, Javier",34,Bogota,4496387242
6844,"Gutierrez Medina, Isabella",29,Mitu,3153759943
6845,"Ochoa Estrada, Pablo",41,Mitu,8593418044
6846,"Sandoval Mendoza, Elena",49,Manizales,3108122445
6847,"Delgado Rodriguez, Ana",49,Yopal,8341982746
6848,"Gallego Navarro, Maria Jose",59,Floridablanca,2274558747
6849,"Nieto Parra, Javier",58,Sincelejo,3604892248
6850,"Valdez Molina, Camila",71,Cartagena,4371598049
6851,"Montes Valencia, Laura",37,Manizales,5353870950
6852,"Gutierrez Salazar, Ivan",69,Manizales,7062142251
6853,"Montes Muñoz, Beatriz",36,Envigado,4536359852
6854,"Bravo Ibarra, Sandra",76,Manizales,6707109553
6855,"Alvarez Lopez, David",59,Envigado,7684193154
6856,"Contreras Barrera, Elena",65,Quibdo,4051904655
6857,"Acosta Ruiz, Carmen",57,Pereira,7211075656
6858,"Cruz Pena, Marcela",41,Manizales,8166105757
6859,"Guerrero Silva, Ernesto",52,Saravena,2621690358
6860,"Vega Morales, Valentina",66,Pereira,9170105759
6861,"Garcia Velasquez, Lina",45,Bello,5684270060
6862,"Escobar Palacios, Jorge",32,Yopal,7331924261
6863,"Velasquez Zamora, Ana",42,Yopal,1408627862
6864,"Peralta Serrano, Sebastian",65,Villavicencio,4355652663
6865,"Gallego Suarez, Diego",35,Valledupar,9348640864
6866,"Suarez Acosta, Rodrigo",77,Florencia,9126762565
6867,"Ruiz Guerrero, Juan",35,Soledad,4515309266
6868,"Navarro Alvarado, Irene",31,Barranquilla,6082360467
6869,"Perez Salinas, Susana",39,Riohacha,7017173768
6870,"Rubio Osorio, Julio",51,Pereira,7008917469
6871,"Vergara Muñoz, Roberto",43,Barrancabermeja,4181729670
6872,"Meza Ibarra, Raul",64,Inirida,3292659671
6873,"Cortez Figueroa, Rafael",80,Bucaramanga,9345909872
6874,"Reyes Nieto, Antonio",66,Soacha,8466970273
6875,"Rios Coronel, Angela",60,Popayan,2409130074
6876,"Diaz Cardenas, Maria Clara",43,Neiva,8231072375
6877,"Ibarra Martinez, Daniela",30,Saravena,9468968376
6878,"Mora Osorio, David",37,Barrancabermeja,2429764377
6879,"Meza Gonzalez, Luisa",41,Riohacha,2818453978
6880,"Alvarado Velasquez, Natalia",31,Envigado,5746806479
6881,"Escobar Alvarado, Oscar",62,Pereira,4865369980
6882,"Padilla Cortez, Esperanza",25,Medellin,2895581081
6883,"Leon Osorio, Adriana",48,Mocoa,2430266582
6884,"Carrillo Perez, Isabella",26,Bello,9087995983
6885,"Guzmán Silva, Carlos",59,Pasto,2737374684
6886,"Becerra Alvarez, Ramon",45,Bello,1603300885
6887,"Palacios Torres, Raul",77,Monteria,3042219386
6888,"Palacios Trujillo, Javier",74,Arauca,6297081487
6889,"Mendoza Ramirez, Mauricio",24,Floridablanca,9060558288
6890,"Reyes Ruiz, Rodrigo",73,Pasto,9696260689
6891,"Mendoza Padilla, Ivan",63,Tunja,4122151890
6892,"Bravo Peralta, Angela",75,Itagui,3663408291
6893,"Guerrero Delgado, Susana",41,Manizales,4960224192
6894,"Alvarado Cano, Hector",41,Pasto,3749752993
6895,"Bustos Ramirez, Gabriel",27,Quibdo,5251945194
6896,"Mora Cabrera, Miguel",54,Valledupar,2279125395
6897,"Lopez Peralta, Pedro",34,Envigado,2541899696
6898,"Castillo Ruiz, Claudia",71,Puerto Carreno,3375547997
6899,"Miranda Cardenas, Andres",42,Cucuta,3306823698
6900,"Mendoza Salazar, Carlos",59,Itagui,3847212299
6901,"Peralta Valencia, Carmen",32,Barrancabermeja,3407716700
6902,"Arias Barrera, Carlos",60,Bogota,5870287301
6903,"Salazar Cardenas, Natalia",80,Pasto,3703821002
6904,"Ponce Ruiz, Gabriel",38,San Jose del Guaviare,8797046803
6905,"Camacho Alvarado, Gustavo",65,Barranquilla,1347685304
6906,"Lara Delgado, Catalina",47,Mitu,5571254805
6907,"Martinez Morales, Raul",72,Pasto,9229223706
6908,"Sandoval Vergara, Irene",32,Itagui,3974085507
6909,"Ramos Nieto, Ernesto",29,Cali,7149607608
6910,"Rodriguez Reyes, Lina",40,Cartagena,9688155309
6911,"Rubio Vergara, Sofia",44,Pereira,3239887410
6912,"Bustos Diaz, Hugo",26,Armenia,4029048211
6913,"Contreras Bravo, Martha",71,Envigado,9001756612
6914,"Vargas Reyes, Esperanza",54,Cucuta,2947116713
6915,"Peralta Maldonado, Manuel",51,Saravena,8312705814
6916,"Blanco Gonzalez, Sergio",23,Saravena,2944843415
6917,"Blanco Fuentes, Luis Miguel",23,Riohacha,5504018016
6918,"Naranjo Castillo, Mario",19,Yopal,7488742117
6919,"Tapia Ramos, Miguel",34,Neiva,1614037118
6920,"Escobar Rodriguez, Hugo",53,Sincelejo,5047986119
6921,"Valencia Ruiz, Lorena",45,Pasto,4448107220
6922,"Ramirez Espinoza, Juliana",52,Pasto,5162646521
6923,"Leon Martinez, Tomas",65,Quibdo,6768233022
6924,"Leon Rivera, Luisa",62,Bucaramanga,2333728123
6925,"Morales Alvarado, Maria",38,Floridablanca,2806601324
6926,"Camacho Suarez, Blanca",54,Villavicencio,9163596225
6927,"Sanchez Mendoza, Eduardo",24,San Jose del Guaviare,9807646026
6928,"Vásquez Moreno, Alejandro",34,Valledupar,4979656527
6929,"Maldonado Fuentes, Sofia",74,Itagui,2025729428
6930,"Contreras Perez, Juan Pablo",54,Puerto Carreno,1955706529
6931,"Nieto Sandoval, Diego",61,Soledad,4152615030
6932,"Valencia Medina, Carlos",73,Barranquilla,8252119531
6933,"Guerrero Maldonado, Carmen",37,Saravena,7360268032
6934,"Rubio Morales, Ana Maria",28,Florencia,2465792133
6935,"Carrillo Osorio, Marcela",79,Bello,7871712034
6936,"Moreno Suarez, Felipe",25,San Jose del Guaviare,1630298335
6937,"Aguilar Romero, Andrea",46,Bucaramanga,4727199536
6938,"Ponce Lopez, Diana",55,Soledad,5778133537
6939,"Fuente Avila, Jorge",42,Barrancabermeja,7906470738
6940,"Delgado Pena, Ricardo",71,Soledad,5913619639
6941,"Fuentes Maldonado, Martha",69,Barrancabermeja,7301362740
6942,"Becerra Valencia, Valentina",38,Armenia,7639333141
6943,"Navarro Osorio, Beatriz",56,Mitu,3307741842
6944,"Rivera Lopez, Ana Maria",54,Pereira,5934658343
6945,"Gomez Rios, Fernando",74,Floridablanca,4936849244
6946,"Villanueva Serrano, Raul",79,Quibdo,4250232445
6947,"Rivera Vargas, Julio",22,Mitu,5543096746
6948,"Morales Ramirez, Angela",48,Manizales,2318307747
6949,"Gonzalez Sandoval, Luisa",79,Cali,8727920248
6950,"Rivera Romero, Adriana",27,Villavicencio,4162936849
6951,"Guerrero Maldonado, Ricardo",28,Pereira,8659857450
6952,"Fuentes Miranda, Melissa",35,Quibdo,6621527451
6953,"Contreras Valdez, David",80,Bucaramanga,9907421752
6954,"Gutierrez Perez, Laura",31,Mocoa,5872304253
6955,"Guerrero Camacho, Mauricio",50,Riohacha,4790855654
6956,"Mendoza Parra, Francisco",45,Mitu,9044042055
6957,"Vásquez Avila, Rocio",64,Villavicencio,9656125656
6958,"Osorio Blanco, Arturo",32,Arauca,2351227557
6959,"Trujillo Lopez, Ana",27,San Jose del Guaviare,6654773758
6960,"Lugo Gonzalez, Teresa",28,Saravena,7630534259
6961,"Villanueva Lara, Camila",35,Pereira,1410881560
6962,"Jimenez Contreras, Elena",48,Barranquilla,2542181661
6963,"Gonzalez Salazar, Juan Pablo",72,Mitu,3386973462
6964,"Ponce Ortiz, Melissa",69,Manizales,1393618363
6965,"Osorio Naranjo, Claudia",63,Cali,7085763464
6966,"Salazar Delgado, Alejandro",34,Manizales,2954972865
6967,"Vega Morales, Daniela",36,Neiva,1220090366
6968,"Lugo Dominguez, Helena",39,Barranquilla,5589518567
6969,"Reyes Diaz, Adriana",49,Inirida,5017554768
6970,"Campos Salazar, Andres",70,Itagui,9180617169
6971,"Ortiz Reyes, Jorge",52,Quibdo,5514136970
6972,"Muñoz Montes, Antonio",24,Bucaramanga,6319436871
6973,"Espinoza Cruz, Roberto",57,Envigado,2145000572
6974,"Coronel Contreras, Sebastian",43,Yopal,6649217473
6975,"Tapia Pena, Maria Clara",65,Medellin,4403978474
6976,"Silva Trujillo, Monica",35,Manizales,1624235575
6977,"Soto Garcia, Enrique",51,Florencia,6916964476
6978,"Naranjo Tapia, Maria Clara",76,Palmira,2185870877
6979,"Mora Castillo, Andres Felipe",49,Barranquilla,5066730878
6980,"Valencia Molina, Cesar",31,Saravena,8380138979
6981,"Lugo Blanco, Pedro",20,Soacha,4097047980
6982,"Fuente Cano, Miguel",66,Barrancabermeja,4147751681
6983,"Trujillo Trujillo, Luisa",44,Inirida,6200786582
6984,"Meza Campos, Susana",30,Manizales,2986967283
6985,"Contreras Aguilar, Luis Miguel",73,Medellin,1761924584
6986,"Torres Morales, Manuel",39,Barrancabermeja,2374094485
6987,"Silva Mendoza, Andrea",24,Mitu,1998900386
6988,"Cabrera Meza, Adriana",72,Bogota,9567374987
6989,"Cardenas Bravo, Pedro",25,Quibdo,9882117588
6990,"Sanchez Mendoza, Claudia",53,Soacha,5868310389
6991,"Contreras Pena, Alfredo",77,Soledad,9277231690
6992,"Vásquez Salazar, Hernan",24,Cali,4784833391
6993,"Leon Núñez, Gustavo",23,Soledad,1963894192
6994,"Acosta Silva, Angela",58,Floridablanca,6292730893
6995,"Camacho Padilla, Eduardo",55,Arauca,5576312794
6996,"Valencia Zamora, Blanca",63,Saravena,3636616095
6997,"Martinez Rojas, Cristina",63,Armenia,3134795296
6998,"Contreras Valdez, Ignacio",23,Yopal,7907328097
6999,"Estrada Valencia, Oscar",18,Pasto,4796688298
7000,"Mendoza Mendoza, Fernando",51,Itagui,7619352499
7001,"Mendoza Coronel, Beatriz",41,San Jose del Guaviare,5845185500
7002,"Guerrero Muñoz, Silvia",72,Mocoa,6733552201
7003,"Sandoval Becerra, Hernan",56,Cartagena,1798166002
7004,"Torres Alvarado, Melissa",40,Barrancabermeja,2373322803
7005,"Rodriguez Jimenez, Ernesto",78,Mocoa,5471434204
7006,"Cortez Alvarez, Luis Miguel",41,Barranquilla,1086649005
7007,"Alvarez Castillo, Sebastian",24,Inirida,7891488306
7008,"Campos Alvarado, Ricardo",26,Riohacha,5609860907
7009,"Gutierrez Reyes, Nicolas",69,Quibdo,2667654508
7010,"Núñez Ortiz, Maria Jose",48,Inirida,7371174609
7011,"Trujillo Lara, Rodrigo",47,Barrancabermeja,4900707610
7012,"Silva Acosta, Esteban",40,Mocoa,3002156311
7013,"Jimenez Campos, Maria",60,Cali,9391506612
7014,"Pena Herrera, Carlos",42,Yopal,4823382813
7015,"Salazar Zamora, Nicolas",45,Barrancabermeja,3550181014
7016,"Lara Morales, Carlos",28,Popayan,7507838715
7017,"Ramirez Sandoval, Sandra",39,Santa Marta,4057394816
7018,"Alvarez Aguilar, Martha",51,Saravena,6712055417
7019,"Tapia Arias, Felipe",39,Popayan,1814944318
7020,"Maldonado Velasquez, Rosa",49,Tunja,5302608119
7021,"Delgado Salazar, Silvia",77,Sincelejo,8019735020
7022,"Alvarez Escobar, Miguel",28,Manizales,2344902621
7023,"Acosta Rodriguez, Ricardo",56,Soacha,9653213222
7024,"Pena Dominguez, Andres Felipe",60,Neiva,8489667423
7025,"Tapia Núñez, Ricardo",51,Pereira,2366206224
7026,"Avila Jimenez, Rodrigo",60,Puerto Carreno,5565114925
7027,"Arias Cano, Victor",48,Quibdo,8547371626
7028,"Garcia Villanueva, Pilar",48,Mitu,2805604027
7029,"Leon Muñoz, Maria Jose",47,Soacha,5313813928
7030,"Gutierrez Figueroa, Ignacio",19,Sincelejo,5331443429
7031,"Núñez Gomez, Silvia",24,Soacha,3160720630
7032,"Mora Villanueva, Luis Miguel",62,Popayan,9644390831
7033,"Rodriguez Ramos, Melissa",23,San Jose del Guaviare,3150081432
7034,"Martinez Bustos, Pablo",20,Barrancabermeja,7791413333
7035,"Rivera Reyes, Juan",55,Villavicencio,3598160734
7036,"Leon Ponce, Ivan",63,Inirida,7666985835
7037,"Espinoza Rojas, Daniela",42,Medellin,9374271336
7038,"Vega Ramirez, Natalia",30,Medellin,9338496537
7039,"Soto Bustos, Lorena",39,Floridablanca,7026653338
7040,"Bustos Bravo, Andres Felipe",32,Itagui,1408172039
7041,"Muñoz Naranjo, Adriana",52,Bogota,9177268340
7042,"Fuentes Peralta, Oscar",22,Sincelejo,6312037441
7043,"Romero Molina, Camila",29,Yopal,1186316442
7044,"Valdez Ramirez, Beatriz",75,Itagui,9302398143
7045,"Reyes Zamora, Diego",57,Ibague,9556216344
7046,"Osorio Flores, Maria",52,Saravena,2746530145
7047,"Figueroa Blanco, Hector",55,Valledupar,2391784046
7048,"Vásquez Nieto, Manuel",76,Villavicencio,7835455047
7049,"Tapia Alvarez, Alejandra",70,Barranquilla,1402387648
7050,"Rodriguez Jimenez, Rosa",66,Bello,1852442449
7051,"Campos Ramirez, Mario",25,Medellin,2140499050
7052,"Reyes Leon, Melissa",70,Barranquilla,2907078451
7053,"Gutierrez Escobar, Beatriz",56,Cartagena,2625141152
7054,"Nieto Gonzalez, Pilar",70,Soacha,4389026653
7055,"Muñoz Arias, Ernesto",19,Yopal,3775725754
7056,"Contreras Alvarado, Oscar",59,Pereira,4878375355
7057,"Vega Peralta, Lina",18,Manizales,8660370056
7058,"Diaz Sandoval, Natalia",71,Popayan,7696137857
7059,"Salinas Ortiz, Irene",58,Cucuta,1015147458
7060,"Palacios Muñoz, Helena",35,Envigado,5848495259
7061,"Velasquez Herrera, Catalina",20,Leticia,3188492160
7062,"Guerrero Herrera, Pablo",69,Tunja,5980525461
7063,"Guzmán Tapia, Rocio",69,Itagui,9856206062
7064,"Romero Cano, Pilar",34,Monteria,2535507363
7065,"Gallego Torres, Sergio",64,Manizales,6127348464
7066,"Soto Ponce, Hector",29,Florencia,9955343865
7067,"Sandoval Salinas, Yolanda",48,Cartagena,9993148966
7068,"Tapia Escobar, Sergio",26,Pasto,4167972267
7069,"Figueroa Moreno, Ana Maria",35,Cucuta,3458894068
7070,"Parra Dominguez, Julio",30,Cucuta,8163801469
7071,"Bustos Sanchez, Silvia",80,Barranquilla,4399300570
7072,"Estrada Ortiz, Claudia",27,Santa Marta,1864543571
7073,"Ochoa Fuente, Andrea",70,Cali,4310269972
7074,"Vergara Suarez, Ricardo",48,Arauca,8749667773
7075,"Gomez Castillo, Paula",33,San Jose del Guaviare,7019560774
7076,"Silva Lopez, Daniela",48,Cartagena,1971624375
7077,"Valdez Ramirez, Manuel",49,Cali,6801968776
7078,"Mendez Leon, Luis",45,Manizales,2395973177
7079,"Campos Camacho, Mauricio",78,Villavicencio,7602864578
7080,"Valdez Castillo, Lina",43,Riohacha,4987386579
7081,"Alvarado Gutierrez, Mariana",59,Barrancabermeja,7186238980
7082,"Alvarez Sandoval, Ignacio",37,Popayan,8009749081
7083,"Morales Miranda, Gabriel",80,San Jose del Guaviare,9909408082
7084,"Lara Contreras, Ernesto",46,Floridablanca,5870683483
7085,"Gomez Martinez, Alejandra",40,Florencia,5692732584
7086,"Martinez Guzmán, Juan Pablo",32,Barranquilla,5356110685
7087,"Silva Espinoza, Lorena",53,Quibdo,1227979186
7088,"Leon Mendoza, Fernando",41,Valledupar,3174814287
7089,"Delgado Silva, Alejandro",58,Soledad,2069812988
7090,"Naranjo Gonzalez, Pablo",67,Sincelejo,4027899289
7091,"Vargas Rojas, Francisco",32,Mocoa,4291421390
7092,"Leon Gutierrez, Ana",73,Soacha,3302905191
7093,"Cruz Romero, Patricia",56,Pasto,9999333992
7094,"Guerrero Contreras, Cristina",19,Bello,8812008693
7095,"Diaz Molina, Yolanda",54,Mocoa,9141287794
7096,"Velasquez Rodriguez, Isabella",26,Buenaventura,6547872995
7097,"Trujillo Flores, Sofia",74,Soacha,9349745796
7098,"Sandoval Molina, Laura",60,Villavicencio,4897967297
7099,"Espinoza Lara, Martha",79,Florencia,1399261198
7100,"Guerrero Lara, Jorge",31,Saravena,6748810699
7101,"Castillo Navarro, Oscar",54,Yopal,3548432000
7102,"Valdez Perez, Nicolas",44,Envigado,8716472001
7103,"Salazar Ochoa, Nora",63,Floridablanca,5432532002
7104,"Lopez Serrano, Diego",77,Soacha,8288953703
7105,"Suarez Garcia, Ricardo",79,Soacha,6399432204
7106,"Serrano Suarez, Ana Maria",39,Armenia,9306425605
7107,"Guzmán Ponce, Angela",25,Bucaramanga,3598763606
7108,"Carrillo Molina, Catalina",21,Santa Marta,5463309707
7109,"Moreno Serrano, Angela",35,Santa Marta,1517585908
7110,"Escobar Barrera, Adriana",21,Barrancabermeja,2156387809
7111,"Moreno Serrano, Melissa",43,Villavicencio,1728385310
7112,"Ramirez Sanchez, Diego",36,Popayan,8239009811
7113,"Carrillo Serrano, Blanca",50,Floridablanca,7692098912
7114,"Delgado Bustos, Nicolas",30,Barranquilla,7341227213
7115,"Becerra Soto, Luis",32,Tunja,6987365014
7116,"Pena Acosta, Rafael",39,Mocoa,8945818415
7117,"Cortez Diaz, Susana",78,Buenaventura,1318607816
7118,"Jimenez Vásquez, Hernan",28,Barrancabermeja,2992106017
7119,"Becerra Ortiz, Mauricio",40,Quibdo,4662914418
7120,"Fuentes Serrano, Victor",39,Tunja,9825650019
7121,"Reyes Cardenas, Javier",55,Bucaramanga,8981429220
7122,"Molina Suarez, Jorge",32,Santa Marta,7322288121
7123,"Tapia Alvarado, Monica",78,Bello,7792951422
7124,"Valdez Serrano, Ana Maria",68,Armenia,3388107223
7125,"Vega Alvarado, Yolanda",77,Inirida,1440054324
7126,"Soto Núñez, Ana Maria",44,Leticia,1292081725
7127,"Salazar Bravo, Hector",58,Armenia,5064116626
7128,"Naranjo Camacho, Raul",21,Monteria,9182555227
7129,"Campos Parra, Silvia",25,Saravena,1268552528
7130,"Flores Espinoza, Natalia",44,Manizales,3755706329
7131,"Camacho Mendoza, Patricia",43,Cali,5564314930
7132,"Morales Contreras, Fernando",41,Inirida,1645870531
7133,"Alvarado Cano, Hector",71,Medellin,9742669132
7134,"Soto Soto, Alejandro",72,Sincelejo,9774577833
7135,"Molina Avila, Esperanza",32,Bello,5389548534
7136,"Perez Moreno, Alfredo",33,Palmira,9041699735
7137,"Ponce Ibarra, Natalia",45,Monteria,4178677836
7138,"Tapia Lugo, Paula",27,Leticia,7571883537
7139,"Cruz Velasquez, Pilar",34,Monteria,4645418838
7140,"Molina Garcia, Luis Miguel",20,Medellin,2556784039
7141,"Aguilar Trujillo, Claudia",72,Armenia,7999606640
7142,"Estrada Nieto, Pilar",21,Sincelejo,7808882441
7143,"Sandoval Lugo, Diego",37,Mitu,8808882942
7144,"Barrera Gomez, Gloria",35,Florencia,3227750543
7145,"Cortez Sandoval, Rodrigo",31,Cali,8699050344
7146,"Vásquez Cruz, Esperanza",39,Valledupar,2183122345
7147,"Escobar Guzmán, Francisco",30,Palmira,6439633546
7148,"Bravo Rios, Helena",26,Monteria,3519753647
7149,"Camacho Ponce, Roberto",80,Barrancabermeja,3086112148
7150,"Guerrero Meza, Teresa",66,Envigado,6543039949
7151,"Carrillo Medina, Rodrigo",70,Neiva,9089206950
7152,"Zamora Fuentes, Martha",53,Popayan,6156216051
7153,"Cortez Espinoza, Juan",49,Bucaramanga,8487576052
7154,"Vergara Medina, Teresa",57,Riohacha,2053849353
7155,"Cruz Torres, Pedro",80,Palmira,8793541054
7156,"Alvarado Jimenez, Marcela",32,Arauca,5060051255
7157,"Bravo Tapia, Ernesto",51,Envigado,6162136256
7158,"Miranda Coronel, Maria",40,Cartagena,5029595557
7159,"Castillo Ibarra, Esteban",48,Bucaramanga,4071362858
7160,"Lara Silva, Hector",39,Leticia,2185818059
7161,"Núñez Nieto, Javier",79,Leticia,9497681060
7162,"Padilla Vásquez, Ricardo",74,Bogota,7134444861
7163,"Tapia Delgado, Mario",77,Envigado,5516169962
7164,"Salazar Cabrera, Francisco",44,Monteria,3786584963
7165,"Padilla Vargas, Silvia",19,Valledupar,8510173364
7166,"Morales Zamora, Sofia",40,San Jose del Guaviare,4164135465
7167,"Moreno Lara, Sebastian",34,Pereira,8591975366
7168,"Torres Mendez, Catalina",55,Floridablanca,1720703967
7169,"Soto Rubio, Fabian",80,Soledad,2177211668
7170,"Ramirez Osorio, Ivan",59,Riohacha,8069379269
7171,"Contreras Mora, Francisco",21,Neiva,7791384970
7172,"Rivera Gutierrez, Mario",24,Pasto,1169521671
7173,"Cabrera Cruz, Julio",76,Mocoa,5946687772
7174,"Figueroa Cardenas, Miguel",78,Tunja,1325120773
7175,"Cortez Sandoval, Alejandra",64,Saravena,8496366874
7176,"Carrillo Herrera, Nicolas",71,Ibague,5710031875
7177,"Naranjo Peralta, Nora",40,Cartagena,1975318176
7178,"Valencia Salazar, Patricia",65,San Jose del Guaviare,5336150877
7179,"Romero Ochoa, Victor",54,Florencia,9952325378
7180,"Velasquez Contreras, Catalina",75,Tunja,4471261479
7181,"Lopez Torres, Silvia",72,Buenaventura,9421416680
7182,"Gutierrez Ochoa, Nicolas",33,Sincelejo,8684425381
7183,"Trujillo Diaz, Laura",80,Buenaventura,3080079682
7184,"Naranjo Cabrera, Felipe",58,San Jose del Guaviare,7239756283
7185,"Naranjo Fuente, Ana",45,Inirida,7430592084
7186,"Cruz Gallego, Nicolas",78,Bogota,3927054785
7187,"Mendoza Arias, Alejandra",47,Barrancabermeja,4083820786
7188,"Leon Cabrera, Pedro",52,Cartagena,3932856887
7189,"Blanco Meza, Paula",24,Mocoa,7252674588
7190,"Bravo Dominguez, Ana",23,Inirida,6283767489
7191,"Campos Leon, Andres Felipe",34,Quibdo,9799330390
7192,"Cano Castillo, Jorge",66,Soledad,2729341491
7193,"Cano Avila, Rodrigo",25,Cali,4589502592
7194,"Rojas Valencia, Roberto",31,Manizales,9378719893
7195,"Soto Velasquez, Ana Maria",47,Barranquilla,6525261494
7196,"Ibarra Vergara, Rodrigo",25,Mocoa,9391047995
7197,"Torres Herrera, Sergio",41,Barrancabermeja,9062184496
7198,"Fuente Alvarez, Daniela",80,Envigado,2736790197
7199,"Ruiz Campos, Patricia",45,Tunja,9545558798
7200,"Nieto Ruiz, Ernesto",39,Buenaventura,3615546799
7201,"Avila Peralta, Ramon",35,Monteria,7172160200
7202,"Ramos Lopez, Sofia",72,Armenia,3783774801
7203,"Ramirez Castillo, Juliana",70,Mitu,6178073402
7204,"Lugo Mendoza, Elena",50,Medellin,6024832203
7205,"Meza Espinoza, Alfredo",43,Tunja,1988525004
7206,"Lara Villanueva, Sebastian",48,Soledad,9692553005
7207,"Camacho Contreras, Rodrigo",33,Ibague,3182903106
7208,"Garcia Valdez, Helena",75,Saravena,6184113207
7209,"Sanchez Contreras, Fabian",54,Neiva,1253587008
7210,"Reyes Trujillo, Angela",23,Mitu,3690270409
7211,"Ramirez Martinez, Javier",48,Cucuta,1366235610
7212,"Castillo Vásquez, Camila",24,Pasto,5360854011
7213,"Salinas Rodriguez, Raul",31,Popayan,8586165412
7214,"Leon Romero, Miguel",36,Barrancabermeja,2512330413
7215,"Montes Bravo, Esteban",64,Valledupar,7917036114
7216,"Rubio Valencia, Paula",19,Popayan,1794501615
7217,"Herrera Rios, Daniela",22,Mitu,7464353716
7218,"Herrera Figueroa, Marcela",54,Villavicencio,6534431117
7219,"Reyes Montes, Rafael",44,Arauca,5029742618
7220,"Rios Muñoz, Luisa",36,Barrancabermeja,8816744919
7221,"Contreras Ochoa, Gabriel",67,Medellin,1865804320
7222,"Rodriguez Camacho, Susana",65,Inirida,6938316321
7223,"Vergara Diaz, Sergio",28,Ibague,6697435622
7224,"Pena Nieto, Antonio",26,Valledupar,1913053523
7225,"Maldonado Lopez, Hugo",53,Ibague,2987053924
7226,"Dominguez Suarez, Pablo",51,Quibdo,8304932025
7227,"Perez Lopez, Gustavo",47,Medellin,5772345026
7228,"Rubio Sanchez, Luis Miguel",74,Yopal,6638672427
7229,"Miranda Salinas, Miguel",76,Barrancabermeja,9574135028
7230,"Ochoa Villanueva, Ana Maria",34,Cartagena,1731662329
7231,"Vega Escobar, Pedro",73,Mitu,7575278730
7232,"Mora Valencia, Enrique",80,Palmira,4173059231
7233,"Maldonado Becerra, Maria",63,Soledad,5222058932
7234,"Ramirez Muñoz, Cristina",79,Mitu,9047256633
7235,"Fuentes Rubio, Diana",41,Envigado,4307566934
7236,"Soto Velasquez, David",74,Leticia,1922868535
7237,"Vega Flores, Julio",70,Leticia,5063264236
7238,"Ortiz Morales, Patricia",24,Soacha,2625200237
7239,"Ramirez Gomez, Ana Maria",30,Florencia,9467396338
7240,"Diaz Salazar, Hugo",68,Manizales,5247434639
7241,"Moreno Salinas, Ana",37,Florencia,9380722140
7242,"Salazar Fuente, Susana",52,Manizales,3257532541
7243,"Contreras Vega, Cristina",60,Armenia,8016780142
7244,"Carrillo Fuentes, Diana",47,Pasto,1278384143
7245,"Alvarez Arias, Jorge",34,Itagui,9286933944
7246,"Dominguez Meza, Melissa",30,Barrancabermeja,7834054045
7247,"Núñez Sandoval, Felipe",63,Armenia,2761491846
7248,"Camacho Martinez, Sebastian",55,Envigado,5793727847
7249,"Cardenas Suarez, Ignacio",54,Envigado,7400981648
7250,"Salinas Espinoza, Isabella",55,Yopal,9854254249
7251,"Martinez Estrada, Sandra",20,Cali,2326294550
7252,"Osorio Rivera, Ernesto",37,Pasto,4157898351
7253,"Miranda Valdez, Rafael",57,Bello,3718208952
7254,"Cortez Navarro, Claudia",44,Envigado,8744635753
7255,"Garcia Fuentes, Blanca",72,Barrancabermeja,4975544354
7256,"Aguilar Torres, Hernan",18,Sincelejo,7908619555
7257,"Lara Meza, Manuel",23,Armenia,9505215956
7258,"Suarez Alvarez, Ana Maria",33,Tunja,1015088257
7259,"Reyes Vergara, Susana",56,Cucuta,9423181158
7260,"Miranda Mendoza, Francisco",24,Soledad,7211804959
7261,"Osorio Ramirez, Javier",26,Buenaventura,5723752360
7262,"Rubio Fuente, Monica",52,Barranquilla,3740795161
7263,"Vega Mendez, Nicolas",61,Valledupar,3261093062
7264,"Valdez Trujillo, Catalina",20,Inirida,6071638563
7265,"Osorio Rios, Isabella",48,Yopal,1568153864
7266,"Montes Gonzalez, Silvia",18,Mitu,8575942365
7267,"Palacios Silva, Monica",62,Florencia,2946165466
7268,"Flores Carrillo, Camila",69,Pasto,1584622267
7269,"Reyes Bustos, Hugo",76,Villavicencio,2712401968
7270,"Guzmán Diaz, Ricardo",18,Saravena,3810566069
7271,"Montes Palacios, Susana",18,Pereira,1326911870
7272,"Núñez Escobar, Hector",41,Villavicencio,8195593471
7273,"Miranda Sandoval, Andrea",61,Pereira,1703046572
7274,"Rojas Espinoza, Blanca",62,Palmira,5446626073
7275,"Guerrero Silva, Teresa",35,Santa Marta,2696143974
7276,"Núñez Navarro, Valentina",24,Itagui,5277264775
7277,"Valdez Dominguez, Helena",43,Inirida,4338378276
7278,"Rivera Rodriguez, Alfredo",30,Sincelejo,8980408077
7279,"Núñez Moreno, Ana",31,Mocoa,3092644378
7280,"Mendoza Leon, Sergio",61,Villavicencio,3729334879
7281,"Cardenas Romero, Andres Felipe",76,Bello,4174926080
7282,"Miranda Ortiz, Helena",48,Popayan,2619982581
7283,"Salazar Soto, Luis Miguel",33,Buenaventura,7084773682
7284,"Sanchez Dominguez, Irene",23,Barrancabermeja,9107715083
7285,"Ortiz Mendoza, Elena",71,Tunja,1412910584
7286,"Gomez Torres, Eduardo",33,Leticia,9730211785
7287,"Rubio Padilla, Hugo",69,Cali,5142435586
7288,"Ramirez Acosta, Susana",70,Puerto Carreno,8293335087
7289,"Sanchez Dominguez, Hugo",35,Villavicencio,3965025888
7290,"Acosta Romero, Julio",38,San Jose del Guaviare,6627481889
7291,"Tapia Sandoval, Alfredo",23,Envigado,6027408990
7292,"Núñez Ochoa, Rocio",67,Cali,9857963591
7293,"Trujillo Torres, Raul",21,Pereira,7483674392
7294,"Maldonado Pena, Cristina",59,Valledupar,2644533893
7295,"Cardenas Moreno, Ramon",24,Envigado,4715857694
7296,"Leon Diaz, Yolanda",75,Popayan,8256529495
7297,"Mendoza Pena, Rosa",67,Santa Marta,4964230896
7298,"Jimenez Silva, Hugo",25,Quibdo,2803279497
7299,"Reyes Cruz, Tomas",67,Cucuta,1774877698
7300,"Camacho Aguilar, Lorena",78,Puerto Carreno,8963721299
7301,"Barrera Suarez, Jorge",27,Medellin,2760627500
7302,"Cortez Muñoz, Alejandro",64,Bello,7169046001
7303,"Ochoa Jimenez, Marcela",74,San Jose del Guaviare,1505322102
7304,"Gonzalez Bustos, Silvia",46,Cucuta,8954837203
7305,"Ramirez Sandoval, Mariana",40,Mitu,5893016204
7306,"Martinez Contreras, Rocio",36,Sincelejo,1885887805
7307,"Bustos Herrera, Pedro",32,San Jose del Guaviare,5812712306
7308,"Jimenez Bustos, Juliana",23,Yopal,6702092007
7309,"Miranda Pena, Miguel",67,Mocoa,8765409308
7310,"Salazar Cortez, Nicolas",44,Mitu,6017960609
7311,"Fuentes Meza, Pilar",55,Tunja,7254541510
7312,"Sandoval Suarez, Luis",21,Cucuta,1943920811
7313,"Ramos Ortiz, Rocio",44,Mitu,6684813012
7314,"Mora Sanchez, Andres",65,Mitu,3790495513
7315,"Cardenas Pena, Miguel",59,Valledupar,3960752514
7316,"Ortiz Meza, Jorge",46,Barranquilla,9236908515
7317,"Gonzalez Ruiz, Eduardo",30,Itagui,4487042416
7318,"Cardenas Dominguez, Juliana",78,Yopal,5580709517
7319,"Campos Vásquez, Raul",20,Cucuta,6156610618
7320,"Núñez Martinez, Javier",71,Neiva,1762990419
7321,"Espinoza Cruz, Esteban",74,Pasto,8679320420
7322,"Osorio Pena, Victor",45,Palmira,6374072121
7323,"Palacios Carrillo, Nora",23,Saravena,6745916122
7324,"Torres Becerra, Ignacio",53,Bucaramanga,3373920123
7325,"Vega Becerra, Rocio",62,Palmira,8499163724
7326,"Rodriguez Sanchez, Rocio",37,Arauca,5446837425
7327,"Perez Blanco, Ricardo",72,Saravena,2636199226
7328,"Fuente Cruz, Oscar",76,Cali,3982291427
7329,"Ponce Villanueva, Claudia",74,Leticia,5355117828
7330,"Lugo Torres, Rocio",23,Barranquilla,2805824829
7331,"Morales Ibarra, Laura",47,Florencia,4854533430
7332,"Alvarez Estrada, Pablo",46,Mitu,1010996931
7333,"Palacios Montes, Rocio",58,Valledupar,7643458432
7334,"Torres Blanco, Fabian",70,Popayan,3284245733
7335,"Lugo Nieto, Catalina",41,Buenaventura,7425191934
7336,"Meza Martinez, Esperanza",37,Ibague,3512259035
7337,"Serrano Peralta, Nicolas",77,Cucuta,4746210236
7338,"Sanchez Nieto, David",70,Saravena,1910875337
7339,"Martinez Becerra, Arturo",46,Envigado,6022083238
7340,"Herrera Silva, Sofia",31,Puerto Carreno,2594582039
7341,"Morales Coronel, Diego",51,Mitu,1396591240
7342,"Torres Parra, Silvia",29,Leticia,1815619141
7343,"Montes Alvarez, Andres Felipe",34,Ibague,5093593342
7344,"Mendez Coronel, Luis",77,Soledad,3827923643
7345,"Rodriguez Tapia, Raul",80,Pereira,2602468544
7346,"Contreras Palacios, Esteban",47,Quibdo,2232614545
7347,"Velasquez Molina, Beatriz",67,Santa Marta,3673094946
7348,"Martinez Gallego, Beatriz",64,Quibdo,8562868147
7349,"Núñez Villanueva, Susana",70,Buenaventura,6906017748
7350,"Nieto Martinez, Marcela",55,Mitu,9553209349
7351,"Naranjo Montes, Diana",66,Soacha,2052509650
7352,"Rivera Figueroa, Mauricio",57,Sincelejo,4018930151
7353,"Lugo Rodriguez, Felipe",53,Medellin,1322169152
7354,"Ramirez Martinez, Carmen",73,Leticia,9241332153
7355,"Tapia Rodriguez, Helena",61,Bello,5602550954
7356,"Becerra Becerra, Pilar",21,Manizales,3088660755
7357,"Villanueva Reyes, Paola",61,Floridablanca,7256404256
7358,"Acosta Trujillo, Alicia",35,Neiva,1455884357
7359,"Blanco Palacios, Angela",39,Riohacha,4068746258
7360,"Rubio Serrano, Catalina",20,Palmira,3645980559
7361,"Reyes Velasquez, Eduardo",61,Neiva,3026883760
7362,"Cruz Cortez, Ignacio",48,Leticia,4067210861
7363,"Blanco Bustos, Martha",22,Floridablanca,7788612162
7364,"Gonzalez Gallego, Andres",76,Palmira,2148399863
7365,"Barrera Arias, Andres Felipe",20,Villavicencio,5239910664
7366,"Delgado Fuentes, Manuel",72,Neiva,5662249965
7367,"Campos Padilla, Cesar",77,Tunja,1160568366
7368,"Avila Ochoa, Roberto",80,Puerto Carreno,8444163667
7369,"Mora Carrillo, Luis",79,Mitu,3251769268
7370,"Mora Ramos, Hernan",61,Valledupar,2554223669
7371,"Muñoz Trujillo, Camila",35,Itagui,4723273270
7372,"Meza Sandoval, Monica",43,Valledupar,8902760071
7373,"Mora Figueroa, Hernan",69,Tunja,9336571472
7374,"Ortiz Gallego, Lina",19,Bogota,3405712773
7375,"Leon Sandoval, Marcela",21,Neiva,8011555574
7376,"Meza Dominguez, Pedro",26,Floridablanca,3174305275
7377,"Espinoza Torres, Sandra",80,Soacha,1757382776
7378,"Fuentes Vásquez, Ricardo",60,Medellin,5644787677
7379,"Lopez Guzmán, Mauricio",35,Monteria,9464612878
7380,"Jimenez Dominguez, Natalia",32,Cali,2089554779
7381,"Herrera Camacho, Nicolas",23,Manizales,1324064480
7382,"Bustos Rivera, Juliana",27,Floridablanca,2962996581
7383,"Muñoz Lugo, Laura",80,Ibague,1696109082
7384,"Palacios Salinas, Alejandro",75,Pasto,7057790983
7385,"Dominguez Mendez, Esteban",34,Florencia,2318252384
7386,"Perez Valdez, Natalia",66,Mitu,5153466585
7387,"Cruz Bustos, Antonio",42,Riohacha,3421238486
7388,"Ramos Garcia, Catalina",75,Popayan,8537376787
7389,"Romero Montes, Silvia",51,Leticia,1425042188
7390,"Espinoza Torres, Roberto",38,Soacha,9913352489
7391,"Muñoz Medina, Eduardo",54,Villavicencio,4117450790
7392,"Soto Barrera, Teresa",18,Monteria,8391045291
7393,"Peralta Sandoval, Sebastian",70,Saravena,8166752692
7394,"Lopez Diaz, Ramon",25,Cucuta,5283231193
7395,"Bustos Sanchez, Natalia",26,Mitu,2702215394
7396,"Acosta Osorio, Fabian",47,Popayan,5958829995
7397,"Arias Valdez, Elena",36,Tunja,7146847096
7398,"Jimenez Gomez, Francisco",52,Neiva,7390190197
7399,"Gonzalez Acosta, Esperanza",76,Ibague,8115093298
7400,"Muñoz Soto, Pilar",43,Florencia,7816627599
7401,"Martinez Salinas, Elena",52,Pereira,2185957500
7402,"Soto Ponce, Ignacio",25,Medellin,8260133701
7403,"Ruiz Castillo, Ana Maria",67,Barrancabermeja,7800283502
7404,"Blanco Muñoz, Ignacio",72,Quibdo,9297610603
7405,"Zamora Osorio, Patricia",51,Cucuta,8025058704
7406,"Fuentes Gallego, Isabella",70,Villavicencio,8822507405
7407,"Acosta Leon, Susana",72,Itagui,4621318906
7408,"Castillo Salazar, Esteban",63,Floridablanca,1259868807
7409,"Guzmán Soto, Ignacio",46,Florencia,2008456708
7410,"Rodriguez Tapia, Jorge",68,San Jose del Guaviare,2712895209
7411,"Salazar Villanueva, Maria Clara",61,Pasto,8271013610
7412,"Gonzalez Flores, Fabian",54,Ibague,6276459311
7413,"Valdez Rodriguez, Andres Felipe",78,Barranquilla,2995688612
7414,"Fuentes Mora, Gabriel",53,Arauca,9799446013
7415,"Silva Morales, Teresa",50,San Jose del Guaviare,6643049314
7416,"Medina Delgado, Rafael",51,Riohacha,6597240115
7417,"Pena Palacios, Rodrigo",29,Barranquilla,4285867316
7418,"Leon Gomez, Gabriel",72,San Jose del Guaviare,7541292317
7419,"Palacios Osorio, Sandra",28,Medellin,9926716218
7420,"Herrera Bravo, Sergio",69,Puerto Carreno,6675763919
7421,"Osorio Dominguez, Cesar",18,Soledad,4700804020
7422,"Jimenez Escobar, Pilar",74,Palmira,1445560821
7423,"Herrera Arias, Laura",49,Medellin,6523067522
7424,"Morales Escobar, Esperanza",72,Florencia,4550077723
7425,"Parra Zamora, Alicia",57,Soledad,4645849224
7426,"Blanco Becerra, Nora",53,Soacha,7176339125
7427,"Fuentes Ibarra, Manuel",41,Armenia,6806699326
7428,"Montes Rubio, Andres Felipe",25,Palmira,7329174227
7429,"Campos Velasquez, Ignacio",49,Cali,1864056928
7430,"Avila Leon, Cesar",56,Bello,7150920629
7431,"Bravo Garcia, Fabian",47,Riohacha,1618963430
7432,"Avila Ibarra, Esperanza",77,Yopal,9660790831
7433,"Miranda Suarez, Nicolas",29,Monteria,8370289732
7434,"Cano Tapia, Maria",26,Leticia,1959393333
7435,"Espinoza Guzmán, Julio",40,Bucaramanga,6555298834
7436,"Núñez Cabrera, Ivan",23,Cali,6060722835
7437,"Sandoval Carrillo, Melissa",34,Soacha,9178681536
7438,"Molina Becerra, Julio",75,Buenaventura,1903779937
7439,"Navarro Barrera, Irene",60,Bogota,8136005838
7440,"Guzmán Núñez, Roberto",51,Villavicencio,5038605139
7441,"Vergara Jimenez, Carlos",53,Puerto Carreno,4255581840
7442,"Carrillo Guerrero, Juan",37,Neiva,1385273541
7443,"Cano Escobar, David",79,Barranquilla,9634159342
7444,"Coronel Maldonado, Alicia",32,Villavicencio,7104172243
7445,"Sanchez Avila, Gustavo",46,Puerto Carreno,4318269244
7446,"Lara Gomez, Juan",32,Tunja,6110424345
7447,"Romero Núñez, Juliana",36,Soledad,5844758546
7448,"Núñez Vargas, Ivan",79,Saravena,5323392547
7449,"Ortiz Mendez, Juliana",56,Envigado,2271483948
7450,"Castillo Rubio, Juliana",53,Tunja,1829001949
7451,"Contreras Cardenas, Pedro",25,San Jose del Guaviare,7374650950
7452,"Delgado Avila, Esperanza",51,Cali,3208515151
7453,"Salinas Zamora, Valentina",26,Manizales,5633668652
7454,"Flores Campos, Miguel",60,Mitu,4101442953
7455,"Coronel Romero, Luisa",71,Inirida,7122938554
7456,"Avila Ruiz, Tomas",69,Itagui,4215898255
7457,"Bustos Pena, Rodrigo",47,Bucaramanga,2213989556
7458,"Villanueva Mendoza, Maria",76,Valledupar,6312988357
7459,"Peralta Aguilar, Andrea",40,Riohacha,5859160258
7460,"Fuentes Navarro, Patricia",76,Tunja,4836653459
7461,"Gallego Palacios, Silvia",55,Envigado,4524437660
7462,"Guerrero Alvarez, Andres Felipe",34,Barrancabermeja,6986545861
7463,"Lara Lara, Beatriz",28,Itagui,6068754062
7464,"Ruiz Reyes, Diana",54,Buenaventura,1886894063
7465,"Jimenez Romero, Ignacio",48,Neiva,2888886864
7466,"Núñez Mora, Francisco",44,Monteria,9497393765
7467,"Espinoza Cruz, Alicia",32,Bello,2058600866
7468,"Parra Mendoza, Jorge",19,Riohacha,6886416467
7469,"Ramos Cardenas, Nicolas",41,Riohacha,3364179368
7470,"Fuente Espinoza, Catalina",74,Armenia,6123143269
7471,"Núñez Tapia, Natalia",66,Yopal,6063569070
7472,"Salazar Cardenas, Miguel",66,Saravena,5582979971
7473,"Naranjo Arias, Juan",80,Tunja,1628222172
7474,"Acosta Ochoa, Diana",48,Cartagena,6359855073
7475,"Cabrera Peralta, Pilar",42,Florencia,9700431274
7476,"Ramos Núñez, Yolanda",70,Bogota,1792878275
7477,"Gonzalez Ruiz, Luisa",70,Armenia,4200262876
7478,"Diaz Barrera, Francisco",69,Bello,8893558377
7479,"Leon Flores, Eduardo",35,Villavicencio,9931181978
7480,"Perez Ochoa, Sergio",54,Buenaventura,6349114179
7481,"Jimenez Jimenez, Gustavo",39,Soacha,5700689380
7482,"Cabrera Naranjo, Elena",63,Barrancabermeja,4882117981
7483,"Pena Arias, Monica",56,Buenaventura,9849964082
7484,"Parra Campos, Valentina",80,Bello,4315027483
7485,"Ochoa Pena, Lorena",74,Cucuta,5085503084
7486,"Jimenez Romero, Oscar",50,Bello,2374193185
7487,"Guerrero Ruiz, Gabriel",56,Valledupar,8673869886
7488,"Zamora Diaz, Hernan",19,Cartagena,7166166987
7489,"Velasquez Escobar, Ignacio",51,Barranquilla,8365720188
7490,"Cabrera Navarro, Rodrigo",44,Armenia,8893516789
7491,"Avila Peralta, Ricardo",28,Cali,2920358190
7492,"Barrera Vega, Pablo",80,Barrancabermeja,8683793691
7493,"Ramos Gonzalez, Paula",30,Florencia,2388115292
7494,"Romero Tapia, Maria",21,Armenia,4565202993
7495,"Trujillo Navarro, Jorge",52,Bucaramanga,8810265194
7496,"Rubio Figueroa, Hernan",47,Saravena,9185489995
7497,"Ibarra Bravo, Camila",61,Riohacha,8870851296
7498,"Bustos Salazar, Angela",23,Mitu,2501200797
7499,"Palacios Mendoza, Raul",59,Inirida,3907555798
7500,"Miranda Ramos, Rodrigo",76,Buenaventura,8431049699
7501,"Espinoza Rubio, Victor",37,Inirida,6533899200
7502,"Miranda Ramirez, Sandra",21,Barrancabermeja,5645168301
7503,"Barrera Núñez, Cristina",32,Sincelejo,6007666602
7504,"Rivera Rubio, Beatriz",66,Bogota,5279266803
7505,"Leon Ruiz, Andres",63,Barrancabermeja,7773988304
7506,"Padilla Camacho, Hector",32,Buenaventura,1825244405
7507,"Fuentes Vargas, Silvia",64,Riohacha,6861568806
7508,"Estrada Mendoza, Pedro",64,Envigado,5945355407
7509,"Barrera Velasquez, Victor",52,Bello,8972854708
7510,"Gonzalez Figueroa, Eduardo",43,Pereira,1186409509
7511,"Ponce Leon, Paola",55,Quibdo,3638809410
7512,"Becerra Becerra, Oscar",19,Inirida,4532898411
7513,"Mendoza Becerra, Andres",58,Monteria,1568588012
7514,"Blanco Rojas, Arturo",75,Florencia,9763793213
7515,"Vásquez Zamora, Hugo",73,Saravena,6520401114
7516,"Padilla Rios, Maria",18,Medellin,2306531815
7517,"Bravo Lopez, Tomas",24,Yopal,1079457016
7518,"Vergara Alvarado, Jorge",75,Quibdo,5830071617
7519,"Guzmán Escobar, Irene",32,Villavicencio,5147565418
7520,"Lara Rios, Daniela",35,Envigado,4494125219
7521,"Rivera Valdez, Hugo",54,Neiva,3183511020
7522,"Montes Serrano, Mauricio",22,Soledad,7494883321
7523,"Sanchez Parra, Manuel",46,Mocoa,4610312722
7524,"Ramos Osorio, Cristina",23,Arauca,6326890723
7525,"Leon Coronel, Andres",72,Soacha,9502033024
7526,"Gallego Estrada, Victor",55,Sincelejo,6533698425
7527,"Rubio Nieto, Maria Jose",46,Barranquilla,3734065126
7528,"Rubio Tapia, Alicia",68,Buenaventura,1472594627
7529,"Rios Meza, Rosa",52,Villavicencio,3446234128
7530,"Ortiz Herrera, Patricia",55,Neiva,8973782629
7531,"Pena Coronel, Patricia",55,Envigado,3482672030
7532,"Moreno Lopez, Sergio",50,Buenaventura,5369937531
7533,"Barrera Lopez, Alejandra",37,Floridablanca,3279053232
7534,"Gutierrez Mora, Ricardo",73,Cucuta,5417544533
7535,"Estrada Campos, Mauricio",57,Saravena,1596432134
7536,"Diaz Vargas, Fernando",58,Neiva,3067731535
7537,"Rivera Contreras, Carmen",42,Mitu,8871376436
7538,"Cruz Castillo, Enrique",69,Saravena,7507624637
7539,"Palacios Núñez, Mauricio",35,Quibdo,6491049038
7540,"Vargas Lugo, Daniela",42,Mocoa,9049198539
7541,"Rios Ibarra, Ivan",30,Palmira,2807411440
7542,"Bustos Barrera, Esteban",78,Mitu,4057652441
7543,"Bustos Guerrero, Daniela",58,Neiva,8182370942
7544,"Estrada Zamora, Diana",61,Pasto,6624410543
7545,"Tapia Castillo, Daniela",41,Florencia,4606789744
7546,"Pena Campos, Miguel",26,Mocoa,2392789845
7547,"Bravo Estrada, Lorena",75,Riohacha,4749857146
7548,"Sanchez Aguilar, Susana",59,Saravena,6323475147
7549,"Bustos Palacios, Sebastian",44,Sincelejo,9244100748
7550,"Sanchez Vásquez, Esperanza",56,Puerto Carreno,1346575749
7551,"Cabrera Meza, Carmen",75,Inirida,5315469650
7552,"Flores Lugo, Pablo",46,Cali,4877826151
7553,"Rodriguez Vargas, Cesar",53,Quibdo,4378597052
7554,"Cortez Guerrero, Lina",33,Popayan,8110693353
7555,"Carrillo Cabrera, Rafael",78,Riohacha,5149629354
7556,"Espinoza Valencia, Ignacio",47,Pereira,2769285455
7557,"Ruiz Rubio, Sandra",70,Bogota,8867368856
7558,"Rios Ramirez, Rocio",24,Arauca,2958698457
7559,"Estrada Espinoza, Gloria",35,Pereira,6396207958
7560,"Reyes Velasquez, Alejandra",62,Popayan,5254731059
7561,"Vega Vásquez, Andres Felipe",19,Saravena,8409886060
7562,"Rios Gonzalez, Alicia",53,Ibague,9581788061
7563,"Osorio Zamora, Melissa",61,Bucaramanga,7382418562
7564,"Jimenez Ruiz, Oscar",70,Mocoa,4193605863
7565,"Guerrero Medina, Lorena",67,Bucaramanga,5824026664
7566,"Cruz Velasquez, Ivan",75,Barrancabermeja,8959217165
7567,"Barrera Rodriguez, Javier",57,Barrancabermeja,3919712466
7568,"Coronel Estrada, Sofia",54,Soledad,3399168367
7569,"Meza Torres, Andres",65,Barrancabermeja,3457241668
7570,"Camacho Silva, Esteban",43,Bogota,2324735969
7571,"Naranjo Romero, Juliana",66,San Jose del Guaviare,1932103270
7572,"Cabrera Avila, Ignacio",54,San Jose del Guaviare,6146548071
7573,"Gomez Dominguez, Patricia",19,Envigado,3844200072
7574,"Villanueva Parra, Juan Pablo",75,Arauca,3498929973
7575,"Muñoz Guzmán, Maria",38,Inirida,5346133274
7576,"Sanchez Rojas, Antonio",51,Barranquilla,8065337875
7577,"Fuente Reyes, Eduardo",79,Neiva,6417212276
7578,"Navarro Gomez, Esperanza",56,Barranquilla,2769644977
7579,"Guerrero Ibarra, Elena",19,Manizales,5112402878
7580,"Cabrera Acosta, Fernando",42,Soledad,2910263079
7581,"Cano Romero, Lina",70,Mitu,1731554580
7582,"Fuente Valencia, Ramon",18,Monteria,3017798381
7583,"Padilla Blanco, Andrea",70,Cartagena,5659067482
7584,"Avila Cano, Nora",45,Bello,2330606083
7585,"Fuentes Gutierrez, Hernan",31,Barrancabermeja,5945288584
7586,"Gonzalez Lara, Pedro",49,Mitu,5882952285
7587,"Pena Osorio, Natalia",21,Yopal,4788259486
7588,"Suarez Salazar, Nora",48,Itagui,3944005587
7589,"Morales Fuentes, Arturo",75,Pasto,6078088288
7590,"Rivera Vega, Oscar",51,Valledupar,2449639889
7591,"Guzmán Fuente, Nora",29,Neiva,6276997790
7592,"Cortez Valdez, Arturo",80,Ibague,5934411891
7593,"Muñoz Núñez, Hugo",62,Soacha,6431079092
7594,"Palacios Espinoza, Luisa",54,Pasto,3308047793
7595,"Silva Coronel, Sofia",43,Popayan,6962847194
7596,"Fuentes Guzmán, Marcela",41,Cucuta,3805051495
7597,"Peralta Morales, Irene",62,Mitu,4155536496
7598,"Velasquez Alvarado, Alicia",68,San Jose del Guaviare,9689526097
7599,"Avila Vásquez, Gabriel",46,Manizales,9032543198
7600,"Meza Romero, Juliana",62,Buenaventura,2785410399
7601,"Cardenas Vargas, Alfredo",37,Itagui,6382967000
7602,"Bustos Alvarez, Gabriel",61,Puerto Carreno,5824308501
7603,"Ponce Rivera, Natalia",62,Itagui,5867815702
7604,"Cardenas Mendoza, Ana",39,Sincelejo,6131814003
7605,"Acosta Fuente, Luis",71,Cali,5543892404
7606,"Ramos Rios, Miguel",80,Medellin,6623668905
7607,"Ruiz Gallego, Adriana",64,Barrancabermeja,5821499706
7608,"Palacios Ruiz, Julio",38,Cucuta,7588738807
7609,"Tapia Garcia, Alejandra",40,Bello,6006038808
7610,"Osorio Fuente, Maria",45,Monteria,8073412409
7611,"Figueroa Becerra, Valentina",46,Riohacha,4024669910
7612,"Fuente Gomez, Alejandro",23,Riohacha,3001509611
7613,"Parra Maldonado, Adriana",40,Bello,2371447012
7614,"Serrano Ruiz, Luis Miguel",48,Soacha,2497403613
7615,"Fuentes Osorio, Mariana",32,Cartagena,6700098914
7616,"Mendez Ponce, Andres",45,Bogota,6153021315
7617,"Montes Rojas, Andres",18,Armenia,6528090416
7618,"Peralta Fuentes, Lina",57,Yopal,5397343117
7619,"Coronel Ruiz, Yolanda",20,Mitu,7343293518
7620,"Suarez Salazar, Lorena",28,Santa Marta,5331765919
7621,"Cabrera Silva, Alicia",79,Medellin,9241878720
7622,"Padilla Alvarado, Laura",60,Bello,2091278021
7623,"Miranda Cano, Alicia",72,Barranquilla,5473386822
7624,"Bravo Arias, Andrea",31,Cucuta,8273671323
7625,"Avila Martinez, Sofia",50,Sincelejo,3563420324
7626,"Pena Reyes, Camila",20,Riohacha,9539679825
7627,"Montes Bravo, Paula",28,Popayan,6505071826
7628,"Bravo Bustos, Julio",76,Pasto,8162974427
7629,"Reyes Barrera, Hugo",56,Barranquilla,7160145628
7630,"Contreras Gallego, Luisa",40,Bucaramanga,5403847529
7631,"Figueroa Trujillo, Esperanza",80,Itagui,8854772930
7632,"Mora Rios, Blanca",41,Ibague,2606281831
7633,"Mora Meza, Paula",59,Bucaramanga,1877413232
7634,"Guzmán Torres, Irene",75,Itagui,6734351833
7635,"Moreno Rodriguez, Mario",46,Florencia,3239672534
7636,"Padilla Ruiz, Camila",52,Floridablanca,4016371435
7637,"Ochoa Figueroa, Francisco",69,Yopal,5228843536
7638,"Martinez Herrera, Maria Clara",42,Medellin,2210608037
7639,"Lara Mendez, Julio",63,Puerto Carreno,3050497538
7640,"Carrillo Espinoza, David",78,Villavicencio,5749969639
7641,"Ruiz Contreras, Nicolas",38,Palmira,5719478640
7642,"Lopez Alvarado, Pedro",27,Barranquilla,4590444141
7643,"Coronel Peralta, Ernesto",52,Soacha,9652686642
7644,"Arias Morales, Alejandra",30,Envigado,6635909943
7645,"Escobar Velasquez, Francisco",36,Manizales,1029737244
7646,"Montes Morales, Yolanda",50,Buenaventura,7288712345
7647,"Barrera Dominguez, Alicia",72,Popayan,9794670246
7648,"Parra Carrillo, Ernesto",39,Tunja,7239565247
7649,"Bustos Camacho, Ignacio",62,Soacha,2517458848
7650,"Vargas Sanchez, Andres",57,Itagui,8038611549
7651,"Sandoval Alvarez, Paula",64,Bogota,1335909450
7652,"Vega Barrera, Ana Maria",31,Florencia,8903185051
7653,"Fuente Meza, Lorena",24,Tunja,5738907752
7654,"Acosta Castillo, Carmen",34,Riohacha,2737796853
7655,"Ortiz Cardenas, Arturo",24,Popayan,3034909254
7656,"Barrera Meza, Martha",79,Quibdo,7037945255
7657,"Barrera Guzmán, Beatriz",39,Santa Marta,2315909156
7658,"Fuentes Zamora, Raul",29,Floridablanca,9348936357
7659,"Gutierrez Palacios, Helena",22,Bucaramanga,1189418758
7660,"Dominguez Flores, Alfredo",18,Palmira,7982635559
7661,"Carrillo Vargas, Rosa",68,Bogota,6601484460
7662,"Bustos Velasquez, Carmen",52,Cali,8393896361
7663,"Castillo Gomez, Marcela",42,Inirida,3474210062
7664,"Guzmán Mora, Mariana",69,Sincelejo,9822871863
7665,"Vergara Lara, Sofia",79,Riohacha,9689896464
7666,"Sanchez Rubio, Ana Maria",60,Villavicencio,9642763165
7667,"Castillo Ochoa, Luisa",25,Mocoa,4280403666
7668,"Medina Velasquez, Monica",56,Sincelejo,5444025967
7669,"Herrera Estrada, Alfredo",78,Leticia,2137410568
7670,"Salinas Vega, Juan Pablo",60,Saravena,3580913569
7671,"Cardenas Suarez, Irene",52,Envigado,3145845670
7672,"Rubio Camacho, Laura",72,Manizales,7386739871
7673,"Palacios Bustos, Nicolas",63,Inirida,7105941772
7674,"Peralta Leon, Andres",69,Itagui,7630926373
7675,"Herrera Cardenas, Pilar",74,Medellin,5032181674
7676,"Padilla Ramos, Rodrigo",39,Puerto Carreno,1772088675
7677,"Fuentes Maldonado, Andres",69,Leticia,8080524376
7678,"Soto Núñez, Gabriel",72,Barrancabermeja,3128405377
7679,"Pena Pena, Mario",67,Bucaramanga,5163612278
7680,"Cabrera Muñoz, Sergio",29,Manizales,5791353879
7681,"Flores Silva, Nicolas",74,Cartagena,9940561180
7682,"Gonzalez Guerrero, Tomas",28,Florencia,2691614881
7683,"Campos Parra, Luis",69,Pasto,9166646482
7684,"Ortiz Zamora, Blanca",58,Riohacha,4589163183
7685,"Fuentes Acosta, Sofia",37,Mitu,4759382684
7686,"Lugo Castillo, Sofia",51,Pasto,5680056485
7687,"Osorio Suarez, Lorena",62,Monteria,5700340686
7688,"Naranjo Campos, Mario",31,Bello,6504977587
7689,"Padilla Serrano, Monica",25,Buenaventura,9104474788
7690,"Rojas Salinas, Nicolas",23,Valledupar,4452191789
7691,"Leon Núñez, Carmen",59,Monteria,4459695390
7692,"Rubio Muñoz, Daniela",79,Medellin,1258720691
7693,"Lara Nieto, Juan Pablo",49,Neiva,6345430992
7694,"Trujillo Martinez, Teresa",61,Manizales,8609790993
7695,"Valdez Cabrera, Rodrigo",44,Bogota,5172549694
7696,"Medina Rojas, Javier",20,Riohacha,1611135295
7697,"Diaz Salinas, Silvia",24,Tunja,3903823996
7698,"Morales Tapia, Paola",57,Valledupar,4768427897
7699,"Maldonado Diaz, Hernan",68,Mocoa,6553671898
7700,"Rivera Jimenez, Manuel",60,Valledupar,7657015599
7701,"Vergara Cabrera, Andrea",74,Sincelejo,2995394100
7702,"Romero Coronel, Isabella",55,Popayan,7010681101
7703,"Cabrera Nieto, Gustavo",56,Soledad,1328139202
7704,"Barrera Padilla, Claudia",29,Pereira,3598418603
7705,"Fuentes Rivera, Gustavo",40,Mocoa,4849364604
7706,"Romero Garcia, Arturo",41,Barranquilla,3938971105
7707,"Fuente Mendoza, Luis",61,Quibdo,9659378306
7708,"Gomez Valdez, Maria Clara",42,Soledad,6986850107
7709,"Becerra Zamora, Valentina",41,Palmira,6724078308
7710,"Escobar Ramirez, Javier",48,Palmira,8834919409
7711,"Salinas Muñoz, Fabian",80,Saravena,4508838810
7712,"Cortez Medina, Diana",35,Monteria,3708984211
7713,"Fuentes Ramos, Manuel",24,Cartagena,6172164212
7714,"Mora Silva, Mariana",25,Bucaramanga,6069825113
7715,"Villanueva Muñoz, Fernando",79,Ibague,7832648014
7716,"Fuentes Osorio, Hernan",57,Inirida,5003129915
7717,"Peralta Gonzalez, Natalia",76,Envigado,5168660716
7718,"Estrada Alvarado, Felipe",78,Inirida,7547649917
7719,"Ramos Vargas, Catalina",50,Puerto Carreno,9866977218
7720,"Ibarra Martinez, Miguel",40,Quibdo,2758225519
7721,"Morales Dominguez, Miguel",58,Villavicencio,8006599720
7722,"Cano Rojas, Helena",38,Palmira,1444631421
7723,"Ponce Herrera, Alejandra",76,Floridablanca,8152458222
7724,"Cruz Lugo, Melissa",48,Medellin,1291915023
7725,"Perez Castillo, Alejandra",19,Armenia,5952059824
7726,"Peralta Flores, Silvia",32,Riohacha,4789669325
7727,"Gonzalez Gallego, Nicolas",61,Buenaventura,5471955626
7728,"Lara Herrera, Nora",49,Ibague,8894276827
7729,"Sandoval Mendez, Diego",77,Medellin,6644570928
7730,"Medina Espinoza, Diana",24,Mocoa,9710841229
7731,"Cabrera Vergara, Claudia",55,Monteria,7763348630
7732,"Ramirez Valdez, Rodrigo",41,Mitu,7852636931
7733,"Dominguez Morales, Rafael",57,Envigado,8701132332
7734,"Martinez Lopez, Andrea",30,Armenia,6574178133
7735,"Vargas Villanueva, Sofia",48,Yopal,5073597634
7736,"Pena Núñez, Adriana",78,Arauca,7041674135
7737,"Leon Romero, Luis",61,Medellin,8224202136
7738,"Gonzalez Herrera, Pablo",52,Bogota,6100372637
7739,"Camacho Trujillo, Rodrigo",26,Ibague,3586374638
7740,"Ortiz Trujillo, Antonio",21,Envigado,5848502839
7741,"Ruiz Miranda, Cristina",18,Bello,5261752940
7742,"Mendez Vega, Blanca",19,Leticia,5808204041
7743,"Perez Vargas, Gloria",36,Santa Marta,2135783842
7744,"Campos Mendez, Melissa",77,Valledupar,3582924643
7745,"Rios Romero, Fabian",21,Popayan,5034251144
7746,"Avila Moreno, Gustavo",55,San Jose del Guaviare,3801388345
7747,"Navarro Trujillo, Roberto",76,Mocoa,6013125246
7748,"Nieto Cardenas, Sebastian",48,Santa Marta,2790983847
7749,"Padilla Sandoval, Francisco",28,Pasto,6236414948
7750,"Ochoa Gallego, Melissa",60,Neiva,2771159749
7751,"Mendoza Martinez, Juan",39,Ibague,3912055650
7752,"Estrada Dominguez, Raul",28,Pasto,1624078251
7753,"Rubio Camacho, Juan",66,Monteria,5536146452
7754,"Guzmán Sandoval, Andrea",80,Barrancabermeja,3751185253
7755,"Torres Gonzalez, Hernan",55,Cucuta,6486362954
7756,"Fuentes Cano, Juliana",63,Puerto Carreno,1157365855
7757,"Parra Mendoza, Diana",61,Medellin,6923677656
7758,"Figueroa Romero, Gabriel",72,Leticia,6375490057
7759,"Morales Camacho, Felipe",71,Medellin,8821016058
7760,"Padilla Becerra, Melissa",45,Bogota,5930678059
7761,"Acosta Espinoza, Alejandro",61,Riohacha,8998117560
7762,"Padilla Escobar, Victor",32,Valledupar,6050849261
7763,"Vega Ibarra, Sebastian",56,Neiva,1825592962
7764,"Vega Rojas, Oscar",80,Arauca,6539586563
7765,"Ponce Ruiz, Angela",35,Soacha,5640023164
7766,"Sandoval Villanueva, Rosa",22,Buenaventura,5960639765
7767,"Avila Peralta, Mario",45,Leticia,4868098166
7768,"Vargas Palacios, Tomas",20,Pasto,3482427867
7769,"Vega Morales, Alfredo",32,Cartagena,8313966668
7770,"Pena Maldonado, Roberto",77,Palmira,2170634269
7771,"Gomez Trujillo, Hernan",25,Puerto Carreno,2115979770
7772,"Fuente Vega, Angela",79,Bogota,3273999071
7773,"Vergara Cano, Esperanza",62,Popayan,5623597272
7774,"Salinas Delgado, Alfredo",19,Neiva,1036661173
7775,"Molina Delgado, Luis Miguel",21,Florencia,3804778774
7776,"Estrada Bustos, Andres Felipe",75,Mitu,3572080275
7777,"Leon Suarez, Adriana",32,Palmira,9649445076
7778,"Silva Cabrera, Luis",21,Barrancabermeja,6661983377
7779,"Padilla Pena, Maria",67,Bogota,6562709078
7780,"Lugo Palacios, Nicolas",56,Cucuta,8889897679
7781,"Cortez Lopez, Angela",47,Armenia,3063569780
7782,"Fuente Moreno, Alejandro",79,Soledad,1596636281
7783,"Nieto Acosta, Sofia",64,Saravena,6043531982
7784,"Coronel Cabrera, Francisco",59,Cali,8416906183
7785,"Espinoza Lugo, Claudia",75,Soledad,3440278384
7786,"Jimenez Gutierrez, Melissa",38,Valledupar,5186788285
7787,"Carrillo Rojas, Rosa",40,Neiva,6898595686
7788,"Gallego Cardenas, Martha",63,Riohacha,1729223687
7789,"Fuentes Tapia, Hernan",21,Yopal,5443297788
7790,"Avila Aguilar, Rodrigo",29,Mitu,1748953989
7791,"Sanchez Peralta, Angela",26,Sincelejo,1706415490
7792,"Moreno Zamora, Julio",75,Arauca,8649729891
7793,"Alvarez Delgado, Hernan",79,Cali,3365468792
7794,"Perez Gonzalez, Luis Miguel",44,Cali,8470483193
7795,"Soto Ochoa, Beatriz",69,Yopal,7010693394
7796,"Acosta Vega, Andrea",28,Envigado,3806363495
7797,"Alvarado Vásquez, Yolanda",78,Sincelejo,7427831096
7798,"Soto Palacios, Esteban",48,Inirida,5523862497
7799,"Coronel Vega, Alfredo",75,Tunja,9649299798
7800,"Barrera Blanco, Maria Jose",38,Medellin,9773656899
7801,"Campos Jimenez, Fabian",21,Tunja,2467922800
7802,"Cortez Villanueva, Felipe",48,Neiva,1468933001
7803,"Delgado Salinas, Jorge",24,Arauca,1599076202
7804,"Morales Lugo, Arturo",54,Valledupar,7341895503
7805,"Mendoza Lugo, Javier",65,Riohacha,2749460704
7806,"Gutierrez Contreras, Cristina",18,Pereira,3213818105
7807,"Miranda Fuente, Luisa",45,Saravena,2177380606
7808,"Valdez Gutierrez, Andres Felipe",79,Medellin,9713429407
7809,"Osorio Cardenas, Sebastian",34,Floridablanca,4826640208
7810,"Bravo Navarro, Paula",80,Barranquilla,4012926109
7811,"Naranjo Osorio, Alicia",23,Bucaramanga,9639567510
7812,"Flores Rojas, Alejandra",21,Neiva,5943276011
7813,"Salinas Guerrero, Alfredo",27,Bello,3299492812
7814,"Silva Velasquez, Pedro",76,Leticia,5239643013
7815,"Bustos Palacios, Ana Maria",55,San Jose del Guaviare,7515218014
7816,"Ramirez Delgado, Paola",18,Yopal,9295972415
7817,"Morales Cano, Jorge",25,Itagui,1140690716
7818,"Osorio Herrera, Jorge",61,Quibdo,9474479117
7819,"Campos Meza, Sergio",31,Neiva,3198141218
7820,"Montes Sanchez, Pilar",28,San Jose del Guaviare,4671518819
7821,"Gonzalez Vásquez, Ramon",60,Ibague,2557883220
7822,"Lopez Soto, Juan",34,Itagui,3758361021
7823,"Guerrero Pena, Pablo",56,Barrancabermeja,7863509322
7824,"Gonzalez Blanco, Luisa",42,Barranquilla,2621158723
7825,"Vega Carrillo, Jorge",35,Ibague,4679697324
7826,"Ruiz Carrillo, Teresa",44,Yopal,6525478425
7827,"Velasquez Pena, Patricia",63,Cartagena,9080192626
7828,"Alvarez Valdez, Martha",26,Barrancabermeja,3624752827
7829,"Contreras Medina, Mario",35,Soacha,4653013628
7830,"Mendez Espinoza, Alejandra",46,Monteria,8670923529
7831,"Campos Miranda, Susana",38,Barranquilla,6401294930
7832,"Silva Gutierrez, Esteban",43,Villavicencio,6291103931
7833,"Rivera Diaz, Adriana",46,Armenia,6302236032
7834,"Salinas Becerra, Andres Felipe",25,Valledupar,6734872733
7835,"Lopez Peralta, Mauricio",50,Riohacha,5055174434
7836,"Pena Flores, Silvia",20,Soledad,4611916935
7837,"Serrano Torres, Cesar",29,Soacha,9688009536
7838,"Ramirez Ramos, Julio",20,Cartagena,6595792137
7839,"Naranjo Zamora, Sandra",50,Cali,6419743438
7840,"Morales Muñoz, Luis",51,Villavicencio,3385633339
7841,"Morales Molina, Ivan",32,Envigado,2574650140
7842,"Rodriguez Soto, Raul",48,Riohacha,7194984841
7843,"Vega Ibarra, Maria Clara",22,Saravena,3039408942
7844,"Valencia Osorio, Andres",26,Bucaramanga,8533101443
7845,"Avila Sanchez, Daniela",35,Monteria,3345176844
7846,"Leon Figueroa, David",69,Saravena,3971028345
7847,"Diaz Naranjo, Raul",21,Cartagena,2040081146
7848,"Mendez Delgado, Ignacio",37,Tunja,6441393747
7849,"Contreras Valdez, Angela",71,Sincelejo,3136145048
7850,"Guzmán Bustos, Juliana",33,Valledupar,4415229849
7851,"Fuente Salinas, Ivan",69,Florencia,8302720850
7852,"Arias Montes, Alicia",26,Sincelejo,4954261851
7853,"Rodriguez Molina, Andres Felipe",31,Itagui,1458319152
7854,"Alvarez Velasquez, Rodrigo",48,Bucaramanga,9037822353
7855,"Soto Romero, Gustavo",54,Envigado,4445997054
7856,"Sandoval Rivera, Adriana",66,Florencia,8658329855
7857,"Ortiz Meza, Esperanza",57,Cali,5512618256
7858,"Mendoza Bravo, Javier",52,Sincelejo,8875350757
7859,"Ochoa Carrillo, Javier",60,Saravena,1164315958
7860,"Rubio Becerra, Gloria",71,Barrancabermeja,8150066359
7861,"Rivera Vergara, Carmen",63,Manizales,2818895660
7862,"Delgado Fuentes, Adriana",43,Pereira,2532689861
7863,"Vásquez Cortez, Miguel",25,Pasto,3428542762
7864,"Garcia Palacios, Arturo",69,Inirida,8174680363
7865,"Trujillo Bravo, Irene",58,Barrancabermeja,6021401264
7866,"Espinoza Fuentes, Enrique",76,Florencia,5059187365
7867,"Valdez Osorio, Angela",73,Santa Marta,3840877366
7868,"Carrillo Contreras, Isabella",73,Cucuta,4827188667
7869,"Núñez Vergara, Juan",39,Bogota,5866580868
7870,"Lugo Campos, Antonio",53,Barrancabermeja,3728225569
7871,"Campos Maldonado, Luis Miguel",62,Manizales,2091245670
7872,"Sanchez Sandoval, Camila",45,San Jose del Guaviare,7487303871
7873,"Navarro Morales, Fabian",19,Saravena,3354304172
7874,"Suarez Cruz, Lorena",49,Soledad,8712187273
7875,"Figueroa Miranda, Catalina",72,Cali,2251098674
7876,"Coronel Diaz, Ivan",37,Mitu,9171722375
7877,"Vásquez Lugo, Adriana",63,Soacha,9610557476
7878,"Nieto Martinez, Pilar",26,Medellin,9337296577
7879,"Moreno Padilla, Susana",67,Envigado,9019351978
7880,"Alvarado Rubio, Mauricio",62,Cucuta,2952665279
7881,"Alvarez Fuentes, Javier",21,Barranquilla,1276845880
7882,"Serrano Romero, Lorena",31,Barranquilla,8838746281
7883,"Maldonado Ponce, Monica",46,Itagui,4049816382
7884,"Trujillo Cortez, Felipe",59,Cartagena,8411838183
7885,"Jimenez Barrera, Carmen",80,Valledupar,8430505284
7886,"Blanco Acosta, Susana",51,Villavicencio,4321918685
7887,"Jimenez Padilla, Ana",63,Leticia,6742069086
7888,"Ramos Cabrera, Carlos",26,Neiva,6093414387
7889,"Diaz Martinez, Cesar",79,Pasto,3425177388
7890,"Carrillo Rubio, Lorena",56,Inirida,4357546289
7891,"Muñoz Mendez, Isabella",80,Cali,5212419390
7892,"Contreras Arias, Rosa",57,Puerto Carreno,1182998591
7893,"Vergara Gonzalez, Andrea",21,San Jose del Guaviare,4888353092
7894,"Escobar Bustos, Sofia",53,Floridablanca,5967137893
7895,"Fuente Leon, Sandra",25,Puerto Carreno,9522378094
7896,"Garcia Dominguez, Ivan",51,Sincelejo,3341861495
7897,"Figueroa Núñez, Ernesto",65,Tunja,7631684596
7898,"Naranjo Delgado, Tomas",53,Barrancabermeja,9306831897
7899,"Suarez Molina, Ana",24,Mitu,6903696698
7900,"Acosta Silva, Valentina",36,Mocoa,4895789199
7901,"Romero Figueroa, Mauricio",20,Cucuta,8386632700
7902,"Sanchez Peralta, Lina",65,Cucuta,2410615301
7903,"Gallego Rios, Diego",46,Tunja,7706972202
7904,"Arias Ramos, Andres Felipe",77,Tunja,1884000703
7905,"Rojas Naranjo, Lorena",21,Palmira,2697777404
7906,"Vásquez Ortiz, Gustavo",36,Palmira,5525454105
7907,"Herrera Rubio, Elena",19,Bucaramanga,3008998006
7908,"Gomez Acosta, Ana Maria",38,Inirida,6738911407
7909,"Jimenez Gutierrez, Rafael",71,Neiva,3470214908
7910,"Alvarado Torres, Mauricio",58,Inirida,9893828109
7911,"Leon Barrera, Luis Miguel",60,Cali,3834421310
7912,"Navarro Pena, Paula",19,Tunja,7459870511
7913,"Ruiz Gutierrez, Lina",76,Bucaramanga,6744122612
7914,"Rubio Estrada, Rosa",35,Sincelejo,3963735413
7915,"Gonzalez Peralta, Ricardo",30,Armenia,6396611814
7916,"Gallego Ramirez, Natalia",29,San Jose del Guaviare,5215368115
7917,"Ponce Vásquez, Ana Maria",47,Floridablanca,3131199316
7918,"Cano Martinez, Melissa",65,Cali,6481567017
7919,"Cruz Cabrera, Fernando",65,Pasto,3425883918
7920,"Escobar Cano, Eduardo",54,Cali,5438604119
7921,"Castillo Aguilar, Lorena",62,Yopal,6973866220
7922,"Campos Martinez, Ivan",60,Pasto,5968497821
7923,"Rios Ortiz, Gloria",72,Cartagena,2908626722
7924,"Valencia Flores, Esperanza",53,Barranquilla,5223635923
7925,"Ramos Gonzalez, Valentina",58,Buenaventura,3767548424
7926,"Rivera Figueroa, Irene",46,Ibague,7623123525
7927,"Avila Naranjo, Claudia",32,Riohacha,1428160226
7928,"Romero Moreno, Cristina",39,Pereira,8768537127
7929,"Suarez Sanchez, Silvia",19,Mitu,9476297228
7930,"Perez Vega, Rocio",56,Floridablanca,9701259529
7931,"Valencia Suarez, Paula",39,Tunja,6191103830
7932,"Silva Garcia, Carmen",48,Pereira,8182713131
7933,"Padilla Ponce, Oscar",73,Valledupar,7941723032
7934,"Vergara Ponce, Sofia",19,Pereira,8483480033
7935,"Morales Camacho, Beatriz",64,Leticia,6844489134
7936,"Alvarez Meza, Patricia",42,Buenaventura,2849413635
7937,"Vargas Medina, Helena",29,Soacha,3092099936
7938,"Ramirez Cabrera, David",77,Tunja,8908913537
7939,"Flores Lugo, Rodrigo",73,Armenia,7937932438
7940,"Salinas Estrada, Ana Maria",18,Cali,5341908939
7941,"Maldonado Estrada, Juan Pablo",53,Puerto Carreno,3747873940
7942,"Rios Rubio, Hector",46,Floridablanca,7438013241
7943,"Maldonado Osorio, Hernan",33,Mocoa,6550678942
7944,"Navarro Salazar, Carlos",68,Bogota,3651061943
7945,"Castillo Sanchez, Cesar",20,Armenia,9729710144
7946,"Diaz Herrera, Raul",66,Pereira,9683706845
7947,"Suarez Gutierrez, Sandra",30,Tunja,1919918446
7948,"Morales Miranda, Monica",48,Manizales,7658451947
7949,"Gonzalez Herrera, Esteban",29,Pasto,7738819148
7950,"Vega Jimenez, Marcela",60,Florencia,8699357149
7951,"Morales Martinez, Ana",21,Mitu,6269669550
7952,"Ortiz Molina, Lina",76,Bogota,4879560651
7953,"Soto Salazar, Ana",59,Ibague,1362761352
7954,"Soto Gomez, Pedro",56,Popayan,7744096753
7955,"Avila Espinoza, Felipe",63,Floridablanca,5414211554
7956,"Contreras Muñoz, Luis",80,Mocoa,2581426755
7957,"Navarro Medina, Fernando",18,Arauca,1583486856
7958,"Serrano Gonzalez, Mauricio",25,Leticia,2059287357
7959,"Mendoza Miranda, Blanca",31,Armenia,9382581558
7960,"Vásquez Escobar, Laura",46,Yopal,5748804059
7961,"Coronel Molina, Fabian",71,Manizales,5739880060
7962,"Guzmán Bravo, Angela",73,Envigado,2089461861
7963,"Avila Sanchez, Teresa",35,Manizales,1206800262
7964,"Acosta Alvarado, Paula",72,Arauca,6751450863
7965,"Gonzalez Guerrero, Luisa",36,Bogota,3176284764
7966,"Camacho Cano, Andres Felipe",42,Yopal,8902800065
7967,"Figueroa Campos, Fabian",23,Barranquilla,3891800966
7968,"Gonzalez Pena, David",65,Saravena,8059319567
7969,"Cardenas Vásquez, Oscar",45,San Jose del Guaviare,8610872068
7970,"Flores Bravo, Pablo",66,Cucuta,7970650669
7971,"Palacios Guzmán, Luis",77,Cartagena,9287860370
7972,"Suarez Padilla, Ricardo",74,Santa Marta,8373727871
7973,"Acosta Palacios, Ramon",41,Bucaramanga,4896300772
7974,"Dominguez Bustos, Julio",23,Bucaramanga,6617047373
7975,"Bustos Camacho, Gustavo",24,Inirida,7455705674
7976,"Parra Ibarra, Diego",36,Sincelejo,5993788675
7977,"Peralta Estrada, Catalina",32,Monteria,7677998476
7978,"Lugo Vargas, Diego",35,Popayan,5290424377
7979,"Lugo Pena, Cristina",31,Mocoa,5364885178
7980,"Molina Camacho, Esteban",36,Puerto Carreno,2391739479
7981,"Velasquez Coronel, Diego",71,Barranquilla,6693693480
7982,"Fuente Mendoza, Alicia",26,Bello,9617191581
7983,"Cortez Zamora, Enrique",31,Puerto Carreno,9509476982
7984,"Fuente Romero, Raul",18,Arauca,1682561783
7985,"Lopez Gonzalez, Natalia",34,Monteria,4910259884
7986,"Miranda Maldonado, Nicolas",44,Popayan,4152712885
7987,"Medina Mora, Lorena",63,Cucuta,3904119786
7988,"Fuentes Diaz, Beatriz",38,Itagui,2303335187
7989,"Soto Palacios, Victor",40,Leticia,8387158388
7990,"Vergara Gonzalez, Yolanda",38,Mocoa,1263985589
7991,"Carrillo Palacios, Ana Maria",49,Soledad,2764366790
7992,"Leon Meza, Diego",48,Villavicencio,6709104291
7993,"Contreras Mora, Mariana",71,Arauca,1667878992
7994,"Dominguez Carrillo, Nicolas",20,Buenaventura,5712643793
7995,"Gallego Carrillo, Diana",68,Soacha,3182418094
7996,"Camacho Ruiz, Lorena",77,Mocoa,9328054495
7997,"Ramos Garcia, Laura",28,Monteria,7495867796
7998,"Leon Contreras, Antonio",34,Soledad,8995823697
7999,"Tapia Ponce, Nicolas",73,Barranquilla,1495492898
8000,"Zamora Diaz, Ivan",40,Barranquilla,6343957499
8001,"Maldonado Mora, Alejandra",22,Medellin,3802667700
8002,"Fuentes Moreno, Pablo",49,Pereira,3452646301
8003,"Guerrero Lara, Teresa",50,Neiva,9100643502
8004,"Alvarez Rivera, Fabian",58,Barrancabermeja,8304357903
8005,"Osorio Ramos, Maria Jose",27,Yopal,6782398504
8006,"Peralta Villanueva, Julio",47,Pasto,7595628605
8007,"Diaz Medina, Victor",22,Leticia,3325114306
8008,"Estrada Fuentes, Luis Miguel",27,Villavicencio,4348988207
8009,"Garcia Flores, Javier",61,San Jose del Guaviare,9119036808
8010,"Miranda Reyes, Esteban",75,Envigado,2114976909
8011,"Barrera Martinez, Diana",80,Itagui,9000216310
8012,"Perez Acosta, Carlos",72,Florencia,8849238111
8013,"Campos Rubio, Cristina",49,Saravena,8756191912
8014,"Salazar Garcia, Ana Maria",49,Manizales,3523977813
8015,"Salazar Torres, Cristina",46,Pereira,8314527814
8016,"Guerrero Moreno, Susana",30,Cali,1650320515
8017,"Alvarado Gallego, Francisco",78,Bucaramanga,3753285516
8018,"Lopez Avila, Cristina",53,Santa Marta,5325666217
8019,"Martinez Bravo, Elena",29,Medellin,6639960518
8020,"Trujillo Barrera, Hernan",27,Palmira,7838430419
8021,"Herrera Arias, Juan",61,Barrancabermeja,2155759620
8022,"Parra Zamora, Elena",61,Bogota,6101742521
8023,"Ponce Silva, Laura",30,Soledad,7246483922
8024,"Navarro Figueroa, Rocio",46,Saravena,9590197823
8025,"Castillo Medina, Sandra",58,Bucaramanga,1026727124
8026,"Valencia Cabrera, Mariana",66,Mocoa,9242953725
8027,"Guerrero Valencia, Manuel",62,Arauca,1424329726
8028,"Barrera Escobar, Felipe",74,Popayan,9808764227
8029,"Ponce Ramirez, Mario",55,Cali,2676019528
8030,"Gutierrez Perez, Ricardo",54,Bello,8815940129
8031,"Vega Cano, Yolanda",21,Popayan,2800693830
8032,"Cruz Maldonado, Cristina",53,Soledad,5097434831
8033,"Vergara Rojas, Maria Clara",63,Buenaventura,8007860632
8034,"Guerrero Villanueva, Gabriel",69,Barrancabermeja,8521910433
8035,"Cano Meza, Sofia",78,Saravena,9037173634
8036,"Valdez Zamora, Eduardo",60,Valledupar,8950077235
8037,"Velasquez Morales, Raul",47,Santa Marta,2027728636
8038,"Velasquez Campos, Nora",34,Valledupar,3791858637
8039,"Tapia Dominguez, Monica",76,San Jose del Guaviare,8349406938
8040,"Mendez Valdez, Jorge",74,Puerto Carreno,3568032139
8041,"Parra Delgado, Hernan",54,Yopal,8384957840
8042,"Cabrera Naranjo, Valentina",31,Cartagena,9468111441
8043,"Navarro Valdez, David",25,Pereira,2351817342
8044,"Alvarez Morales, Silvia",21,Barrancabermeja,7343871943
8045,"Diaz Avila, Beatriz",48,Ibague,7514158244
8046,"Meza Cardenas, Diego",51,Barranquilla,6515885345
8047,"Garcia Bravo, Gloria",36,Arauca,4161338546
8048,"Bravo Alvarez, Daniela",21,Bogota,2591478847
8049,"Silva Jimenez, Cesar",68,Ibague,7077216948
8050,"Vásquez Villanueva, Patricia",43,Inirida,8286588449
8051,"Mora Garcia, Javier",66,Manizales,7136692250
8052,"Dominguez Serrano, Luis Miguel",20,Riohacha,3476491251
8053,"Ochoa Sanchez, Melissa",30,Mitu,6837202752
8054,"Vega Romero, Javier",61,Puerto Carreno,7897332553
8055,"Ibarra Aguilar, Alfredo",51,Floridablanca,6741963954
8056,"Pena Navarro, Eduardo",78,Santa Marta,3262042555
8057,"Peralta Castillo, Carmen",58,Sincelejo,5907518456
8058,"Coronel Delgado, Natalia",32,Saravena,6775621457
8059,"Guerrero Aguilar, Juan Pablo",21,Leticia,8973851058
8060,"Núñez Reyes, Ricardo",41,Cartagena,7638967259
8061,"Meza Sandoval, Pilar",78,Pasto,4483178660
8062,"Carrillo Alvarado, Luis Miguel",33,Mitu,9488400361
8063,"Ruiz Estrada, Rosa",54,Bucaramanga,9959856062
8064,"Cortez Becerra, Raul",21,Villavicencio,9455577263
8065,"Pena Reyes, Alicia",29,Cartagena,4167710864
8066,"Valdez Rios, David",73,Barranquilla,4136355065
8067,"Molina Ibarra, Fabian",66,San Jose del Guaviare,7349721466
8068,"Flores Avila, Maria Jose",70,Bucaramanga,3918420467
8069,"Lara Garcia, Ramon",33,Leticia,5891533468
8070,"Alvarado Gutierrez, Catalina",38,Sincelejo,8217489869
8071,"Ochoa Soto, Paola",62,Manizales,2338920770
8072,"Alvarado Figueroa, Melissa",30,Bucaramanga,5111024371
8073,"Becerra Rios, Fabian",19,Soledad,8786675972
8074,"Montes Suarez, Paula",76,Armenia,4486379373
8075,"Herrera Guerrero, Esteban",37,Barranquilla,2402231374
8076,"Lugo Serrano, Andrea",27,Bogota,3454874275
8077,"Vega Martinez, Ernesto",58,Ibague,1516418076
8078,"Ruiz Acosta, Rocio",60,Envigado,3939658277
8079,"Diaz Peralta, Susana",27,Bucaramanga,4569337678
8080,"Figueroa Moreno, Gabriel",40,Arauca,5530304079
8081,"Dominguez Núñez, Patricia",55,Neiva,6378046680
8082,"Gutierrez Molina, Valentina",78,Saravena,1255223881
8083,"Escobar Ortiz, Pedro",77,Leticia,5290885082
8084,"Miranda Ramirez, Hector",45,Itagui,6247191683
8085,"Salazar Lopez, Maria Jose",18,Puerto Carreno,1656693284
8086,"Escobar Vásquez, Sebastian",54,Barrancabermeja,5827865385
8087,"Escobar Rivera, Gustavo",39,Sincelejo,6688633886
8088,"Ramirez Peralta, Tomas",19,Bello,4633943987
8089,"Torres Cruz, Camila",20,Buenaventura,1488678088
8090,"Miranda Guzmán, Fabian",39,Mocoa,5012613489
8091,"Arias Herrera, Antonio",21,Neiva,6403486790
8092,"Padilla Coronel, Ignacio",53,Medellin,9147879891
8093,"Contreras Vergara, Patricia",71,Barrancabermeja,8112219192
8094,"Fuente Torres, David",26,Bucaramanga,6735478993
8095,"Núñez Padilla, Fernando",44,Bogota,9538951494
8096,"Leon Torres, Mauricio",33,Mocoa,7632011395
8097,"Ponce Ortiz, Blanca",51,Soacha,4300958096
8098,"Herrera Dominguez, Alejandro",47,Inirida,7537631497
8099,"Mendoza Acosta, Daniela",72,Mitu,9653602498
8100,"Osorio Pena, Ivan",77,Buenaventura,3132890299
8101,"Alvarado Martinez, Catalina",29,Floridablanca,2533626600
8102,"Zamora Coronel, Elena",67,Bello,1035481301
8103,"Tapia Parra, Ignacio",65,Ibague,3041414002
8104,"Torres Vega, Sergio",59,Bogota,4208355403
8105,"Avila Martinez, Tomas",79,Monteria,2306089604
8106,"Acosta Dominguez, Helena",78,Florencia,8529527905
8107,"Blanco Castillo, Sandra",38,Sincelejo,2941046806
8108,"Gomez Ponce, Patricia",48,Ibague,3337875007
8109,"Rios Dominguez, Lorena",74,Palmira,7069118308
8110,"Rios Peralta, Pedro",53,Cartagena,7878488209
8111,"Barrera Nieto, Miguel",47,Armenia,3219566710
8112,"Medina Fuente, Hugo",31,Manizales,1010049711
8113,"Mendoza Lara, Juan",63,San Jose del Guaviare,6492210912
8114,"Garcia Salinas, Carmen",37,Envigado,8220373813
8115,"Martinez Ruiz, Yolanda",18,Yopal,7766984814
8116,"Moreno Vásquez, Jorge",56,Soledad,1920667015
8117,"Miranda Herrera, Elena",69,Soledad,2859299916
8118,"Muñoz Maldonado, Ramon",41,Soledad,9319499217
8119,"Ponce Montes, Paula",55,Buenaventura,1069509318
8120,"Fuentes Martinez, Melissa",44,Soacha,4970196219
8121,"Alvarado Mendez, Esperanza",51,Bucaramanga,6526057520
8122,"Diaz Lara, Esteban",68,Riohacha,5314203621
8123,"Campos Trujillo, Alejandra",39,Inirida,2750205022
8124,"Sanchez Alvarado, Pilar",38,Barrancabermeja,6033406623
8125,"Villanueva Flores, Isabella",57,Leticia,4331007324
8126,"Ortiz Morales, Diego",18,Armenia,7211728825
8127,"Bravo Carrillo, Ernesto",35,Pereira,2230371326
8128,"Alvarez Rios, Gloria",30,Mitu,8678213327
8129,"Martinez Avila, Cesar",65,Bucaramanga,8103070228
8130,"Trujillo Zamora, Gabriel",21,Itagui,7236339129
8131,"Valencia Valencia, Blanca",78,Medellin,1684903130
8132,"Escobar Moreno, Hugo",20,Barrancabermeja,5066959331
8133,"Avila Escobar, Melissa",43,Cali,2103936632
8134,"Navarro Vega, Mauricio",28,Cali,5153630833
8135,"Maldonado Meza, Isabella",18,Villavicencio,8298950034
8136,"Maldonado Mora, Roberto",33,Floridablanca,7731717035
8137,"Palacios Silva, Sandra",67,Bucaramanga,6444110936
8138,"Jimenez Diaz, Carlos",49,Bogota,5246812337
8139,"Alvarado Contreras, Tomas",25,Yopal,9790094838
8140,"Vásquez Ochoa, Natalia",38,Bello,3711457739
8141,"Salazar Blanco, Gloria",43,Puerto Carreno,1935115840
8142,"Cano Medina, Silvia",78,Soacha,9489877141
8143,"Becerra Velasquez, Sebastian",45,Sincelejo,4426401142
8144,"Cruz Rubio, Angela",52,Buenaventura,6544755643
8145,"Flores Ortiz, Fabian",40,Envigado,8643492844
8146,"Ramirez Mendoza, Elena",18,Soledad,3814015445
8147,"Ramirez Campos, Sergio",60,Arauca,8769911746
8148,"Cano Campos, Juan",53,Armenia,8345155347
8149,"Guzmán Rojas, Rodrigo",30,Armenia,4777735048
8150,"Mendoza Figueroa, Hector",53,Mocoa,2424823549
8151,"Guerrero Muñoz, Lina",75,Barrancabermeja,2592100050
8152,"Zamora Ramos, Sergio",30,Puerto Carreno,5469650151
8153,"Rios Estrada, Francisco",68,Buenaventura,8547629552
8154,"Valdez Blanco, Maria Clara",34,Valledupar,3986095553
8155,"Jimenez Montes, Silvia",41,Soacha,4970798254
8156,"Ochoa Cabrera, Esteban",68,Floridablanca,4960536255
8157,"Ruiz Escobar, Helena",26,Arauca,5412638956
8158,"Villanueva Rubio, Mariana",49,Manizales,5874442657
8159,"Meza Serrano, Roberto",37,Buenaventura,2751047458
8160,"Gallego Estrada, Lina",53,Floridablanca,9264597759
8161,"Guerrero Vega, Nicolas",30,Soacha,8923543560
8162,"Medina Montes, Alfredo",37,Mocoa,4590770761
8163,"Arias Cano, Francisco",23,Yopal,7015563862
8164,"Soto Cabrera, Enrique",48,Valledupar,3456917163
8165,"Jimenez Vásquez, Marcela",23,Monteria,4502008364
8166,"Lopez Flores, Marcela",22,Barranquilla,8764342965
8167,"Maldonado Medina, Blanca",43,Cucuta,7606492166
8168,"Acosta Miranda, Alejandro",27,Itagui,1095947667
8169,"Espinoza Cruz, Victor",50,Soledad,8298504868
8170,"Alvarado Rubio, Maria Clara",26,Valledupar,7947242569
8171,"Montes Vega, Gustavo",24,Bello,9851717070
8172,"Ruiz Barrera, Pablo",21,Cali,8242519271
8173,"Lara Mendez, Antonio",40,Riohacha,9517800072
8174,"Navarro Osorio, Ana",45,Floridablanca,3560676373
8175,"Jimenez Castillo, Luisa",37,Barranquilla,3968187874
8176,"Leon Rios, Gloria",31,Santa Marta,7391918475
8177,"Mora Diaz, Paola",21,Bucaramanga,1767312476
8178,"Trujillo Bravo, Blanca",71,Popayan,6156962077
8179,"Vega Lara, Daniela",49,Sincelejo,2889748078
8180,"Cortez Camacho, Esteban",63,Popayan,8210885279
8181,"Soto Parra, Antonio",59,Monteria,3378468780
8182,"Navarro Silva, Ana",56,Sincelejo,6684257881
8183,"Velasquez Naranjo, Mauricio",56,Sincelejo,1632136382
8184,"Becerra Diaz, Mariana",40,Saravena,5686376283
8185,"Camacho Becerra, Ramon",33,Cali,7472767984
8186,"Dominguez Palacios, Marcela",25,Quibdo,7068189685
8187,"Escobar Figueroa, Teresa",77,Mitu,1125485086
8188,"Ramirez Peralta, Luis Miguel",18,Bello,7109122787
8189,"Serrano Ibarra, Luis Miguel",44,Arauca,9388678288
8190,"Suarez Cruz, Helena",66,Florencia,9650451189
8191,"Zamora Alvarez, Claudia",79,Soacha,6073262590
8192,"Reyes Cano, Isabella",69,Tunja,1571872391
8193,"Arias Ruiz, Felipe",77,Monteria,2796119092
8194,"Valencia Alvarez, Carmen",68,Bogota,1954469593
8195,"Serrano Osorio, Maria",73,Barranquilla,6214898694
8196,"Muñoz Naranjo, Nicolas",36,Buenaventura,4399200395
8197,"Lara Navarro, Eduardo",69,Pereira,6033472396
8198,"Bustos Trujillo, Diana",49,Soacha,6949505297
8199,"Ramos Contreras, Francisco",46,Florencia,8383711898
8200,"Meza Guerrero, Paola",49,Bogota,2980974799
8201,"Zamora Padilla, Gustavo",40,Bello,7696909600
8202,"Mora Trujillo, Rosa",77,San Jose del Guaviare,1321712401
8203,"Trujillo Cardenas, Victor",27,Manizales,9884234702
8204,"Acosta Gonzalez, Esteban",25,Envigado,6480225803
8205,"Jimenez Bravo, Sandra",76,Leticia,5172978804
8206,"Moreno Vergara, Ramon",20,Puerto Carreno,2519322805
8207,"Vargas Ramirez, Enrique",79,Cartagena,3808918006
8208,"Flores Delgado, Ana Maria",30,Soacha,4665113407
8209,"Muñoz Mendoza, Rafael",50,Sincelejo,5301223108
8210,"Campos Cortez, Francisco",43,Barrancabermeja,2099780509
8211,"Rivera Torres, Ana",48,Popayan,3417158810
8212,"Flores Guzmán, Sandra",52,Palmira,6957533611
8213,"Peralta Acosta, Ana Maria",26,Barranquilla,1112801012
8214,"Naranjo Avila, Cristina",38,Pereira,9691714513
8215,"Sandoval Dominguez, Natalia",47,Neiva,8950998714
8216,"Osorio Suarez, Manuel",61,Cali,2083093515
8217,"Aguilar Gutierrez, Laura",64,Yopal,5017373416
8218,"Mora Espinoza, Pedro",60,Itagui,1020748917
8219,"Herrera Acosta, Alejandro",35,Popayan,4562317118
8220,"Fuente Carrillo, Carlos",37,Medellin,8039224719
8221,"Blanco Valencia, Francisco",52,Palmira,3702815820
8222,"Castillo Ponce, Irene",18,Manizales,3752696721
8223,"Carrillo Espinoza, Victor",64,Mocoa,7383992322
8224,"Pena Ortiz, Gustavo",63,Itagui,1102430723
8225,"Rivera Vergara, Beatriz",69,Mocoa,6409200024
8226,"Ibarra Martinez, Miguel",58,Florencia,5320417925
8227,"Lara Meza, Monica",45,Florencia,5098887826
8228,"Guerrero Bustos, Esperanza",46,Bucaramanga,5089076727
8229,"Torres Diaz, Yolanda",70,Medellin,9430108028
8230,"Perez Suarez, Oscar",34,Pasto,9561125029
8231,"Gutierrez Valdez, Rafael",53,Arauca,6910650430
8232,"Reyes Cano, Pilar",59,Quibdo,1199916631
8233,"Cabrera Muñoz, Hector",19,Quibdo,4223238532
8234,"Tapia Muñoz, Sofia",20,Santa Marta,9238728733
8235,"Padilla Meza, Paola",41,Popayan,5995316534
8236,"Zamora Núñez, Rodrigo",68,Saravena,8770081235
8237,"Ibarra Guzmán, Luis Miguel",54,Itagui,7122260536
8238,"Ochoa Blanco, Juan",19,Leticia,8257418337
8239,"Tapia Alvarado, Marcela",70,Envigado,1401559938
8240,"Dominguez Guzmán, Maria",47,Cali,2125386739
8241,"Pena Cabrera, Fabian",70,Leticia,3898099640
8242,"Coronel Castillo, Miguel",54,Floridablanca,5566923141
8243,"Ibarra Cardenas, Ricardo",19,Riohacha,7696202042
8244,"Alvarez Escobar, Rosa",48,San Jose del Guaviare,9526226143
8245,"Soto Blanco, Gabriel",66,Mitu,9793365944
8246,"Cabrera Becerra, Andres",66,Bello,6947609745
8247,"Aguilar Silva, Hernan",21,Barrancabermeja,2242257946
8248,"Maldonado Zamora, Gloria",55,Manizales,1692498247
8249,"Muñoz Núñez, Gloria",43,Quibdo,9551370848
8250,"Padilla Herrera, Luis",56,Riohacha,9759387549
8251,"Mora Vega, Lorena",20,Puerto Carreno,6557793450
8252,"Vega Ruiz, Ernesto",25,Floridablanca,5180336151
8253,"Mendoza Trujillo, Ramon",69,Pereira,9896075252
8254,"Padilla Osorio, Helena",78,Cartagena,1530438353
8255,"Delgado Maldonado, Andrea",53,Envigado,5938168554
8256,"Moreno Gallego, Miguel",67,Pasto,1933604655
8257,"Alvarez Bustos, Ricardo",43,Santa Marta,3671059056
8258,"Barrera Estrada, Susana",67,Barranquilla,4978813757
8259,"Rios Jimenez, Carmen",41,Palmira,2509827958
8260,"Lopez Bustos, Miguel",34,Valledupar,7441722559
8261,"Gonzalez Ruiz, Mario",78,Riohacha,8139254760
8262,"Leon Contreras, Alfredo",45,Leticia,3397758461
8263,"Diaz Becerra, Paola",62,Puerto Carreno,9282460662
8264,"Valencia Ochoa, Ignacio",20,Buenaventura,9610617263
8265,"Barrera Osorio, Manuel",44,Pasto,9609515564
8266,"Palacios Moreno, Gabriel",29,Tunja,4126282965
8267,"Coronel Ochoa, Adriana",22,Pasto,5734014466
8268,"Castillo Coronel, Pilar",42,Cartagena,9204913967
8269,"Torres Cruz, Blanca",28,Saravena,5783917268
8270,"Espinoza Gomez, Juliana",61,Cucuta,3331864369
8271,"Gonzalez Muñoz, Alfredo",58,Popayan,2819421370
8272,"Serrano Gomez, Pilar",29,Riohacha,3090902171
8273,"Morales Vergara, Eduardo",18,Armenia,1546165672
8274,"Zamora Cabrera, Ana Maria",77,Pasto,9466981073
8275,"Velasquez Fuente, Mario",63,Cucuta,7554927474
8276,"Suarez Blanco, Hernan",62,Riohacha,5811339375
8277,"Ruiz Rios, Victor",24,Bello,1343875776
8278,"Rivera Ochoa, Helena",75,Yopal,1496234677
8279,"Avila Zamora, Nora",76,Buenaventura,6315857678
8280,"Alvarez Fuente, Andrea",24,Sincelejo,4394518779
8281,"Soto Morales, Helena",66,Neiva,6281756680
8282,"Cabrera Rios, Pilar",33,Popayan,2942146981
8283,"Diaz Palacios, Arturo",40,Monteria,4480008982
8284,"Ortiz Vergara, Enrique",60,Bello,4896247483
8285,"Muñoz Osorio, Mario",25,Monteria,5275555084
8286,"Gomez Becerra, Victor",68,Itagui,2398933985
8287,"Sandoval Cruz, Tomas",68,Monteria,2741724386
8288,"Vargas Fuente, Alejandro",25,Saravena,9462957087
8289,"Ortiz Escobar, Julio",59,Cartagena,4103407488
8290,"Bustos Salazar, Catalina",52,Quibdo,2614629489
8291,"Tapia Suarez, Enrique",27,Bucaramanga,9413240490
8292,"Ruiz Padilla, Roberto",25,Armenia,2567036491
8293,"Salazar Dominguez, Patricia",73,Pereira,9511439592
8294,"Pena Rodriguez, Alicia",78,Itagui,5868993093
8295,"Núñez Becerra, Ivan",50,Cucuta,7005183894
8296,"Tapia Vergara, Miguel",43,Pereira,3937017395
8297,"Nieto Espinoza, David",51,Pasto,5107296496
8298,"Osorio Gomez, Patricia",58,Mocoa,9886778797
8299,"Vásquez Silva, Luis",36,Puerto Carreno,4156379598
8300,"Leon Ochoa, Gustavo",63,Buenaventura,9767696399
8301,"Pena Reyes, Rodrigo",19,Monteria,8841002600
8302,"Ochoa Ruiz, Tomas",74,Soledad,1541890901
8303,"Diaz Trujillo, Ana Maria",37,Quibdo,6857697202
8304,"Rojas Perez, Paula",47,Inirida,4364244103
8305,"Vega Padilla, Diana",30,Ibague,7096391104
8306,"Maldonado Alvarado, Andres",79,Envigado,3081679405
8307,"Castillo Lopez, Marcela",54,Envigado,5629096806
8308,"Montes Montes, Lorena",62,Santa Marta,3839888607
8309,"Perez Montes, Rocio",79,Cartagena,5810133508
8310,"Salazar Medina, Sebastian",74,Quibdo,4992917809
8311,"Peralta Navarro, Eduardo",61,Medellin,6707614510
8312,"Ibarra Castillo, Ignacio",51,Pereira,7218549711
8313,"Ramos Alvarez, Mariana",33,Riohacha,8707126312
8314,"Medina Osorio, Blanca",38,Quibdo,2211427113
8315,"Gutierrez Padilla, Luisa",20,Soledad,5675226814
8316,"Mendez Barrera, Blanca",22,Monteria,3472243615
8317,"Maldonado Becerra, Luis Miguel",26,Quibdo,4863264016
8318,"Acosta Becerra, Alicia",34,Neiva,2901779917
8319,"Blanco Ponce, Ramon",31,Envigado,5311940918
8320,"Valdez Meza, Mario",36,Soledad,5871213219
8321,"Rivera Espinoza, Susana",18,Barrancabermeja,4381652720
8322,"Flores Suarez, Ivan",49,Yopal,5816908621
8323,"Perez Vergara, Ricardo",52,Cali,8047836122
8324,"Torres Gallego, Rosa",64,Villavicencio,6748261423
8325,"Osorio Sandoval, Gabriel",34,Leticia,9934643424
8326,"Naranjo Sandoval, Ernesto",20,Palmira,5687441025
8327,"Ochoa Leon, Lorena",69,San Jose del Guaviare,7830911126
8328,"Estrada Sandoval, Diana",29,Mitu,7909393427
8329,"Escobar Escobar, Julio",48,Soacha,2321347828
8330,"Rojas Bravo, Ana",71,Arauca,2758658129
8331,"Vásquez Vásquez, Andres",79,Soacha,8328952830
8332,"Valencia Sanchez, Angela",62,Mocoa,5875079531
8333,"Parra Mendoza, Antonio",40,Saravena,5037824332
8334,"Torres Lopez, Gustavo",36,Palmira,1814465833
8335,"Medina Rojas, Andres Felipe",58,Santa Marta,4972342534
8336,"Valencia Valdez, Sergio",77,Cucuta,8591478235
8337,"Romero Osorio, Tomas",70,Yopal,3626072936
8338,"Blanco Leon, Cesar",75,Soacha,6235763637
8339,"Perez Alvarado, Andres",18,Armenia,3259388638
8340,"Carrillo Valencia, Yolanda",59,Soacha,9285268139
8341,"Rojas Vargas, Fernando",43,Saravena,2806059740
8342,"Campos Herrera, Ricardo",79,Quibdo,4590242041
8343,"Miranda Vergara, Gloria",77,Manizales,8676096342
8344,"Aguilar Ibarra, Sebastian",80,Villavicencio,2119622743
8345,"Herrera Tapia, Lina",37,Manizales,6838997144
8346,"Lara Moreno, Melissa",21,Valledupar,4443600145
8347,"Gomez Nieto, Ana",70,Cucuta,9611430346
8348,"Espinoza Torres, Mariana",25,Bogota,8564002147
8349,"Fuente Ramirez, Paola",73,Medellin,8332492348
8350,"Alvarado Campos, Beatriz",54,Neiva,1087292349
8351,"Fuente Suarez, Laura",35,Manizales,6495739750
8352,"Soto Alvarado, Laura",66,Cucuta,5726521751
8353,"Villanueva Lopez, Nora",73,Arauca,4326554452
8354,"Cano Sandoval, Raul",71,Leticia,1570804353
8355,"Rubio Ortiz, Arturo",33,Pasto,1072360554
8356,"Pena Alvarez, Hernan",25,Mitu,8188474255
8357,"Vásquez Soto, Laura",23,Neiva,6761065656
8358,"Cabrera Sanchez, Pedro",23,Ibague,2269670857
8359,"Salazar Cortez, Raul",38,Riohacha,8226983058
8360,"Sanchez Torres, Miguel",28,Monteria,4077975859
8361,"Bravo Aguilar, Sandra",40,San Jose del Guaviare,6623608260
8362,"Gallego Pena, Rosa",55,Florencia,7552603661
8363,"Padilla Ramos, Yolanda",36,Valledupar,6073260362
8364,"Villanueva Núñez, Marcela",47,Villavicencio,6404756563
8365,"Pena Reyes, Raul",41,Cali,3554140264
8366,"Arias Palacios, Hector",67,Buenaventura,5605849265
8367,"Contreras Perez, Rosa",36,Puerto Carreno,1926326766
8368,"Trujillo Perez, Nicolas",34,Florencia,4303769167
8369,"Delgado Avila, Helena",55,Inirida,8120855068
8370,"Guzmán Carrillo, Fernando",79,Puerto Carreno,2133435369
8371,"Montes Martinez, Melissa",76,Saravena,5509197670
8372,"Silva Padilla, Paola",36,Saravena,7902718271
8373,"Ortiz Jimenez, Juliana",55,Valledupar,5289109272
8374,"Guzmán Blanco, Melissa",72,Puerto Carreno,1454508073
8375,"Trujillo Avila, Rodrigo",25,Pereira,3858499674
8376,"Ibarra Montes, Fabian",25,Santa Marta,5410707075
8377,"Ponce Avila, Alejandro",55,Cali,3681788776
8378,"Camacho Núñez, Felipe",77,Puerto Carreno,3799827977
8379,"Espinoza Perez, Francisco",46,Saravena,7923109378
8380,"Ibarra Rodriguez, Carlos",39,Mitu,9151041779
8381,"Coronel Lugo, Pilar",76,Buenaventura,5654703980
8382,"Perez Molina, Catalina",59,Santa Marta,7298361481
8383,"Campos Blanco, Valentina",35,Cali,9233773282
8384,"Valencia Rivera, Alfredo",21,Ibague,5208956983
8385,"Núñez Salinas, Ernesto",70,Soledad,2044385584
8386,"Estrada Rodriguez, Monica",56,Bello,9924219885
8387,"Molina Lara, Daniela",23,Florencia,9601745086
8388,"Reyes Sandoval, Pilar",40,Quibdo,9825142887
8389,"Flores Torres, Ivan",78,Monteria,7804304688
8390,"Zamora Lugo, Ana Maria",66,Yopal,9904682989
8391,"Pena Lara, Susana",71,Mocoa,7992838590
8392,"Vargas Lugo, Yolanda",18,Medellin,1886682291
8393,"Cruz Gomez, Angela",18,Medellin,7025085092
8394,"Sanchez Vargas, Alejandra",39,Itagui,2599656193
8395,"Coronel Ibarra, Yolanda",47,Buenaventura,7017703194
8396,"Valdez Montes, Cristina",78,Manizales,5664046995
8397,"Sanchez Ramos, Luis",41,Monteria,3510955796
8398,"Leon Herrera, Pedro",41,Saravena,3935329097
8399,"Naranjo Molina, Gustavo",79,Bucaramanga,7950096198
8400,"Navarro Alvarado, Nicolas",59,Floridablanca,1596793799
8401,"Contreras Contreras, Ana Maria",19,Cucuta,9122855000
8402,"Castillo Lopez, Esteban",44,Tunja,5791935301
8403,"Alvarado Ponce, Raul",33,Bucaramanga,8720886302
8404,"Contreras Barrera, Ivan",62,Bucaramanga,8017158103
8405,"Cortez Campos, Rafael",20,Cali,4237898804
8406,"Gallego Figueroa, Patricia",32,Riohacha,2569006505
8407,"Valdez Suarez, Oscar",40,Buenaventura,4497155506
8408,"Cortez Ramirez, Fabian",42,Arauca,7749040607
8409,"Parra Alvarez, Mario",29,Yopal,3613851008
8410,"Cardenas Rubio, Tomas",69,Pasto,9718956309
8411,"Velasquez Peralta, Catalina",63,Armenia,5252382110
8412,"Ochoa Suarez, Rafael",46,Soledad,4875918811
8413,"Guerrero Sanchez, Rafael",80,Neiva,3148881612
8414,"Mendoza Muñoz, Ana",69,Saravena,8671084113
8415,"Barrera Rubio, Elena",43,Cali,5902946214
8416,"Rodriguez Escobar, Ignacio",75,Tunja,3287667015
8417,"Coronel Rios, Yolanda",70,Ibague,5754840816
8418,"Pena Sanchez, Felipe",51,Valledupar,4018995117
8419,"Parra Gutierrez, Rosa",29,Itagui,8927569318
8420,"Cruz Becerra, Natalia",61,Barranquilla,8585035519
8421,"Salinas Salinas, Arturo",24,Cucuta,9574465520
8422,"Muñoz Cano, Monica",27,Tunja,3058326121
8423,"Aguilar Romero, Antonio",42,Armenia,4577440622
8424,"Romero Bravo, Elena",75,Tunja,2021840523
8425,"Villanueva Cruz, Tomas",22,Bucaramanga,1365684924
8426,"Trujillo Navarro, Susana",74,Manizales,7496907925
8427,"Fuentes Muñoz, Yolanda",32,Sincelejo,4895944226
8428,"Diaz Dominguez, Laura",58,Santa Marta,3732758927
8429,"Pena Leon, Elena",24,Soacha,7380615928
8430,"Torres Guzmán, Juliana",20,Barranquilla,4716716529
8431,"Muñoz Coronel, Teresa",63,Ibague,8419187530
8432,"Miranda Rojas, Alicia",69,Manizales,8830985431
8433,"Barrera Rodriguez, Hernan",49,Santa Marta,1985479132
8434,"Ochoa Avila, Roberto",33,Puerto Carreno,5912963233
8435,"Estrada Osorio, Eduardo",72,Pasto,7402887034
8436,"Mendez Padilla, Isabella",23,Soacha,5739752635
8437,"Ramos Ponce, Ricardo",56,Barrancabermeja,5390997736
8438,"Cortez Contreras, Alejandro",55,Leticia,4527088137
8439,"Romero Ramirez, Mauricio",37,Cucuta,6085376838
8440,"Aguilar Fuente, Tomas",34,Yopal,9368608139
8441,"Muñoz Ortiz, Catalina",39,Popayan,8491829540
8442,"Escobar Molina, Nicolas",26,Ibague,7159148941
8443,"Trujillo Rios, Francisco",22,Arauca,2647780242
8444,"Figueroa Sanchez, Sandra",57,Florencia,7824836943
8445,"Tapia Ibarra, Arturo",74,Mitu,4845149744
8446,"Gomez Mora, Sebastian",69,Mocoa,3896487945
8447,"Padilla Sanchez, Juan",23,Cartagena,6478236546
8448,"Tapia Bravo, Francisco",70,Arauca,9091056247
8449,"Cortez Guzmán, Isabella",53,Florencia,5686226248
8450,"Lopez Serrano, Felipe",59,Inirida,3390781049
8451,"Barrera Ramos, Andres",18,Soledad,1927329050
8452,"Sanchez Jimenez, Ramon",38,Pasto,6599465551
8453,"Guerrero Mendez, Felipe",54,Armenia,5333054152
8454,"Alvarez Mendez, Cristina",54,Pereira,2031322753
8455,"Ochoa Espinoza, Arturo",37,Manizales,3516906754
8456,"Fuentes Maldonado, Claudia",57,Yopal,5188878155
8457,"Herrera Blanco, Irene",34,Popayan,3715199056
8458,"Navarro Bustos, Juan Pablo",55,Inirida,8468445457
8459,"Muñoz Acosta, Cristina",23,Pereira,6945347358
8460,"Salinas Cano, Eduardo",32,Manizales,9053806959
8461,"Torres Fuente, Juliana",71,Buenaventura,2428018860
8462,"Martinez Suarez, Rafael",31,Inirida,2601177661
8463,"Carrillo Fuente, Rosa",37,Cartagena,7226088362
8464,"Alvarez Lopez, Pablo",26,Santa Marta,4454873263
8465,"Silva Rubio, Irene",24,Pereira,7001616064
8466,"Becerra Sanchez, Rafael",76,Buenaventura,5817294165
8467,"Arias Naranjo, Miguel",54,Cucuta,7983552066
8468,"Arias Barrera, Rafael",24,Valledupar,7364462267
8469,"Torres Palacios, Arturo",55,Popayan,9724926668
8470,"Rubio Ruiz, Andres",19,Santa Marta,9399908069
8471,"Zamora Mendoza, Lorena",67,Bucaramanga,1934734070
8472,"Fuentes Parra, Roberto",66,Pasto,5732235871
8473,"Sandoval Fuente, Helena",51,Cartagena,9436521172
8474,"Vargas Cano, Silvia",53,Leticia,7529603573
8475,"Serrano Figueroa, Ana Maria",38,Neiva,3275846674
8476,"Delgado Alvarado, Marcela",65,Armenia,7542739375
8477,"Carrillo Velasquez, Maria Jose",63,Pereira,6784629076
8478,"Martinez Núñez, Pablo",47,Tunja,1074222077
8479,"Barrera Ramirez, Sandra",32,Yopal,8109453378
8480,"Parra Ramos, Tomas",35,Pereira,6115142879
8481,"Vásquez Morales, Cristina",79,Villavicencio,3352150980
8482,"Bustos Moreno, Pablo",67,Saravena,7220751581
8483,"Sanchez Serrano, Carmen",39,Bello,8494443182
8484,"Silva Barrera, Miguel",68,Quibdo,4915270283
8485,"Blanco Reyes, Rocio",28,Bogota,6242152484
8486,"Maldonado Guzmán, Lina",52,Cali,1552870385
8487,"Diaz Figueroa, Maria",39,Cartagena,3570662986
8488,"Estrada Velasquez, Paula",75,Leticia,2378546487
8489,"Valencia Moreno, Maria Jose",49,Buenaventura,7809027688
8490,"Velasquez Alvarez, Blanca",20,Envigado,7155675489
8491,"Ochoa Parra, Fernando",30,Mitu,9909312990
8492,"Núñez Martinez, Nicolas",36,Manizales,6521477291
8493,"Lopez Palacios, Ana",80,Santa Marta,3327177892
8494,"Espinoza Soto, Valentina",46,Bucaramanga,9004897393
8495,"Gallego Naranjo, Natalia",25,Barranquilla,7445912394
8496,"Herrera Vega, Nora",24,Palmira,2943283495
8497,"Sanchez Dominguez, Rodrigo",62,Envigado,1917824996
8498,"Miranda Sandoval, Pedro",53,Cartagena,6488282697
8499,"Pena Peralta, Sandra",40,Ibague,1074189198
8500,"Bravo Fuentes, Susana",41,Bucaramanga,3352599399
8501,"Blanco Cabrera, Lina",79,Popayan,7996617600
8502,"Ibarra Lugo, Juan",24,Buenaventura,3771352301
8503,"Arias Castillo, Juan",59,Pasto,8940602802
8504,"Arias Velasquez, Paola",50,Bogota,7077885903
8505,"Castillo Ortiz, Laura",34,Mitu,1611966904
8506,"Lugo Herrera, Esperanza",20,Armenia,9408260505
8507,"Moreno Becerra, Ignacio",64,Armenia,4943598206
8508,"Palacios Sandoval, Nora",34,Florencia,6150035007
8509,"Martinez Reyes, Rocio",51,Medellin,8605389008
8510,"Leon Reyes, Juan",69,Envigado,6407739509
8511,"Vergara Rivera, Nicolas",29,Medellin,9837000110
8512,"Rubio Castillo, Teresa",72,Inirida,2484218111
8513,"Gonzalez Rios, Sergio",22,Neiva,2005497612
8514,"Naranjo Camacho, Nicolas",40,Cali,2035520813
8515,"Núñez Coronel, Martha",47,Medellin,2329303914
8516,"Herrera Miranda, Martha",58,Leticia,7024860315
8517,"Suarez Serrano, Miguel",74,San Jose del Guaviare,7772483316
8518,"Suarez Blanco, Pilar",53,Ibague,7190186417
8519,"Ponce Flores, Sergio",41,Saravena,9275928518
8520,"Figueroa Silva, Victor",55,Medellin,4034054619
8521,"Palacios Dominguez, Andrea",38,Arauca,7867631120
8522,"Figueroa Gonzalez, Raul",72,San Jose del Guaviare,9936656321
8523,"Alvarez Padilla, Rocio",78,Palmira,8321036922
8524,"Rubio Cano, Rosa",47,Sincelejo,4537541223
8525,"Gonzalez Jimenez, Gustavo",53,Yopal,2060898324
8526,"Carrillo Morales, Andrea",29,Inirida,3189663325
8527,"Carrillo Vásquez, Esteban",25,Arauca,1623512226
8528,"Osorio Cabrera, Carmen",23,Quibdo,7153328927
8529,"Becerra Martinez, Camila",43,Arauca,7768739628
8530,"Nieto Bravo, Miguel",57,Pasto,3337769929
8531,"Valdez Cruz, Ivan",77,Barrancabermeja,4997403930
8532,"Lara Soto, Esperanza",33,Monteria,3679907931
8533,"Villanueva Guerrero, Maria",63,Pasto,7417700232
8534,"Castillo Perez, Sebastian",80,Manizales,3014079333
8535,"Serrano Espinoza, Paula",43,Buenaventura,6893747634
8536,"Rios Gutierrez, Patricia",74,Soledad,8194147535
8537,"Parra Parra, Carmen",78,Floridablanca,1829769336
8538,"Guzmán Rodriguez, Roberto",51,Barrancabermeja,6167257837
8539,"Morales Alvarez, Sergio",27,Soledad,2196351438
8540,"Bravo Valencia, Isabella",69,Popayan,6560977739
8541,"Morales Moreno, Nora",31,Monteria,9117935540
8542,"Arias Diaz, Pilar",79,Valledupar,7050870041
8543,"Ortiz Gonzalez, Mario",27,Pereira,9328238042
8544,"Parra Becerra, Oscar",62,Sincelejo,4245677943
8545,"Barrera Figueroa, Maria Clara",71,Pereira,6046564744
8546,"Padilla Bravo, Rocio",56,Barrancabermeja,1988557045
8547,"Palacios Coronel, Lorena",56,Santa Marta,7681214346
8548,"Herrera Mendoza, Beatriz",43,Villavicencio,8158154047
8549,"Nieto Sanchez, Rocio",54,Monteria,2241134848
8550,"Alvarado Bustos, Manuel",24,Bucaramanga,4639810549
8551,"Bustos Núñez, Carmen",25,San Jose del Guaviare,4109279750
8552,"Serrano Perez, Natalia",55,Valledupar,4776738551
8553,"Serrano Pena, Paola",73,Barranquilla,9290832652
8554,"Ruiz Barrera, Mauricio",79,Barranquilla,7066497053
8555,"Medina Ochoa, Angela",57,Florencia,9293632754
8556,"Serrano Alvarado, Blanca",60,Mocoa,8572596955
8557,"Bustos Rivera, Camila",45,Monteria,5684875156
8558,"Camacho Cardenas, Teresa",72,San Jose del Guaviare,9463156057
8559,"Ramos Pena, Manuel",58,Pasto,3263084458
8560,"Cortez Ramirez, Juliana",71,Barranquilla,8686238559
8561,"Bustos Guzmán, Carmen",78,Cartagena,2491018560
8562,"Guerrero Serrano, Gabriel",69,Medellin,7612139161
8563,"Gallego Campos, Pilar",54,Mocoa,4140643162
8564,"Trujillo Montes, Miguel",32,Medellin,2457648463
8565,"Ramirez Palacios, Ana",73,Neiva,2395358164
8566,"Núñez Gomez, Miguel",22,Leticia,8870961265
8567,"Ruiz Villanueva, Juliana",75,Inirida,8735192566
8568,"Morales Miranda, Ernesto",71,Inirida,9269575667
8569,"Acosta Estrada, Alejandra",22,Mitu,7554479668
8570,"Salazar Rivera, Hector",80,Barrancabermeja,9962230469
8571,"Ochoa Rios, Gloria",37,Leticia,2883461070
8572,"Arias Cardenas, Daniela",54,Bogota,1646601671
8573,"Vargas Gomez, Carlos",79,Cali,8479052572
8574,"Valdez Velasquez, Pilar",19,Quibdo,9183139373
8575,"Lara Diaz, Lorena",32,Armenia,7164788874
8576,"Medina Ponce, Alejandra",70,Bogota,7358830375
8577,"Suarez Naranjo, David",74,Puerto Carreno,1359461876
8578,"Ruiz Cano, Sofia",30,Soledad,5976019477
8579,"Rivera Ibarra, Tomas",63,Cartagena,6621853478
8580,"Muñoz Coronel, Rosa",22,Pereira,9896710179
8581,"Campos Carrillo, Esteban",68,Sincelejo,4978499580
8582,"Castillo Zamora, Rodrigo",39,Sincelejo,1282458081
8583,"Contreras Estrada, Javier",77,Mitu,2522035082
8584,"Morales Guerrero, Ricardo",46,Armenia,1671170183
8585,"Salinas Vásquez, Carmen",74,Pereira,3384033184
8586,"Escobar Diaz, Raul",24,Quibdo,9511009185
8587,"Meza Lopez, Andrea",39,Pasto,8983416986
8588,"Ortiz Reyes, Sergio",50,Leticia,5044641787
8589,"Osorio Morales, Fernando",72,Manizales,3673095688
8590,"Montes Maldonado, Maria Jose",65,Tunja,1738291589
8591,"Bustos Alvarado, Cristina",52,Santa Marta,7061264590
8592,"Naranjo Valdez, Miguel",51,Cucuta,3706036491
8593,"Guzmán Ochoa, Marcela",54,Villavicencio,7635658392
8594,"Flores Mendoza, Tomas",78,Monteria,1557781293
8595,"Ruiz Cortez, Andrea",51,Monteria,3542069494
8596,"Sandoval Aguilar, Rodrigo",75,Mocoa,4948552195
8597,"Leon Naranjo, Antonio",71,Valledupar,1272456396
8598,"Gallego Guzmán, Martha",18,Puerto Carreno,2592549297
8599,"Fuente Muñoz, Mario",52,Quibdo,6068060298
8600,"Silva Camacho, Andres Felipe",35,Leticia,2287894799
8601,"Serrano Ruiz, Rocio",69,Itagui,4522374900
8602,"Fuente Guerrero, Andres",72,Saravena,7308436201
8603,"Guerrero Carrillo, Susana",35,San Jose del Guaviare,5902847502
8604,"Montes Cortez, Diego",49,Envigado,6193080603
8605,"Miranda Velasquez, Hector",35,San Jose del Guaviare,2867298204
8606,"Perez Guerrero, Isabella",54,Puerto Carreno,2757322305
8607,"Vargas Villanueva, Alejandra",73,Arauca,1100900306
8608,"Herrera Mendez, Gabriel",22,Sincelejo,5442889107
8609,"Coronel Rios, Mauricio",64,Tunja,8768112708
8610,"Navarro Cardenas, Nora",51,Sincelejo,9663443709
8611,"Becerra Peralta, Pilar",68,Popayan,1444019210
8612,"Pena Torres, Catalina",63,Mocoa,3608899311
8613,"Moreno Carrillo, Paula",46,Sincelejo,4735198812
8614,"Cano Molina, Angela",57,Tunja,1255533813
8615,"Miranda Montes, Alejandra",38,Bogota,9876783314
8616,"Lopez Vargas, Pedro",38,Saravena,1712674015
8617,"Perez Tapia, Luisa",24,Bogota,4888295916
8618,"Suarez Ochoa, Roberto",27,Sincelejo,8882294117
8619,"Diaz Mora, Eduardo",29,Leticia,6730684018
8620,"Jimenez Serrano, Oscar",76,Cali,1464014719
8621,"Padilla Vargas, Daniela",30,Riohacha,4048773620
8622,"Becerra Velasquez, Mauricio",42,Soledad,7876132021
8623,"Peralta Alvarado, Diana",51,Santa Marta,8376602622
8624,"Ramirez Estrada, Hugo",70,Arauca,6493007223
8625,"Medina Dominguez, Daniela",59,Mitu,1059999024
8626,"Vásquez Romero, Oscar",18,Bucaramanga,2995195125
8627,"Lugo Gallego, Diana",79,Puerto Carreno,3175842826
8628,"Navarro Escobar, Luisa",76,Envigado,9281530727
8629,"Muñoz Rivera, Maria",56,San Jose del Guaviare,6164406228
8630,"Perez Acosta, Ana Maria",25,Manizales,3003512229
8631,"Flores Ibarra, Cristina",70,Bello,3655934330
8632,"Ortiz Rubio, Ernesto",37,Arauca,9172805131
8633,"Zamora Padilla, Manuel",31,Bogota,1119252832
8634,"Cruz Sandoval, Ramon",72,Barrancabermeja,7495005333
8635,"Dominguez Naranjo, Melissa",64,Mitu,2307925834
8636,"Núñez Naranjo, Arturo",47,Neiva,9994615335
8637,"Bustos Trujillo, Marcela",22,Barranquilla,6754477336
8638,"Fuentes Ortiz, Helena",60,Cali,7234789237
8639,"Valdez Estrada, Claudia",33,Cartagena,3953072938
8640,"Flores Velasquez, Natalia",62,Inirida,4288579539
8641,"Campos Rios, Irene",24,Armenia,6006398040
8642,"Muñoz Guerrero, Maria Jose",60,Buenaventura,6026319941
8643,"Romero Zamora, Paula",49,Manizales,3865941542
8644,"Serrano Cortez, Angela",20,Cali,1217328643
8645,"Espinoza Bravo, Ignacio",58,Puerto Carreno,3256521244
8646,"Velasquez Acosta, Nora",20,Cucuta,7064499445
8647,"Acosta Nieto, Camila",25,Arauca,9405739646
8648,"Ruiz Villanueva, Mariana",18,Valledupar,1963603247
8649,"Avila Torres, Adriana",63,Saravena,4422730648
8650,"Fuente Ortiz, Laura",34,Soledad,9736481949
8651,"Estrada Gallego, Camila",31,Inirida,2851046850
8652,"Blanco Sanchez, Natalia",20,Floridablanca,3295194851
8653,"Diaz Blanco, Eduardo",66,Tunja,4094545452
8654,"Silva Ponce, Ana Maria",64,Buenaventura,1193603153
8655,"Gallego Jimenez, Sergio",25,Manizales,9763858454
8656,"Ibarra Diaz, Hugo",23,Medellin,9624178255
8657,"Cabrera Perez, Juliana",25,Cucuta,9213374456
8658,"Bustos Miranda, Ivan",53,Bucaramanga,9615971357
8659,"Figueroa Lugo, Catalina",18,Cali,8124586358
8660,"Villanueva Alvarado, Ivan",21,Saravena,3894096959
8661,"Valencia Morales, Juan Pablo",70,Palmira,4793689160
8662,"Maldonado Parra, Rodrigo",63,San Jose del Guaviare,1535345161
8663,"Gomez Ramirez, Tomas",26,Puerto Carreno,7651584662
8664,"Ruiz Montes, Manuel",19,Riohacha,4837682363
8665,"Alvarado Palacios, Susana",62,Monteria,4901022864
8666,"Serrano Rubio, Ana Maria",45,Cartagena,1042170265
8667,"Trujillo Estrada, Elena",77,Bello,7550007166
8668,"Osorio Suarez, Catalina",45,Sincelejo,9759315667
8669,"Núñez Garcia, Sebastian",19,Villavicencio,7822665868
8670,"Fuentes Navarro, Isabella",62,Buenaventura,2890783669
8671,"Gonzalez Guzmán, Jorge",24,Palmira,4536800770
8672,"Villanueva Gutierrez, Diego",39,Envigado,8056180671
8673,"Moreno Rubio, Ricardo",74,Mitu,8758499972
8674,"Silva Garcia, Beatriz",58,Arauca,2954947273
8675,"Leon Padilla, Maria Clara",37,Bello,6632212074
8676,"Torres Ramirez, Rocio",20,Neiva,3543897275
8677,"Zamora Núñez, Raul",74,Valledupar,1910387476
8678,"Palacios Zamora, Patricia",50,Pasto,2743743377
8679,"Guerrero Miranda, Sandra",78,Cucuta,9625333178
8680,"Arias Martinez, Susana",53,Riohacha,8140498679
8681,"Suarez Cabrera, Andrea",43,Inirida,8388611080
8682,"Montes Rodriguez, Paola",42,Popayan,8188399881
8683,"Lugo Espinoza, Sandra",45,Mocoa,2250339682
8684,"Ponce Alvarez, Enrique",42,Armenia,5057282683
8685,"Ramos Gutierrez, Daniela",56,Quibdo,8617061684
8686,"Gutierrez Guerrero, Susana",30,Arauca,7150381885
8687,"Alvarez Escobar, Roberto",55,Buenaventura,7983936586
8688,"Perez Molina, Sergio",25,Cartagena,7810744887
8689,"Ponce Montes, Sebastian",67,Valledupar,2114262188
8690,"Navarro Acosta, Ricardo",76,Palmira,8068541489
8691,"Campos Ochoa, Sergio",44,Monteria,9187323990
8692,"Valencia Molina, Yolanda",29,Manizales,3992792491
8693,"Barrera Carrillo, Camila",62,Valledupar,9324344292
8694,"Contreras Suarez, Nicolas",34,Cartagena,6531098793
8695,"Fuentes Salazar, Melissa",57,Floridablanca,5706087894
8696,"Navarro Silva, Patricia",55,Mitu,3896667895
8697,"Silva Gutierrez, Ramon",80,Popayan,7642870296
8698,"Herrera Becerra, Hugo",77,Medellin,7977987297
8699,"Rubio Serrano, Irene",37,Saravena,4951912098
8700,"Jimenez Pena, Adriana",24,Ibague,8245817299
8701,"Herrera Ochoa, Valentina",71,Soledad,5714488200
8702,"Miranda Ortiz, Marcela",47,Manizales,4935889201
8703,"Vásquez Gallego, Hector",24,Manizales,3945786102
8704,"Figueroa Figueroa, Martha",40,Buenaventura,4420758703
8705,"Arias Escobar, Antonio",30,Santa Marta,2923547604
8706,"Sanchez Sandoval, Esteban",33,Sincelejo,1743789505
8707,"Vergara Moreno, Ana Maria",23,Soacha,8002388506
8708,"Cruz Rodriguez, Rosa",42,Mocoa,8216395707
8709,"Jimenez Peralta, Andres Felipe",79,Cali,4226180608
8710,"Trujillo Montes, Esteban",36,Manizales,2742665609
8711,"Molina Cabrera, Laura",62,Tunja,9453812210
8712,"Rodriguez Meza, Monica",74,Cucuta,8793980211
8713,"Gomez Leon, Antonio",80,Santa Marta,8594849512
8714,"Bustos Muñoz, Sofia",53,Neiva,8811057213
8715,"Ramos Rubio, Rosa",20,Manizales,1543498114
8716,"Barrera Lara, Claudia",48,Popayan,9269850115
8717,"Leon Guerrero, Rocio",33,Puerto Carreno,3137769716
8718,"Ochoa Nieto, Marcela",57,Neiva,5267260117
8719,"Guerrero Soto, Arturo",21,Puerto Carreno,8511260518
8720,"Carrillo Ramirez, Silvia",48,Mocoa,2242635019
8721,"Nieto Espinoza, Blanca",77,Tunja,9687582220
8722,"Reyes Sandoval, Claudia",24,Bello,4280971021
8723,"Naranjo Tapia, Angela",22,Pasto,1985355422
8724,"Castillo Ruiz, Ignacio",40,Riohacha,4838442423
8725,"Escobar Coronel, Luis Miguel",54,Soledad,1379473824
8726,"Rodriguez Rojas, Alicia",27,Itagui,5619073225
8727,"Vargas Mendez, Juliana",18,Ibague,2085974526
8728,"Estrada Herrera, Ivan",61,Inirida,7892944127
8729,"Cardenas Gallego, Maria Clara",34,Soledad,4959681528
8730,"Cruz Romero, Juan",43,Mocoa,3787026629
8731,"Pena Alvarez, Ricardo",72,Yopal,9476430930
8732,"Núñez Peralta, Andres",26,Cucuta,2325972731
8733,"Martinez Tapia, Juan",36,Bello,3516085632
8734,"Morales Rios, Juan Pablo",76,Bello,7877969433
8735,"Salazar Pena, Laura",46,Tunja,8750927634
8736,"Valencia Trujillo, David",57,Sincelejo,5196429435
8737,"Padilla Ramirez, Luisa",65,Armenia,3671776936
8738,"Soto Villanueva, Maria",76,Valledupar,5526024037
8739,"Vergara Alvarez, Maria Jose",78,Cartagena,6994620738
8740,"Estrada Núñez, Silvia",35,Sincelejo,4459137539
8741,"Medina Ochoa, Yolanda",58,Santa Marta,5092462040
8742,"Parra Ponce, Valentina",46,Barrancabermeja,4969413041
8743,"Pena Tapia, Cesar",26,Villavicencio,6656969142
8744,"Ramirez Perez, Hugo",29,Puerto Carreno,1681302143
8745,"Becerra Aguilar, Gabriel",39,Armenia,9336463144
8746,"Velasquez Soto, Elena",72,Floridablanca,3380934645
8747,"Diaz Alvarado, Andres",69,Soledad,7173069346
8748,"Coronel Pena, Victor",22,Florencia,6552598447
8749,"Osorio Leon, Sofia",35,Leticia,9535537448
8750,"Escobar Camacho, Pedro",61,Floridablanca,2275202449
8751,"Arias Estrada, Fabian",79,Medellin,8524350550
8752,"Ponce Naranjo, Juan",66,Itagui,8003899651
8753,"Muñoz Cortez, Juan",60,Leticia,9843426652
8754,"Mora Alvarez, Rafael",80,Medellin,6128300353
8755,"Gomez Mendoza, Carmen",55,Ibague,2026537654
8756,"Mendez Acosta, Jorge",57,Santa Marta,4383580655
8757,"Valdez Cardenas, Felipe",28,Riohacha,8446280556
8758,"Figueroa Meza, Lina",47,Monteria,4680255157
8759,"Sanchez Naranjo, Ricardo",75,Cali,4708506158
8760,"Sandoval Ramirez, Javier",32,Inirida,7742658759
8761,"Romero Escobar, Alfredo",64,Cucuta,4350287160
8762,"Rubio Cortez, Ana",66,Pereira,2682335861
8763,"Vargas Cruz, Patricia",54,Soledad,6632028162
8764,"Carrillo Núñez, Juan",25,Bucaramanga,4587253763
8765,"Estrada Carrillo, Antonio",57,Envigado,1118880564
8766,"Figueroa Trujillo, Francisco",34,Sincelejo,3737552765
8767,"Guerrero Cabrera, Miguel",39,Tunja,7442811366
8768,"Cardenas Barrera, Nora",74,Mocoa,3459249967
8769,"Garcia Rivera, Yolanda",67,Itagui,7918544068
8770,"Fuente Padilla, Ignacio",59,Puerto Carreno,5808708069
8771,"Rubio Rivera, Teresa",18,Barrancabermeja,4237205770
8772,"Jimenez Silva, Laura",70,Leticia,5161031471
8773,"Castillo Gonzalez, Camila",67,Riohacha,3728869172
8774,"Rivera Contreras, Lina",57,Pasto,1058604673
8775,"Tapia Aguilar, Ivan",21,Inirida,9624420574
8776,"Romero Martinez, Alejandro",72,Soacha,6965815475
8777,"Rodriguez Castillo, Sebastian",65,Medellin,9625863276
8778,"Pena Estrada, Carmen",67,Bucaramanga,4736414877
8779,"Vásquez Fuentes, Tomas",36,Valledupar,7181756278
8780,"Velasquez Osorio, Nora",30,Monteria,6897948679
8781,"Rivera Osorio, Andres",38,Florencia,4450429180
8782,"Dominguez Ochoa, Ricardo",24,Quibdo,9847064181
8783,"Guerrero Trujillo, Felipe",62,Bello,7208067782
8784,"Martinez Peralta, Daniela",76,Cucuta,3449034883
8785,"Ibarra Osorio, Melissa",19,Floridablanca,7758514584
8786,"Camacho Sandoval, Natalia",77,Bucaramanga,4116565785
8787,"Alvarado Muñoz, Gustavo",59,San Jose del Guaviare,6728656086
8788,"Herrera Lopez, Ernesto",22,Bogota,9432093787
8789,"Figueroa Mendoza, Esteban",30,Saravena,6014811488
8790,"Suarez Diaz, Fernando",43,Cartagena,5599439089
8791,"Salazar Gomez, Mauricio",60,Medellin,8644932490
8792,"Guzmán Valdez, Hernan",19,Puerto Carreno,1835572791
8793,"Vargas Mendoza, Ana",47,Riohacha,1451309592
8794,"Trujillo Ortiz, Catalina",64,Envigado,2573006193
8795,"Fuentes Gomez, Roberto",57,Bucaramanga,6450422594
8796,"Vargas Ibarra, Juliana",30,Leticia,6387829195
8797,"Pena Osorio, Sergio",60,Itagui,6009937696
8798,"Valdez Herrera, Lorena",78,Bucaramanga,9321025197
8799,"Ramos Gallego, Andres",48,Ibague,1609928198
8800,"Rubio Guzmán, Ignacio",20,Medellin,7386794799
8801,"Ibarra Suarez, Hector",30,Armenia,6966317000
8802,"Avila Gonzalez, Carmen",72,San Jose del Guaviare,9533860101
8803,"Dominguez Aguilar, Ernesto",23,Bucaramanga,4096480702
8804,"Naranjo Cabrera, Juan Pablo",36,Bello,7195031203
8805,"Cabrera Mendoza, Victor",79,Arauca,6459872604
8806,"Vásquez Morales, Ana Maria",41,Arauca,7271438205
8807,"Diaz Cano, Arturo",24,Soacha,9865280006
8808,"Carrillo Ortiz, Lorena",78,Barranquilla,2108455007
8809,"Morales Cardenas, Catalina",74,Yopal,9253592008
8810,"Montes Rios, Eduardo",22,Puerto Carreno,3356362609
8811,"Silva Cruz, Arturo",33,Cartagena,3488396210
8812,"Gomez Valdez, Paula",68,Medellin,5957293711
8813,"Trujillo Gallego, Ana",80,Bucaramanga,5340279112
8814,"Muñoz Salazar, Catalina",48,Cucuta,7344493813
8815,"Salazar Jimenez, Hugo",35,Barrancabermeja,1547265614
8816,"Ponce Alvarado, Rodrigo",21,Soacha,9134770815
8817,"Lugo Perez, Maria Clara",40,Bogota,5297314216
8818,"Bustos Torres, Valentina",33,Ibague,3693922917
8819,"Medina Meza, Felipe",34,Pereira,3889344718
8820,"Bustos Naranjo, Paola",19,San Jose del Guaviare,5271692319
8821,"Coronel Soto, Rodrigo",31,Cartagena,1243021920
8822,"Dominguez Suarez, Claudia",41,Medellin,7778842121
8823,"Zamora Martinez, Alejandro",64,Bello,5862170722
8824,"Alvarez Cardenas, Alfredo",52,Barranquilla,4471795523
8825,"Naranjo Medina, Alicia",71,Valledupar,5648622124
8826,"Sandoval Fuente, Juliana",25,Bucaramanga,3969093525
8827,"Medina Gutierrez, Paola",53,Armenia,2437866926
8828,"Mora Jimenez, Angela",65,Puerto Carreno,4830191827
8829,"Arias Gomez, Juan",63,Pasto,1034874628
8830,"Gonzalez Fuentes, Pilar",58,Bogota,6902170129
8831,"Pena Barrera, Carmen",20,Envigado,1863608830
8832,"Diaz Figueroa, Carmen",65,Cartagena,7174894831
8833,"Guzmán Parra, Ramon",77,Cartagena,3029533832
8834,"Valdez Fuentes, Francisco",72,Mitu,9028746433
8835,"Barrera Miranda, Rocio",66,Buenaventura,4542593834
8836,"Villanueva Fuentes, Mauricio",20,Popayan,2333957235
8837,"Ibarra Ibarra, Mario",74,Saravena,3554543036
8838,"Rubio Vega, Julio",48,Florencia,8577022937
8839,"Cruz Reyes, Lorena",29,Monteria,2553237238
8840,"Navarro Flores, Miguel",73,Pasto,4252377939
8841,"Sandoval Suarez, Blanca",63,Soledad,1794362640
8842,"Figueroa Trujillo, Arturo",33,Buenaventura,5036773141
8843,"Mendez Gonzalez, Andres",27,Sincelejo,5555237142
8844,"Diaz Ramirez, Luis Miguel",57,Saravena,2274558943
8845,"Navarro Ponce, Luis Miguel",56,Tunja,5306963944
8846,"Velasquez Contreras, Gustavo",19,Soledad,8855971345
8847,"Vásquez Peralta, Martha",80,Bucaramanga,1814249346
8848,"Lugo Cabrera, Helena",57,Soacha,5543182447
8849,"Ortiz Cortez, Arturo",52,Palmira,8767511648
8850,"Gutierrez Cruz, Daniela",36,Sincelejo,8524012249
8851,"Mendoza Rivera, Carmen",28,Medellin,7836224850
8852,"Becerra Zamora, Maria Clara",70,Riohacha,3778541451
8853,"Barrera Naranjo, Sebastian",57,Puerto Carreno,6676193252
8854,"Espinoza Herrera, Nicolas",45,Valledupar,6349234953
8855,"Valdez Ortiz, Eduardo",18,Yopal,9791731654
8856,"Camacho Lara, Isabella",30,Floridablanca,5440030455
8857,"Diaz Espinoza, Andres",43,Villavicencio,1105978756
8858,"Ibarra Núñez, Juan",35,Tunja,4109170357
8859,"Becerra Rubio, Maria Jose",58,Armenia,8696312458
8860,"Diaz Rojas, Sebastian",52,Bucaramanga,3333026359
8861,"Miranda Mendez, Camila",68,Cali,1667837160
8862,"Zamora Cabrera, Natalia",76,Florencia,2580440761
8863,"Fuente Osorio, Esteban",39,Bello,4896234662
8864,"Salinas Fuentes, Gloria",34,Cali,7165546563
8865,"Suarez Arias, Blanca",38,Mitu,9303681864
8866,"Cardenas Alvarado, Martha",61,Quibdo,6549046465
8867,"Salinas Villanueva, Mariana",29,Sincelejo,3793245066
8868,"Meza Guerrero, Camila",35,San Jose del Guaviare,1098015067
8869,"Rubio Moreno, Catalina",37,Buenaventura,5279058168
8870,"Osorio Ramos, Luisa",38,Bucaramanga,6150231569
8871,"Gallego Rojas, Natalia",43,Barranquilla,9038228170
8872,"Molina Gutierrez, Maria Jose",36,Pasto,1138102671
8873,"Blanco Naranjo, Sebastian",66,Bucaramanga,8436362872
8874,"Contreras Salazar, Silvia",23,Pasto,2778600673
8875,"Castillo Cano, Susana",71,Pasto,3982437374
8876,"Acosta Vega, Lina",40,Envigado,2446510675
8877,"Coronel Núñez, Mario",65,Floridablanca,3096676376
8878,"Rodriguez Ortiz, Rafael",37,Manizales,4472569677
8879,"Espinoza Mendoza, Felipe",61,Cartagena,7482593678
8880,"Montes Rivera, Ana Maria",51,Bucaramanga,7587539879
8881,"Rubio Diaz, Eduardo",21,Sincelejo,8356855680
8882,"Cortez Silva, Maria",23,Manizales,6116522381
8883,"Cruz Rodriguez, Maria Clara",26,Santa Marta,8535771182
8884,"Bravo Ruiz, Juliana",27,Tunja,4158590883
8885,"Escobar Coronel, Helena",70,Buenaventura,9905483484
8886,"Montes Guzmán, Fabian",49,Pereira,8845226385
8887,"Vásquez Moreno, Blanca",44,Yopal,2445666086
8888,"Figueroa Lara, Rafael",55,Monteria,4836945787
8889,"Torres Vergara, Alfredo",34,Bello,4064037788
8890,"Barrera Jimenez, Esperanza",51,Soacha,4540718989
8891,"Perez Gallego, Fernando",37,Pereira,3743824290
8892,"Peralta Gonzalez, Esperanza",56,Manizales,4328523491
8893,"Meza Gallego, Maria Jose",66,Soledad,6684661492
8894,"Gonzalez Carrillo, Teresa",54,Soacha,5980286193
8895,"Rivera Navarro, Carlos",18,Florencia,7020154794
8896,"Escobar Peralta, Melissa",59,Cartagena,3009279495
8897,"Cardenas Blanco, Sandra",53,Cali,7062543596
8898,"Navarro Torres, Catalina",43,Cartagena,4704509997
8899,"Sandoval Zamora, David",78,Buenaventura,2239097898
8900,"Tapia Diaz, Ana Maria",52,Leticia,7089019699
8901,"Rubio Alvarez, Luis",65,Bogota,7023492100
8902,"Rivera Mora, Antonio",76,Soacha,1989402001
8903,"Morales Rojas, Julio",66,Puerto Carreno,4726971402
8904,"Mendez Mora, Antonio",26,Riohacha,7726023803
8905,"Estrada Gutierrez, Valentina",38,Florencia,9509413604
8906,"Valdez Castillo, Natalia",21,Cartagena,8209565705
8907,"Zamora Tapia, Juliana",39,Tunja,2464164106
8908,"Montes Mendoza, Javier",75,Inirida,9168374407
8909,"Vargas Sanchez, Isabella",49,Manizales,7829030808
8910,"Cortez Perez, Enrique",79,Popayan,8307817409
8911,"Blanco Ramirez, Teresa",42,Arauca,8583286710
8912,"Mendoza Leon, Roberto",24,Medellin,6072398011
8913,"Arias Zamora, Mauricio",80,Bogota,1901982812
8914,"Alvarado Castillo, Raul",45,Pasto,1562170313
8915,"Osorio Fuentes, Ana Maria",24,Buenaventura,4089917214
8916,"Meza Peralta, Ignacio",60,Sincelejo,2036901615
8917,"Vega Cardenas, Juliana",42,Soacha,5803223616
8918,"Dominguez Leon, Andrea",46,Cali,1311447817
8919,"Meza Ibarra, Arturo",31,Cucuta,3935467918
8920,"Salazar Mendez, Nicolas",66,Itagui,3488497919
8921,"Zamora Rodriguez, Andres",66,Saravena,3407017820
8922,"Bustos Ponce, Irene",20,Armenia,5701591721
8923,"Ortiz Rodriguez, Teresa",71,Floridablanca,6584573122
8924,"Salazar Vásquez, Isabella",67,Buenaventura,4926029523
8925,"Vega Carrillo, Felipe",59,Yopal,1429695424
8926,"Camacho Ortiz, Luis Miguel",75,Bello,3957902125
8927,"Ruiz Cruz, Camila",69,Medellin,9775588426
8928,"Morales Herrera, Hector",25,Envigado,2365132127
8929,"Sanchez Figueroa, Esteban",23,Leticia,5034689228
8930,"Garcia Trujillo, Ignacio",57,Barranquilla,6258756029
8931,"Sanchez Villanueva, Marcela",64,Envigado,6564020130
8932,"Diaz Ochoa, Tomas",45,Saravena,6529157431
8933,"Cruz Barrera, Monica",38,Sincelejo,1457389532
8934,"Carrillo Vargas, Silvia",50,Leticia,9696069433
8935,"Maldonado Perez, Pedro",48,Barranquilla,5005278734
8936,"Maldonado Lara, Arturo",27,Bello,4184346035
8937,"Gomez Padilla, Alfredo",20,Inirida,5547865436
8938,"Mendez Meza, Luis Miguel",45,Florencia,6018423437
8939,"Becerra Reyes, Diego",49,Santa Marta,1294851138
8940,"Navarro Maldonado, Alicia",76,Quibdo,3085986539
8941,"Cruz Cano, Ivan",53,Barrancabermeja,9699341240
8942,"Montes Bustos, Manuel",35,Villavicencio,2147216141
8943,"Arias Valencia, Alfredo",66,Tunja,2358211242
8944,"Jimenez Becerra, Juliana",23,Tunja,5266843943
8945,"Velasquez Rubio, Juliana",48,Cali,6242021344
8946,"Arias Fuente, Rafael",49,Cali,2913058445
8947,"Muñoz Figueroa, Adriana",69,Arauca,6772883346
8948,"Morales Muñoz, Rocio",41,Riohacha,2644182247
8949,"Padilla Contreras, Sergio",71,Saravena,8965999848
8950,"Delgado Alvarado, Jorge",42,Popayan,7760946849
8951,"Medina Guzmán, Silvia",38,Bogota,5710172650
8952,"Escobar Cardenas, Luis",60,Itagui,1394124851
8953,"Castillo Herrera, Marcela",75,Neiva,7009208452
8954,"Avila Meza, Antonio",64,Palmira,8498807053
8955,"Villanueva Cruz, Hector",49,Popayan,3964988554
8956,"Peralta Mora, Carlos",53,Barrancabermeja,5868101255
8957,"Martinez Velasquez, Victor",43,Bogota,2768197456
8958,"Villanueva Vega, Claudia",47,Medellin,5852653657
8959,"Valencia Naranjo, Andrea",32,Puerto Carreno,9446944058
8960,"Vásquez Alvarez, Eduardo",72,Santa Marta,5845356759
8961,"Ochoa Jimenez, Sergio",46,Yopal,5947208260
8962,"Sanchez Lugo, Patricia",43,Tunja,2015475861
8963,"Osorio Cruz, Ernesto",65,Quibdo,5921620962
8964,"Romero Maldonado, Hernan",19,Cucuta,5610754463
8965,"Dominguez Romero, Carmen",41,Cartagena,5729477764
8966,"Nieto Núñez, Rafael",62,Pasto,1983802565
8967,"Villanueva Cardenas, Francisco",29,Tunja,5545818466
8968,"Gonzalez Blanco, Marcela",35,Palmira,9532667467
8969,"Alvarado Gonzalez, Andrea",71,Bello,9263675868
8970,"Aguilar Ochoa, Andres",40,Medellin,9578487469
8971,"Sanchez Molina, Mauricio",43,Buenaventura,3108814270
8972,"Alvarez Miranda, Andrea",57,Valledupar,3668385571
8973,"Valencia Contreras, Andres",62,Pereira,6855508472
8974,"Cabrera Nieto, Luisa",40,Inirida,4921652273
8975,"Fuente Sandoval, Teresa",24,San Jose del Guaviare,6722160274
8976,"Salinas Cardenas, Fabian",67,Valledupar,2343931075
8977,"Gallego Cruz, Cristina",23,San Jose del Guaviare,5526398476
8978,"Rubio Guzmán, Carmen",43,Santa Marta,2869372577
8979,"Castillo Lopez, Catalina",37,Barranquilla,8690789178
8980,"Guerrero Villanueva, Diana",40,Envigado,5294071679
8981,"Núñez Vergara, Isabella",25,Florencia,7941184280
8982,"Bustos Romero, Luis",43,Cali,5745106881
8983,"Carrillo Palacios, Ignacio",23,Manizales,3208440282
8984,"Mora Mora, Carlos",80,Arauca,9900524783
8985,"Diaz Palacios, Luis",18,Ibague,6064266684
8986,"Diaz Rubio, Ana Maria",54,Arauca,3969389785
8987,"Gomez Alvarado, Ramon",64,Riohacha,7256040286
8988,"Pena Perez, Pablo",49,Envigado,2704067187
8989,"Silva Morales, Andres Felipe",56,Bogota,2639319088
8990,"Becerra Nieto, Tomas",62,Itagui,5636463289
8991,"Ibarra Sandoval, Pablo",27,Floridablanca,5813577390
8992,"Nieto Villanueva, Hugo",27,Floridablanca,8880861391
8993,"Rodriguez Vega, Luis",76,San Jose del Guaviare,9327201392
8994,"Arias Valencia, Ivan",79,Armenia,4729797293
8995,"Alvarado Gomez, Camila",62,Villavicencio,3372134594
8996,"Muñoz Mendez, Hector",22,Ibague,8933520295
8997,"Ramos Sanchez, Sebastian",78,Puerto Carreno,7469491396
8998,"Ortiz Vega, Luis Miguel",40,Sincelejo,6674534597
8999,"Sanchez Campos, Camila",44,Manizales,9119724098
9000,"Escobar Vargas, Raul",49,Tunja,9041684499
9001,"Arias Fuentes, Ignacio",65,Manizales,3452395000
9002,"Soto Rubio, Rodrigo",41,Soledad,8305873001
9003,"Rubio Campos, Luis Miguel",67,Mocoa,9496067302
9004,"Pena Cardenas, Raul",52,Mocoa,3776080603
9005,"Navarro Mendez, Manuel",68,Pereira,9171087204
9006,"Ochoa Maldonado, Ana",57,Yopal,7850914205
9007,"Cabrera Ortiz, Blanca",56,Popayan,9913534506
9008,"Padilla Parra, Rodrigo",29,Pereira,7345815407
9009,"Gomez Jimenez, Lorena",55,Barrancabermeja,3469874508
9010,"Mendez Zamora, Melissa",49,Barranquilla,7778083409
9011,"Bravo Vargas, Oscar",32,Villavicencio,6969651410
9012,"Salazar Padilla, Paula",31,Floridablanca,4640660011
9013,"Contreras Rios, Esperanza",48,Saravena,5598125112
9014,"Romero Vergara, Daniela",29,Florencia,8465383313
9015,"Nieto Camacho, Pablo",78,Neiva,2527738214
9016,"Ibarra Osorio, Ana",19,Riohacha,5316084215
9017,"Mora Bustos, Juan",49,Palmira,8720802816
9018,"Rivera Serrano, Teresa",56,San Jose del Guaviare,9944639917
9019,"Cano Cruz, Mauricio",31,Florencia,4692834318
9020,"Maldonado Velasquez, Carlos",31,San Jose del Guaviare,1340196919
9021,"Velasquez Acosta, Juan Pablo",32,Palmira,2750572120
9022,"Muñoz Núñez, Maria",77,Floridablanca,7713323721
9023,"Avila Rodriguez, Laura",19,Riohacha,3448688722
9024,"Flores Flores, Fernando",55,Quibdo,1692036523
9025,"Escobar Serrano, Catalina",70,Pasto,9784356624
9026,"Ramirez Espinoza, Luis",41,Riohacha,2401868325
9027,"Gonzalez Delgado, Lina",63,Pasto,3841762626
9028,"Guzmán Ramos, Ramon",42,Mitu,8779825127
9029,"Palacios Fuente, Julio",22,Bogota,9085918228
9030,"Rios Estrada, Gloria",43,Armenia,7264392029
9031,"Fuentes Martinez, Sebastian",19,Arauca,1751110330
9032,"Velasquez Vásquez, Maria Jose",35,Bello,5192241331
9033,"Coronel Delgado, Juan",37,Popayan,9504095232
9034,"Escobar Herrera, Elena",28,Arauca,1687442133
9035,"Martinez Rios, Paula",45,Bucaramanga,7805807134
9036,"Avila Guzmán, Cristina",61,Inirida,1090230435
9037,"Sandoval Zamora, Antonio",80,Popayan,9542305336
9038,"Valdez Ibarra, Lina",21,Medellin,5231574737
9039,"Cano Valdez, Enrique",33,Santa Marta,3371771538
9040,"Estrada Ponce, Juan",57,Popayan,3573730239
9041,"Rubio Valencia, Laura",32,Mitu,6692145040
9042,"Valencia Estrada, Ana",34,Florencia,2761557841
9043,"Leon Lara, Alejandro",63,San Jose del Guaviare,1064724942
9044,"Carrillo Padilla, Roberto",33,Tunja,9110514343
9045,"Rojas Lugo, Angela",74,Bucaramanga,7556177744
9046,"Silva Alvarado, Arturo",29,Pasto,8393605445
9047,"Guzmán Salazar, Patricia",39,Floridablanca,4752888746
9048,"Rubio Ponce, Esperanza",66,Barrancabermeja,5581257047
9049,"Moreno Rios, Nora",61,Armenia,7000091948
9050,"Lara Torres, Cesar",54,Barranquilla,6744862649
9051,"Romero Gutierrez, Victor",60,Popayan,6523174450
9052,"Gomez Campos, Alejandro",48,Pasto,9935246451
9053,"Jimenez Carrillo, Miguel",73,Neiva,3933531852
9054,"Gallego Vargas, Mariana",65,Riohacha,1643157953
9055,"Fuente Guzmán, Helena",47,Villavicencio,8666513054
9056,"Lara Ibarra, Alejandro",31,Yopal,6874019855
9057,"Fuente Medina, Ana Maria",32,Medellin,5226558656
9058,"Cabrera Alvarez, Elena",26,Valledupar,2116666157
9059,"Cabrera Meza, Silvia",74,Cali,6907417858
9060,"Espinoza Mendoza, Tomas",44,Cartagena,6987850859
9061,"Garcia Palacios, David",68,Arauca,9785244160
9062,"Castillo Sandoval, Beatriz",53,Medellin,1771540261
9063,"Ramirez Pena, Luis Miguel",29,Pasto,2031776062
9064,"Garcia Reyes, Cristina",23,Soledad,3611238363
9065,"Torres Meza, Diego",55,Barranquilla,8466619664
9066,"Romero Ibarra, Paola",67,Manizales,1186272565
9067,"Bustos Morales, Luis",42,Yopal,6634649866
9068,"Camacho Tapia, Sandra",71,Armenia,1366330467
9069,"Guerrero Villanueva, Mauricio",56,Bucaramanga,3831452668
9070,"Salazar Peralta, Diego",49,Soacha,1112871169
9071,"Mendez Morales, Eduardo",21,Mitu,1620174470
9072,"Velasquez Miranda, Oscar",24,Florencia,1061573271
9073,"Soto Leon, Javier",51,Soacha,6555503972
9074,"Miranda Cruz, Hernan",40,Envigado,6907122173
9075,"Flores Ortiz, Ana",27,Medellin,8990880074
9076,"Meza Padilla, Enrique",24,Leticia,8970776675
9077,"Trujillo Maldonado, Cristina",46,Palmira,5598686076
9078,"Mora Navarro, Sebastian",28,Florencia,3474187777
9079,"Estrada Lopez, Gloria",53,Popayan,6569384178
9080,"Pena Molina, Laura",47,Palmira,5926588179
9081,"Camacho Vásquez, Miguel",47,Leticia,2168329480
9082,"Perez Valencia, Esteban",74,Itagui,2024696281
9083,"Rios Miranda, Enrique",57,Saravena,6764450782
9084,"Lopez Romero, Carlos",24,Pereira,3525565283
9085,"Molina Herrera, Cesar",58,Yopal,2300967884
9086,"Rodriguez Bravo, Gustavo",52,Bello,1686723585
9087,"Perez Ramos, Ricardo",78,Pereira,7360358186
9088,"Becerra Diaz, Teresa",22,Itagui,8642153387
9089,"Lara Espinoza, Andrea",71,Bogota,4171628288
9090,"Dominguez Rivera, David",42,Manizales,4639202889
9091,"Campos Cardenas, Monica",40,Cali,2099444590
9092,"Villanueva Aguilar, Natalia",46,Cucuta,6402378091
9093,"Guzmán Gonzalez, Adriana",35,Villavicencio,4941404892
9094,"Medina Alvarado, Arturo",70,Ibague,5875037093
9095,"Meza Garcia, Lina",33,San Jose del Guaviare,5421321794
9096,"Jimenez Vargas, Ivan",55,Soacha,4886013195
9097,"Zamora Villanueva, Isabella",30,Barranquilla,3591361196
9098,"Contreras Osorio, Oscar",74,Itagui,3739625897
9099,"Vega Torres, Felipe",70,Bucaramanga,7613776498
9100,"Palacios Medina, Marcela",58,Neiva,2181108099
9101,"Sanchez Ibarra, Julio",38,Pasto,2874953400
9102,"Valencia Moreno, Alejandro",62,Riohacha,5826272801
9103,"Jimenez Leon, Elena",37,Florencia,1687011602
9104,"Serrano Guerrero, Gloria",26,Saravena,7395192903
9105,"Espinoza Cardenas, Elena",32,Inirida,3604694004
9106,"Morales Pena, Diego",53,Quibdo,5941899905
9107,"Rivera Gomez, Miguel",46,Florencia,7590463606
9108,"Martinez Castillo, Andres",76,Itagui,5078884007
9109,"Reyes Campos, Ernesto",76,Saravena,4821038908
9110,"Diaz Nieto, Manuel",71,Soacha,8225978509
9111,"Meza Maldonado, Helena",48,Cucuta,7725244410
9112,"Sanchez Espinoza, Pablo",20,Barranquilla,6654453411
9113,"Cortez Vega, Laura",55,Leticia,2173094212
9114,"Diaz Flores, Diego",64,Monteria,2821261613
9115,"Fuentes Contreras, Tomas",66,Villavicencio,8492371314
9116,"Meza Tapia, Ricardo",33,Puerto Carreno,2899584115
9117,"Serrano Mora, Enrique",41,Bogota,7273827316
9118,"Naranjo Navarro, Arturo",33,Santa Marta,2929224117
9119,"Rodriguez Herrera, Teresa",60,Valledupar,6828681718
9120,"Castillo Arias, Raul",48,Medellin,6299379719
9121,"Gallego Rios, Diana",45,Santa Marta,2869595720
9122,"Peralta Campos, Maria Clara",64,Valledupar,9210565721
9123,"Ruiz Escobar, Sandra",50,Quibdo,8156168122
9124,"Tapia Salinas, Fabian",52,Cucuta,1615836723
9125,"Garcia Serrano, Ana",67,Inirida,7981738624
9126,"Aguilar Medina, Susana",54,Floridablanca,4456186725
9127,"Vásquez Fuente, Catalina",70,Riohacha,4729115126
9128,"Muñoz Pena, Nora",29,Bogota,2711710227
9129,"Morales Escobar, Marcela",41,Saravena,1473138828
9130,"Rios Bravo, Fabian",46,Armenia,4557710429
9131,"Arias Torres, Helena",38,Ibague,6678383230
9132,"Nieto Suarez, Andres",41,Cartagena,7818113131
9133,"Silva Gallego, Irene",35,Pasto,1598460432
9134,"Guerrero Ortiz, Pablo",31,Cali,3375377633
9135,"Medina Alvarez, Luis",23,Itagui,9631360034
9136,"Ruiz Vergara, Sebastian",47,Puerto Carreno,6275183435
9137,"Navarro Valdez, Carlos",20,Puerto Carreno,9422245936
9138,"Diaz Romero, Alejandra",42,Armenia,9185020237
9139,"Castillo Espinoza, Diana",30,Floridablanca,7221261438
9140,"Barrera Salazar, Teresa",22,Arauca,3144007639
9141,"Velasquez Alvarado, Patricia",56,Cartagena,7504446640
9142,"Rodriguez Contreras, Juan",60,Valledupar,7087145541
9143,"Valdez Cabrera, Cristina",37,Medellin,7434787942
9144,"Vega Morales, Mario",40,Envigado,6771727943
9145,"Alvarado Navarro, Angela",34,Leticia,7596231544
9146,"Escobar Peralta, Sandra",47,Sincelejo,4597434145
9147,"Campos Valdez, Nora",56,Villavicencio,7654959746
9148,"Mora Rojas, Melissa",47,Pereira,7253397447
9149,"Palacios Gonzalez, Pedro",26,Saravena,3676806348
9150,"Ponce Leon, Natalia",80,Mocoa,3642882149
9151,"Mendez Naranjo, Alejandro",34,Ibague,1462357150
9152,"Alvarado Fuente, Lorena",77,Buenaventura,9542241351
9153,"Suarez Reyes, Nora",77,Riohacha,1106783652
9154,"Ponce Perez, Andres Felipe",55,Arauca,3124727753
9155,"Suarez Bustos, Luisa",59,Floridablanca,2897453554
9156,"Cortez Rojas, Cristina",51,Ibague,7425083655
9157,"Salazar Cortez, Roberto",38,Sincelejo,6907193456
9158,"Becerra Escobar, Lorena",55,Sincelejo,4824964857
9159,"Leon Dominguez, Juliana",65,Santa Marta,3324732558
9160,"Fuente Salazar, Lina",75,Soledad,2921985959
9161,"Sanchez Pena, Rocio",47,Ibague,2819263060
9162,"Navarro Dominguez, Rodrigo",73,Saravena,9294058761
9163,"Miranda Bravo, Juan Pablo",76,Yopal,6889035762
9164,"Blanco Ramirez, Rocio",21,Barranquilla,2171619863
9165,"Contreras Estrada, Lina",55,Monteria,5970600864
9166,"Tapia Ochoa, Rodrigo",66,Armenia,2748680765
9167,"Suarez Leon, Javier",57,Saravena,2491220266
9168,"Fuente Barrera, Teresa",69,Envigado,8390736467
9169,"Vásquez Cruz, Cesar",66,Saravena,9499933368
9170,"Castillo Ochoa, Ernesto",32,Barrancabermeja,5338950169
9171,"Velasquez Cano, Lina",62,Arauca,9282080570
9172,"Medina Salazar, Luis Miguel",39,Saravena,6542897471
9173,"Palacios Valencia, Isabella",76,Popayan,7620662572
9174,"Muñoz Suarez, Nicolas",48,Sincelejo,8953573973
9175,"Naranjo Castillo, Ana Maria",34,Cucuta,8682768274
9176,"Ponce Cano, Victor",76,Barrancabermeja,5525108375
9177,"Coronel Valencia, Martha",53,Ibague,3863388876
9178,"Romero Bustos, Helena",34,Ibague,8173827377
9179,"Escobar Escobar, Hugo",62,Pereira,9065870978
9180,"Garcia Suarez, Juliana",40,Cucuta,9381019279
9181,"Alvarado Molina, Oscar",56,Armenia,5840336680
9182,"Naranjo Rubio, Marcela",62,Floridablanca,3804449081
9183,"Suarez Rivera, Isabella",32,Tunja,7991742582
9184,"Estrada Vega, Andres Felipe",46,Cali,5452769583
9185,"Herrera Núñez, Sofia",63,Manizales,2573172284
9186,"Martinez Moreno, Raul",43,Envigado,7652899285
9187,"Contreras Nieto, Cristina",57,Puerto Carreno,3144914486
9188,"Padilla Vergara, Raul",38,Bucaramanga,6452724687
9189,"Cortez Ortiz, Alejandro",47,Arauca,3160493588
9190,"Villanueva Ochoa, Felipe",69,Neiva,8768771089
9191,"Campos Guerrero, Hugo",53,Manizales,4342970490
9192,"Lugo Gomez, Tomas",66,Armenia,4793609691
9193,"Ochoa Peralta, David",25,Neiva,7249409192
9194,"Moreno Velasquez, Javier",34,Arauca,8182445293
9195,"Vargas Fuentes, Alicia",68,Buenaventura,5044578894
9196,"Alvarado Reyes, Daniela",34,Monteria,6853526195
9197,"Vergara Delgado, Irene",18,Buenaventura,1114365196
9198,"Navarro Fuente, Luis Miguel",67,Barranquilla,1764715497
9199,"Coronel Muñoz, Manuel",39,Medellin,8632383398
9200,"Trujillo Palacios, Helena",69,Puerto Carreno,8239989199
9201,"Ortiz Estrada, Juan",30,Pereira,1475851800
9202,"Flores Gutierrez, Irene",31,Bogota,8398353201
9203,"Castillo Peralta, Carlos",29,Tunja,1141111302
9204,"Gonzalez Vega, Hector",22,Arauca,4378046703
9205,"Rubio Gomez, Melissa",21,Itagui,1450130204
9206,"Barrera Lara, Rosa",65,Puerto Carreno,1006731305
9207,"Peralta Valencia, Isabella",59,Barranquilla,8212802606
9208,"Romero Medina, Pedro",79,Yopal,7365281307
9209,"Gonzalez Delgado, Daniela",68,Itagui,6426641508
9210,"Ruiz Serrano, Pilar",34,Monteria,8581595609
9211,"Figueroa Naranjo, Martha",33,Bello,7652086610
9212,"Ortiz Gomez, Roberto",22,Neiva,5744435311
9213,"Diaz Valdez, Catalina",48,Mitu,2861051812
9214,"Ibarra Rivera, Marcela",41,Popayan,4450909013
9215,"Rios Salinas, Helena",42,Ibague,6912523914
9216,"Mendez Rojas, Beatriz",70,Sincelejo,5481901515
9217,"Gutierrez Contreras, Valentina",22,Pereira,5816952816
9218,"Suarez Rubio, Blanca",40,Tunja,7799923817
9219,"Arias Guerrero, Laura",77,Cartagena,1653194518
9220,"Zamora Alvarado, Cristina",27,Manizales,6781523419
9221,"Garcia Garcia, Lorena",31,Pereira,3648323720
9222,"Torres Fuente, Pablo",60,Floridablanca,4919940821
9223,"Perez Aguilar, Alicia",61,Valledupar,1605641222
9224,"Pena Navarro, Roberto",60,Yopal,9839716623
9225,"Jimenez Alvarado, Mauricio",42,Palmira,1256379924
9226,"Navarro Jimenez, Sofia",35,Cucuta,3477402525
9227,"Leon Vargas, Cesar",79,Yopal,7368790426
9228,"Palacios Ramos, Yolanda",45,Inirida,9537544527
9229,"Sandoval Arias, Rosa",38,Riohacha,3942195328
9230,"Dominguez Espinoza, Camila",79,Leticia,6642101729
9231,"Navarro Campos, Gabriel",18,Barranquilla,6392395130
9232,"Alvarado Trujillo, Valentina",62,Barranquilla,5195762931
9233,"Ramirez Romero, Nicolas",22,Envigado,9887031832
9234,"Garcia Gallego, Nicolas",57,Monteria,8114366733
9235,"Acosta Villanueva, Hector",35,Manizales,8925302034
9236,"Suarez Núñez, Angela",77,Saravena,1899518735
9237,"Valencia Leon, Juan Pablo",33,Cucuta,1404653736
9238,"Barrera Lara, Juan Pablo",55,Leticia,9813897537
9239,"Serrano Castillo, Cristina",44,Pasto,4126380038
9240,"Peralta Sandoval, Sebastian",65,Neiva,2711566839
9241,"Diaz Salazar, Paola",42,Bello,2882750640
9242,"Bravo Alvarez, Paola",46,Bogota,3487594641
9243,"Torres Estrada, Yolanda",25,Quibdo,9904143642
9244,"Martinez Tapia, Sergio",25,Soledad,4090982643
9245,"Núñez Carrillo, Alejandro",18,Cucuta,2167738344
9246,"Gomez Carrillo, Maria",64,Neiva,6475146045
9247,"Perez Meza, Paula",38,Manizales,2516229946
9248,"Cano Parra, Ignacio",67,Ibague,2757825147
9249,"Arias Sandoval, Gustavo",58,Ibague,3422920348
9250,"Blanco Becerra, Gabriel",68,Manizales,9094899849
9251,"Valdez Maldonado, Gabriel",71,Palmira,6972539650
9252,"Contreras Parra, Sofia",41,Soledad,6863191751
9253,"Pena Guerrero, Andres Felipe",27,Mitu,9043589652
9254,"Palacios Ruiz, Lorena",77,Tunja,8058049253
9255,"Ortiz Ponce, Teresa",55,Florencia,4913611754
9256,"Herrera Molina, Paula",62,Ibague,8404328355
9257,"Becerra Lugo, Antonio",27,San Jose del Guaviare,7838308256
9258,"Medina Salazar, Gloria",43,Neiva,3474910557
9259,"Becerra Sanchez, Claudia",62,Mocoa,2609143358
9260,"Padilla Bustos, Antonio",46,Riohacha,4970829859
9261,"Martinez Garcia, Nicolas",73,Santa Marta,5985328860
9262,"Figueroa Estrada, Juliana",46,Arauca,9488701161
9263,"Cabrera Martinez, Raul",43,Cali,3840226162
9264,"Ramos Barrera, Oscar",48,Floridablanca,2542992663
9265,"Vega Avila, Alfredo",37,Inirida,1290518964
9266,"Estrada Alvarado, Eduardo",55,Saravena,3122621965
9267,"Ochoa Flores, Alfredo",73,Buenaventura,4382487366
9268,"Carrillo Avila, Alicia",31,Tunja,4362661767
9269,"Campos Guzmán, Angela",44,Puerto Carreno,2203981768
9270,"Guerrero Guzmán, Fabian",70,Palmira,3495401269
9271,"Zamora Ruiz, Hector",68,Mitu,1618427570
9272,"Navarro Bustos, Sebastian",71,Mocoa,6899822971
9273,"Lara Guzmán, Camila",31,Envigado,3319828172
9274,"Lara Ortiz, Enrique",48,San Jose del Guaviare,3063854673
9275,"Serrano Espinoza, Helena",29,Popayan,8507623874
9276,"Cruz Reyes, Helena",34,Manizales,8898102075
9277,"Lopez Rios, Angela",24,Soacha,9676593076
9278,"Parra Padilla, Ana Maria",35,Inirida,1595831577
9279,"Zamora Garcia, Mauricio",28,Mitu,8602272378
9280,"Velasquez Serrano, Andrea",74,Valledupar,7014030479
9281,"Zamora Ochoa, Mariana",52,Florencia,2607006680
9282,"Coronel Tapia, Pablo",36,Pasto,2966994081
9283,"Alvarez Tapia, Paula",55,Mocoa,9701528382
9284,"Figueroa Velasquez, Juan Pablo",62,Medellin,7149960483
9285,"Nieto Martinez, Beatriz",60,Barrancabermeja,2579042284
9286,"Blanco Perez, Lorena",59,Cali,4217424485
9287,"Jimenez Silva, Gabriel",22,Buenaventura,3712381286
9288,"Escobar Ponce, Nora",52,Leticia,9476066887
9289,"Lopez Salazar, Hector",74,Puerto Carreno,2797631988
9290,"Lara Fuentes, Jorge",41,Valledupar,5936229689
9291,"Naranjo Lugo, Diana",69,Villavicencio,3581481190
9292,"Parra Rivera, Catalina",68,Santa Marta,2282747091
9293,"Muñoz Mendez, Patricia",51,Inirida,5516074592
9294,"Trujillo Fuente, Natalia",44,Santa Marta,1324912393
9295,"Reyes Rojas, Lina",63,Leticia,9229463694
9296,"Coronel Alvarado, Mario",57,Santa Marta,4158951095
9297,"Valencia Cardenas, Teresa",29,Envigado,3179908996
9298,"Ramos Villanueva, Enrique",48,Popayan,4294555997
9299,"Estrada Lugo, Enrique",63,Medellin,1862624498
9300,"Fuente Ramirez, Ernesto",71,Pasto,3638972799
9301,"Martinez Ortiz, Maria Jose",46,Santa Marta,8263677300
9302,"Velasquez Estrada, Ana Maria",59,Buenaventura,3172124801
9303,"Serrano Valencia, Nora",49,Villavicencio,2925922902
9304,"Flores Peralta, Claudia",63,Saravena,7404504603
9305,"Bustos Figueroa, Antonio",59,Santa Marta,6563533304
9306,"Pena Perez, Enrique",33,Riohacha,3512201905
9307,"Alvarado Reyes, Catalina",70,Medellin,1603471306
9308,"Ruiz Blanco, Maria Jose",73,Arauca,8722875807
9309,"Coronel Acosta, Paula",18,Leticia,8303013208
9310,"Acosta Valencia, Luisa",58,Soledad,1246289709
9311,"Camacho Reyes, Beatriz",66,Envigado,5926637910
9312,"Ramos Naranjo, Ana Maria",70,Mitu,5353613911
9313,"Cano Espinoza, Teresa",42,Santa Marta,6666409312
9314,"Delgado Mora, Cristina",46,Saravena,5298566213
9315,"Moreno Maldonado, Juan",63,Cucuta,1405133314
9316,"Naranjo Velasquez, Esteban",18,Riohacha,4550805015
9317,"Salazar Ponce, Angela",33,Valledupar,8492488316
9318,"Mendoza Rivera, Maria",68,Leticia,8040193517
9319,"Mendez Moreno, Melissa",45,Cucuta,1092544418
9320,"Lugo Diaz, Rosa",46,Pasto,4017851219
9321,"Gallego Campos, Juliana",47,Inirida,1490422420
9322,"Navarro Fuente, Yolanda",54,Pasto,3108752721
9323,"Gallego Nieto, Javier",61,Cartagena,9388523322
9324,"Valencia Aguilar, Irene",41,Saravena,7533506323
9325,"Leon Valdez, Sergio",78,Bello,2235744424
9326,"Bravo Garcia, Teresa",36,Pereira,2122866825
9327,"Rojas Lugo, Andrea",61,Yopal,3621030126
9328,"Martinez Lopez, Angela",26,Armenia,9414633827
9329,"Blanco Acosta, Andres Felipe",56,Soacha,6898370328
9330,"Vega Trujillo, Carmen",54,Barranquilla,3149299629
9331,"Mendoza Mendoza, Camila",63,Riohacha,6632357930
9332,"Villanueva Salazar, Nora",30,Soledad,8520234531
9333,"Perez Cruz, Yolanda",78,Envigado,4414400132
9334,"Naranjo Montes, Rocio",35,Saravena,9915562433
9335,"Salinas Torres, Oscar",26,Soledad,7665426734
9336,"Trujillo Sandoval, David",52,Barrancabermeja,8092878735
9337,"Gonzalez Alvarado, Camila",42,Floridablanca,5699653936
9338,"Tapia Vega, Arturo",80,Bogota,1341047037
9339,"Peralta Fuente, Susana",45,Riohacha,3801823438
9340,"Vásquez Delgado, Oscar",71,Tunja,8928773239
9341,"Salazar Maldonado, Ivan",49,Riohacha,1778635540
9342,"Navarro Barrera, Lorena",38,Mocoa,8550534841
9343,"Guerrero Perez, Patricia",33,Puerto Carreno,8635938442
9344,"Gonzalez Cardenas, Victor",58,Quibdo,3598076243
9345,"Nieto Espinoza, Javier",18,Bogota,6551698844
9346,"Tapia Martinez, Ana",54,Bogota,6643196945
9347,"Padilla Becerra, Pilar",69,Saravena,5873802946
9348,"Coronel Villanueva, Victor",80,Barrancabermeja,4076400847
9349,"Medina Torres, Silvia",80,Armenia,6270288648
9350,"Blanco Rubio, Catalina",21,Armenia,9050914749
9351,"Ramirez Espinoza, Ana",43,Arauca,4091620350
9352,"Guzmán Alvarado, Irene",63,Inirida,5852366751
9353,"Camacho Palacios, Nicolas",50,Ibague,3735143452
9354,"Ramirez Silva, Laura",79,Cali,9328859053
9355,"Arias Zamora, Sebastian",20,Neiva,8957567554
9356,"Mendez Gonzalez, Carlos",43,Soledad,8283316555
9357,"Silva Ramirez, Alejandra",39,Villavicencio,2117826856
9358,"Medina Muñoz, Fernando",76,Mitu,6181966557
9359,"Mora Medina, Jorge",61,Itagui,5151001958
9360,"Campos Flores, Elena",36,Cartagena,1570379559
9361,"Maldonado Castillo, Susana",57,Envigado,3335978760
9362,"Vásquez Diaz, Ricardo",52,Palmira,2792224061
9363,"Bustos Ramos, Nicolas",19,Leticia,2403094262
9364,"Gonzalez Núñez, Valentina",46,Mitu,7998781563
9365,"Fuente Sandoval, Juan Pablo",45,Buenaventura,2894416664
9366,"Núñez Salazar, Ricardo",36,Leticia,6465969865
9367,"Morales Delgado, Hector",72,Mitu,5333168666
9368,"Medina Torres, Lorena",79,Popayan,2276109767
9369,"Sandoval Peralta, Sebastian",34,Medellin,4687647268
9370,"Mendez Mendoza, Roberto",52,Envigado,2422484069
9371,"Núñez Mora, Catalina",18,Palmira,4322591370
9372,"Parra Martinez, Teresa",48,Valledupar,2786051571
9373,"Núñez Guzmán, Ignacio",77,Mitu,3923699672
9374,"Ochoa Parra, Rafael",77,Envigado,1149151373
9375,"Medina Herrera, Antonio",21,Florencia,7341172074
9376,"Torres Avila, Miguel",73,Popayan,7873888775
9377,"Bravo Contreras, Pablo",47,Mitu,6884527176
9378,"Soto Acosta, Elena",61,Inirida,4382656677
9379,"Nieto Vega, Esteban",71,Cucuta,8794997878
9380,"Rodriguez Pena, Martha",29,Pereira,7235077779
9381,"Ramirez Peralta, Carlos",54,Puerto Carreno,7565125680
9382,"Montes Silva, Lorena",49,Soacha,6753126581
9383,"Maldonado Guzmán, Mario",42,Arauca,8843614382
9384,"Palacios Suarez, Enrique",58,Leticia,4971394083
9385,"Avila Bravo, Teresa",71,Palmira,6995518184
9386,"Castillo Escobar, Javier",52,Monteria,6502466785
9387,"Tapia Alvarado, Ernesto",66,Villavicencio,4997419386
9388,"Martinez Perez, Sandra",71,San Jose del Guaviare,6410561487
9389,"Torres Rivera, Luisa",32,Bogota,7909082888
9390,"Ponce Acosta, Isabella",57,Popayan,7293078089
9391,"Vega Ramirez, Ernesto",59,Pereira,2197190690
9392,"Bustos Jimenez, Teresa",57,Sincelejo,3208973391
9393,"Rubio Arias, Fernando",69,Bello,7428044992
9394,"Nieto Contreras, Javier",18,Yopal,2655852693
9395,"Soto Reyes, Claudia",52,Armenia,4077512494
9396,"Cardenas Fuentes, Elena",20,Floridablanca,2463288595
9397,"Perez Salinas, Catalina",51,Cucuta,3103712996
9398,"Serrano Cardenas, Esteban",32,Cucuta,9536093697
9399,"Mora Villanueva, Juan",62,Medellin,4217350498
9400,"Pena Padilla, Catalina",23,Buenaventura,6631655699
9401,"Rivera Lara, Maria Jose",68,Riohacha,2997173200
9402,"Martinez Rojas, Ramon",28,Buenaventura,2619910001
9403,"Gonzalez Rubio, Claudia",67,Floridablanca,4175559402
9404,"Guzmán Campos, Rafael",57,Florencia,3207818203
9405,"Vega Campos, Irene",35,Bogota,6325436004
9406,"Camacho Vergara, Miguel",19,Mocoa,8863165505
9407,"Rodriguez Sanchez, Maria Jose",40,Neiva,7619720006
9408,"Soto Valdez, David",21,Inirida,8890540307
9409,"Figueroa Perez, Miguel",27,Ibague,2079626608
9410,"Medina Lopez, Alfredo",70,Manizales,9159750109
9411,"Rodriguez Valencia, Carlos",74,Sincelejo,7865147410
9412,"Espinoza Gutierrez, David",40,Pasto,5598910111
9413,"Diaz Cabrera, Ana",18,Villavicencio,7027788812
9414,"Osorio Delgado, Silvia",24,Tunja,2837420613
9415,"Estrada Martinez, Lina",80,Monteria,6218122614
9416,"Peralta Aguilar, Luis",71,Palmira,6137631315
9417,"Molina Estrada, Roberto",31,Villavicencio,7875786616
9418,"Miranda Vergara, Rodrigo",26,Sincelejo,3648746817
9419,"Maldonado Campos, Maria",55,Leticia,3036773218
9420,"Fuentes Cardenas, Arturo",32,Tunja,7701502919
9421,"Guzmán Herrera, Ricardo",61,Neiva,8725055120
9422,"Tapia Tapia, Cristina",69,Inirida,6474171721
9423,"Cruz Silva, Natalia",44,Bucaramanga,3486787122
9424,"Suarez Vega, Sandra",43,Valledupar,9581038923
9425,"Espinoza Parra, Esperanza",18,Villavicencio,6981724024
9426,"Tapia Gonzalez, Diana",48,Soledad,7237014725
9427,"Espinoza Figueroa, Natalia",56,Yopal,5655487026
9428,"Castillo Morales, Gloria",41,Neiva,3047623827
9429,"Salinas Parra, Fabian",78,Bello,8455362828
9430,"Tapia Zamora, Natalia",40,Manizales,3419571929
9431,"Osorio Cortez, Beatriz",35,Mocoa,4507134230
9432,"Lugo Estrada, Lina",80,Villavicencio,4129567931
9433,"Valdez Cruz, Felipe",56,Soacha,8767424632
9434,"Vargas Nieto, Maria Clara",74,Inirida,6243695133
9435,"Parra Estrada, Laura",29,Soacha,8446816434
9436,"Palacios Vergara, Paola",32,Cartagena,4867040935
9437,"Guzmán Pena, Ana",48,Villavicencio,1208018336
9438,"Rubio Ponce, Blanca",43,Yopal,9872866237
9439,"Garcia Contreras, Javier",25,Monteria,4873371838
9440,"Sandoval Tapia, Lina",59,Riohacha,7188006739
9441,"Gomez Estrada, Diana",72,Bello,2323891840
9442,"Jimenez Garcia, Silvia",18,Cartagena,5598757241
9443,"Maldonado Vega, Lorena",34,Tunja,3514328442
9444,"Cortez Fuentes, Jorge",72,Medellin,2656063443
9445,"Navarro Camacho, Sofia",74,Buenaventura,3510769544
9446,"Cabrera Osorio, Alejandro",60,Mitu,6434974745
9447,"Zamora Rios, Eduardo",37,Medellin,1208533946
9448,"Gonzalez Velasquez, Cristina",78,Florencia,1224552847
9449,"Velasquez Osorio, Esteban",60,Soledad,1603884748
9450,"Aguilar Villanueva, Silvia",45,Quibdo,6625122849
9451,"Cortez Avila, Victor",47,Pasto,7870143650
9452,"Leon Silva, Oscar",69,Ibague,9304715051
9453,"Espinoza Moreno, Catalina",21,Barrancabermeja,3314400252
9454,"Campos Cano, Hector",77,Pasto,1770248653
9455,"Acosta Ramos, Mariana",45,Itagui,7323298954
9456,"Palacios Campos, Ana Maria",61,Soacha,3804515455
9457,"Castillo Ibarra, Julio",73,Tunja,1040650956
9458,"Silva Espinoza, Pedro",43,Quibdo,5843921857
9459,"Campos Medina, Mauricio",67,Cucuta,1855996158
9460,"Villanueva Valdez, Fabian",65,Puerto Carreno,9012270059
9461,"Serrano Salinas, Manuel",27,Monteria,4290485960
9462,"Meza Gallego, Enrique",62,Soledad,3614462961
9463,"Vásquez Lopez, David",64,Itagui,7077021462
9464,"Ochoa Moreno, Valentina",27,Mocoa,3380789063
9465,"Palacios Escobar, Daniela",64,Arauca,5526214264
9466,"Osorio Ramos, Catalina",26,Riohacha,5422531265
9467,"Contreras Pena, Pilar",50,Quibdo,2779105866
9468,"Suarez Lopez, Raul",38,Bogota,7035576467
9469,"Mora Muñoz, Lina",26,Ibague,1594269168
9470,"Vargas Herrera, Hernan",60,Itagui,7490097969
9471,"Reyes Blanco, Camila",52,Bucaramanga,8986654770
9472,"Martinez Tapia, Ramon",25,Riohacha,4395982371
9473,"Núñez Jimenez, Marcela",44,Medellin,3136148172
9474,"Castillo Mendez, Maria",62,Floridablanca,8965242473
9475,"Cano Becerra, Tomas",73,Soledad,7658678574
9476,"Salazar Reyes, Luisa",18,San Jose del Guaviare,1826930975
9477,"Morales Moreno, Paula",77,San Jose del Guaviare,6186876276
9478,"Aguilar Figueroa, Hernan",31,Cali,8947404577
9479,"Gutierrez Valencia, Ivan",20,Arauca,1792194078
9480,"Arias Bravo, Gloria",47,Bucaramanga,3588931079
9481,"Vargas Reyes, Hector",31,Yopal,7745983380
9482,"Dominguez Cano, Isabella",59,Arauca,8076224581
9483,"Parra Lopez, Ramon",37,Manizales,3697501582
9484,"Mora Ortiz, Paula",71,Manizales,3150274483
9485,"Alvarez Ruiz, Ivan",29,Popayan,6134310684
9486,"Meza Romero, Valentina",32,Soledad,1525980585
9487,"Ramos Flores, Ignacio",25,Monteria,6718518486
9488,"Rivera Cortez, Nora",74,Tunja,3134914387
9489,"Lopez Avila, Andres Felipe",22,Itagui,8477743388
9490,"Arias Padilla, Lina",59,Inirida,2396517989
9491,"Serrano Ortiz, Rafael",65,Manizales,4866704690
9492,"Herrera Molina, Juan Pablo",66,Villavicencio,7051419891
9493,"Vásquez Lugo, Elena",20,Soledad,3006625392
9494,"Coronel Muñoz, Alejandro",21,Florencia,2308388493
9495,"Reyes Sandoval, Andrea",18,Mitu,3020289694
9496,"Rodriguez Acosta, Rocio",63,Cucuta,3192026595
9497,"Guerrero Vásquez, Ramon",28,Cartagena,8247781396
9498,"Blanco Maldonado, Javier",19,Soledad,4370300097
9499,"Bustos Vargas, Alicia",24,Puerto Carreno,1754469498
9500,"Contreras Velasquez, Alejandra",67,Inirida,4669801199
9501,"Ortiz Rubio, Ramon",21,Ibague,8735132200
9502,"Sanchez Becerra, Andres",27,Valledupar,9109365301
9503,"Miranda Mendoza, Hernan",23,Armenia,9027232902
9504,"Silva Ibarra, Sebastian",18,Arauca,3032781303
9505,"Guerrero Suarez, Maria Clara",64,Soacha,1894060904
9506,"Rojas Acosta, Felipe",22,Mitu,8094206005
9507,"Rojas Gonzalez, Luis",77,Medellin,3427848406
9508,"Ramirez Rios, Mauricio",76,Soacha,3552955107
9509,"Gallego Gallego, Antonio",27,Quibdo,5752583508
9510,"Muñoz Barrera, Claudia",61,Quibdo,1698689409
9511,"Camacho Ramirez, Luis Miguel",57,Villavicencio,8792158010
9512,"Blanco Vega, Maria Clara",49,Floridablanca,5411591211
9513,"Rodriguez Rojas, Blanca",55,Saravena,1997090712
9514,"Ibarra Vergara, Rafael",45,Inirida,2265360813
9515,"Zamora Gutierrez, Mario",44,Inirida,6335997714
9516,"Vega Aguilar, Andres",73,Pereira,2930949415
9517,"Molina Sandoval, Ivan",50,Cartagena,7986598816
9518,"Vásquez Maldonado, Gustavo",26,Ibague,4510473217
9519,"Barrera Núñez, Fernando",78,Cartagena,6927447518
9520,"Martinez Salinas, Blanca",62,Floridablanca,2284715819
9521,"Arias Diaz, Rocio",74,Buenaventura,1613957620
9522,"Acosta Suarez, Ricardo",55,Quibdo,8480580121
9523,"Gutierrez Meza, Lorena",34,Villavicencio,8126696722
9524,"Serrano Zamora, Oscar",56,Villavicencio,7288318823
9525,"Ochoa Rojas, Cristina",78,Valledupar,7898476024
9526,"Acosta Vásquez, Susana",78,Neiva,5736156825
9527,"Osorio Perez, Gloria",61,Palmira,2258343326
9528,"Mendoza Estrada, Gabriel",28,Armenia,9077140627
9529,"Salazar Dominguez, Mauricio",79,Neiva,4940332628
9530,"Rojas Valencia, Arturo",37,Palmira,2751966229
9531,"Rivera Serrano, Oscar",76,Pasto,3115741630
9532,"Cortez Velasquez, Claudia",37,Quibdo,5358033631
9533,"Barrera Martinez, Natalia",72,Bello,3981263932
9534,"Molina Ruiz, Juan",44,Sincelejo,5906520433
9535,"Naranjo Ruiz, Esperanza",77,Neiva,5634262834
9536,"Mendoza Arias, Beatriz",43,Quibdo,5543896635
9537,"Ponce Valdez, Juliana",67,Palmira,1786480736
9538,"Aguilar Fuentes, Catalina",33,Florencia,8548285837
9539,"Leon Estrada, Esteban",47,Pereira,9655616538
9540,"Gallego Núñez, Juliana",27,Riohacha,4267929439
9541,"Cortez Vega, Rafael",72,San Jose del Guaviare,8546885340
9542,"Tapia Coronel, Alicia",23,Sincelejo,2629568641
9543,"Ponce Alvarado, Irene",21,Armenia,8657285642
9544,"Cabrera Nieto, Cristina",32,Inirida,4388895943
9545,"Fuente Camacho, Teresa",72,Medellin,6352860344
9546,"Meza Naranjo, Rosa",47,Quibdo,3459851545
9547,"Camacho Becerra, Miguel",40,Envigado,5838785646
9548,"Maldonado Trujillo, Alejandro",72,Pereira,2376975047
9549,"Martinez Rios, Ramon",73,Puerto Carreno,7277829448
9550,"Lara Flores, Felipe",58,Leticia,4449134549
9551,"Ortiz Bustos, Esteban",37,Cartagena,4465339350
9552,"Delgado Becerra, Carmen",79,Florencia,6182325051
9553,"Salazar Meza, Juan",22,Pasto,2645136052
9554,"Salinas Jimenez, Alicia",68,Tunja,7424901353
9555,"Naranjo Velasquez, Yolanda",75,Soledad,1002545954
9556,"Rubio Silva, Teresa",61,Manizales,6969448555
9557,"Rubio Trujillo, Juan Pablo",22,Tunja,7397929856
9558,"Gallego Coronel, Rocio",29,Pasto,6525497057
9559,"Soto Núñez, Fabian",76,Bogota,7475259558
9560,"Gonzalez Cano, Eduardo",62,Bogota,3640539859
9561,"Guerrero Navarro, Luis",27,Soacha,8197219660
9562,"Escobar Flores, Diana",79,Saravena,6947043361
9563,"Guzmán Silva, Raul",27,Valledupar,8341737762
9564,"Rivera Bustos, Susana",31,Bucaramanga,1533121363
9565,"Cortez Mendez, Tomas",67,Villavicencio,3287238364
9566,"Rodriguez Figueroa, Felipe",22,Buenaventura,2252275965
9567,"Velasquez Naranjo, Juan",20,Pasto,7712235066
9568,"Vergara Figueroa, Rafael",32,Quibdo,8930492067
9569,"Gonzalez Bustos, Mariana",42,Envigado,2015384668
9570,"Rios Garcia, Claudia",43,Ibague,8003167969
9571,"Castillo Lara, Irene",36,Villavicencio,2290350870
9572,"Alvarez Ramirez, Maria",76,Palmira,2750614171
9573,"Coronel Rodriguez, Mario",18,Pasto,3897932672
9574,"Lopez Cardenas, Hugo",46,Ibague,7944312173
9575,"Núñez Nieto, Maria Clara",56,Popayan,2994561874
9576,"Ramos Becerra, Hugo",69,Soledad,1596866675
9577,"Miranda Osorio, Arturo",28,Bello,4885441876
9578,"Serrano Ponce, Esperanza",49,Pasto,9009246577
9579,"Acosta Lara, Antonio",63,Ibague,6861871678
9580,"Ortiz Diaz, Helena",44,Quibdo,6634318479
9581,"Rubio Montes, Valentina",76,Sincelejo,2587864780
9582,"Velasquez Miranda, Melissa",20,Medellin,7235401581
9583,"Sandoval Acosta, Gustavo",57,Sincelejo,2746112182
9584,"Núñez Medina, Carlos",75,Tunja,2593893483
9585,"Mendoza Avila, David",38,Medellin,8932824384
9586,"Bustos Carrillo, Francisco",63,Mocoa,5382369285
9587,"Campos Silva, Rocio",59,Barranquilla,5024244886
9588,"Rubio Villanueva, Pablo",32,Inirida,7389168687
9589,"Molina Vega, Ana Maria",49,San Jose del Guaviare,2436347688
9590,"Mendez Morales, Juliana",54,Armenia,8497269889
9591,"Rojas Escobar, Tomas",29,Valledupar,4533265290
9592,"Alvarez Contreras, Jorge",20,Cartagena,5660423091
9593,"Medina Guerrero, Andrea",21,Tunja,4116882592
9594,"Padilla Lopez, Lina",71,Sincelejo,6304514293
9595,"Becerra Vega, Nora",48,Ibague,5371371794
9596,"Leon Moreno, Hugo",35,Riohacha,2939428195
9597,"Flores Vargas, Carlos",40,Valledupar,4769027096
9598,"Acosta Cano, Claudia",32,Bogota,6273066497
9599,"Navarro Vergara, Ana",60,Armenia,5851278298
9600,"Gallego Ramirez, Felipe",58,Buenaventura,7426228099
9601,"Lopez Osorio, Julio",73,Arauca,7066660700
9602,"Estrada Valdez, Mario",71,San Jose del Guaviare,5832200901
9603,"Soto Vergara, Martha",80,Manizales,5740378702
9604,"Aguilar Pena, Pablo",67,Cali,1667398803
9605,"Blanco Velasquez, Antonio",28,Riohacha,1497627204
9606,"Ruiz Valencia, Ramon",42,Riohacha,4582213805
9607,"Reyes Sanchez, Antonio",18,Neiva,7257796906
9608,"Gallego Rivera, Ernesto",31,Riohacha,2900453507
9609,"Rivera Mendez, Juan",49,Soacha,5036447708
9610,"Parra Gallego, Pedro",65,Itagui,3233183709
9611,"Rubio Barrera, Esperanza",20,Inirida,6595455110
9612,"Garcia Silva, Juliana",24,Soacha,9962273011
9613,"Reyes Suarez, Ricardo",67,Bucaramanga,3099397112
9614,"Estrada Bustos, Luisa",29,Leticia,4331615813
9615,"Rivera Arias, Felipe",26,Neiva,5987681214
9616,"Perez Muñoz, Gabriel",29,Bogota,8670790515
9617,"Lopez Arias, Gabriel",43,Manizales,2145591116
9618,"Garcia Rojas, Sebastian",42,Barranquilla,8441847717
9619,"Muñoz Lugo, Hector",60,Tunja,5832097418
9620,"Rivera Sanchez, Gabriel",65,Yopal,2099339619
9621,"Morales Ochoa, Beatriz",43,Quibdo,3799284120
9622,"Coronel Cardenas, Andres",32,Itagui,6481541321
9623,"Silva Camacho, Carlos",30,Cali,7670559222
9624,"Campos Becerra, Arturo",20,Barranquilla,6893866823
9625,"Meza Vega, Sebastian",24,Florencia,4480343124
9626,"Torres Mora, Susana",24,Valledupar,3301761425
9627,"Ibarra Ochoa, Mauricio",73,Sincelejo,9853524926
9628,"Soto Palacios, Rosa",41,Cartagena,8394984427
9629,"Reyes Ortiz, Juan Pablo",53,San Jose del Guaviare,9130511728
9630,"Suarez Dominguez, Natalia",53,Inirida,1369070929
9631,"Molina Guerrero, Rodrigo",36,Mitu,1517030830
9632,"Romero Sandoval, Carlos",59,Valledupar,8078501931
9633,"Ramirez Coronel, Alfredo",39,Manizales,7209756032
9634,"Ramirez Parra, Nora",53,Sincelejo,5821228033
9635,"Tapia Peralta, Helena",40,Mocoa,9783551934
9636,"Bravo Navarro, Rocio",37,Riohacha,4101546435
9637,"Meza Cruz, Sandra",77,Cartagena,3920938536
9638,"Meza Soto, Mariana",79,Soacha,2186133837
9639,"Martinez Bustos, Ivan",25,Neiva,5670063838
9640,"Rivera Cano, Lina",66,Tunja,2953031739
9641,"Montes Romero, Ana Maria",64,Popayan,5225855940
9642,"Trujillo Lopez, Rafael",46,Bogota,7162975841
9643,"Ibarra Sanchez, Laura",78,Popayan,7714957142
9644,"Sandoval Alvarez, Andrea",36,Itagui,5717796343
9645,"Camacho Cano, Sebastian",37,Puerto Carreno,3809591344
9646,"Maldonado Pena, Blanca",44,Saravena,2401678145
9647,"Núñez Peralta, Marcela",44,Quibdo,4649303946
9648,"Sanchez Rodriguez, Sofia",37,Neiva,6614406547
9649,"Castillo Valdez, Yolanda",66,Pereira,3606686448
9650,"Suarez Ramirez, Ana Maria",40,Manizales,3914494249
9651,"Cardenas Rodriguez, Ernesto",71,Florencia,8276764550
9652,"Salazar Guzmán, Manuel",30,Mocoa,7066407651
9653,"Ochoa Vergara, Valentina",51,Palmira,5537190652
9654,"Morales Bravo, Luis Miguel",65,Valledupar,9206912853
9655,"Estrada Ruiz, Ricardo",54,Palmira,8799242954
9656,"Ruiz Ponce, Tomas",69,Itagui,9537470755
9657,"Morales Aguilar, Roberto",35,San Jose del Guaviare,9962808156
9658,"Guzmán Ortiz, Hector",39,Sincelejo,7392466257
9659,"Becerra Miranda, Mauricio",78,Palmira,4724393758
9660,"Guerrero Cruz, Ramon",62,Valledupar,6233548859
9661,"Cruz Vega, Francisco",71,Armenia,9434385760
9662,"Flores Valdez, Hernan",79,Mocoa,1903652861
9663,"Guzmán Estrada, Catalina",37,Saravena,5725272362
9664,"Ruiz Guerrero, Andres Felipe",20,Arauca,3063891663
9665,"Lugo Gomez, Melissa",77,San Jose del Guaviare,5200973064
9666,"Gutierrez Garcia, Alfredo",65,San Jose del Guaviare,8842346765
9667,"Peralta Sandoval, Ramon",78,Bello,1290674366
9668,"Cortez Guzmán, Ana Maria",44,Valledupar,7105326067
9669,"Castillo Ramos, Luis",29,Arauca,6556375168
9670,"Naranjo Salazar, Blanca",57,Popayan,8608341769
9671,"Pena Núñez, Arturo",67,Puerto Carreno,9539373970
9672,"Meza Serrano, Mario",43,Santa Marta,8131108671
9673,"Perez Muñoz, Oscar",41,Villavicencio,4447821372
9674,"Navarro Flores, Jorge",51,Tunja,3669858873
9675,"Cortez Ochoa, Fernando",48,Puerto Carreno,7196932274
9676,"Salinas Figueroa, Diego",49,Manizales,2234453175
9677,"Montes Herrera, Ramon",66,Palmira,3436980176
9678,"Romero Gomez, Oscar",64,Popayan,4757635077
9679,"Mendoza Valdez, Rafael",67,Yopal,8287304578
9680,"Rodriguez Ortiz, Sandra",80,San Jose del Guaviare,9944092379
9681,"Avila Fuente, Diana",23,Pasto,6390436180
9682,"Osorio Martinez, Lina",57,Cali,3198196981
9683,"Rubio Blanco, Marcela",21,Barranquilla,1484214982
9684,"Molina Romero, Rosa",22,Soledad,8124164983
9685,"Villanueva Vásquez, Daniela",19,Pereira,9668108884
9686,"Soto Acosta, Juliana",51,Mitu,6895572185
9687,"Osorio Padilla, Yolanda",45,Buenaventura,6972388886
9688,"Guerrero Blanco, Julio",24,Quibdo,5597158587
9689,"Acosta Mendez, Lina",19,Arauca,4229391288
9690,"Cabrera Flores, Javier",64,Tunja,4338643989
9691,"Rodriguez Escobar, Fabian",62,Puerto Carreno,1290701390
9692,"Velasquez Montes, Daniela",36,Yopal,5559191091
9693,"Velasquez Campos, Sandra",75,Barranquilla,8114653192
9694,"Vega Camacho, Sandra",80,San Jose del Guaviare,2359644393
9695,"Garcia Tapia, Julio",67,Florencia,5515783494
9696,"Jimenez Figueroa, Roberto",70,Palmira,7452967195
9697,"Alvarado Rodriguez, Isabella",21,Puerto Carreno,9774994096
9698,"Becerra Molina, Luis",60,Sincelejo,7005354397
9699,"Parra Ramos, Teresa",40,Floridablanca,2063315698
9700,"Ruiz Cruz, Jorge",30,Envigado,1937655999
9701,"Lugo Molina, Arturo",79,Riohacha,4736645500
9702,"Perez Rivera, Tomas",19,Barrancabermeja,8653115401
9703,"Villanueva Mendez, David",63,Tunja,4916058602
9704,"Delgado Garcia, David",71,Mitu,7229435803
9705,"Avila Vargas, Julio",77,Palmira,3697891004
9706,"Trujillo Romero, Hugo",27,Barrancabermeja,6352370105
9707,"Gomez Vergara, Mariana",33,Mocoa,7670136106
9708,"Figueroa Contreras, Elena",46,Armenia,5260306707
9709,"Escobar Sanchez, Alejandro",35,Saravena,6127339808
9710,"Tapia Arias, Andres",29,Bogota,9765294609
9711,"Maldonado Salazar, Helena",66,Floridablanca,5101502910
9712,"Barrera Parra, Natalia",72,Cali,7439849311
9713,"Fuentes Rubio, Tomas",30,Sincelejo,3862129612
9714,"Martinez Lugo, Victor",44,Neiva,4335841413
9715,"Cabrera Cano, Melissa",70,Ibague,2723694514
9716,"Acosta Flores, Nicolas",56,Soledad,5525710815
9717,"Leon Medina, Roberto",63,Villavicencio,1093756516
9718,"Barrera Pena, Lorena",36,San Jose del Guaviare,8723449917
9719,"Contreras Avila, Juan",53,Cartagena,4855180718
9720,"Jimenez Camacho, Patricia",76,Barrancabermeja,8463729719
9721,"Gonzalez Meza, Juan Pablo",35,Barrancabermeja,8629926820
9722,"Delgado Estrada, Juan",40,Puerto Carreno,4221211721
9723,"Figueroa Valencia, Ernesto",22,Sincelejo,3584410622
9724,"Medina Campos, Luis",63,Pereira,4358608423
9725,"Naranjo Moreno, Sandra",71,Barrancabermeja,7814392624
9726,"Tapia Vargas, Pedro",23,Floridablanca,6257592825
9727,"Diaz Mendoza, Natalia",69,Cali,6025415626
9728,"Fuentes Vargas, Mario",66,Barranquilla,5138820427
9729,"Soto Núñez, Valentina",21,Palmira,5903044028
9730,"Villanueva Guerrero, Ernesto",18,Pasto,3910521929
9731,"Cabrera Garcia, Teresa",41,Buenaventura,7242190130
9732,"Vega Romero, Alejandra",23,Barranquilla,1978603831
9733,"Guzmán Gonzalez, Ernesto",35,Inirida,7677302832
9734,"Lara Castillo, Ana Maria",66,Sincelejo,6424407133
9735,"Cortez Gonzalez, Rodrigo",61,Bello,3374958834
9736,"Rivera Vega, Tomas",23,Cucuta,1683910735
9737,"Rios Rios, Cesar",22,Armenia,1193280236
9738,"Rios Moreno, Rocio",61,Inirida,9926098337
9739,"Delgado Ruiz, Juliana",63,Santa Marta,2854239738
9740,"Cardenas Montes, Irene",23,Soacha,3858362439
9741,"Avila Palacios, Jorge",40,Cartagena,3288399040
9742,"Padilla Bravo, Monica",53,Quibdo,6536633341
9743,"Rodriguez Ibarra, Roberto",73,Tunja,8433171142
9744,"Vásquez Martinez, Catalina",37,Tunja,7483837343
9745,"Sanchez Vargas, Diego",34,Bucaramanga,1828280444
9746,"Cruz Ibarra, Maria Clara",57,Sincelejo,5339800945
9747,"Montes Osorio, Rosa",79,Soledad,7132839246
9748,"Lopez Bravo, Sebastian",37,Envigado,8862392947
9749,"Zamora Gutierrez, Rodrigo",41,Bogota,6253113948
9750,"Ramirez Medina, Laura",62,Buenaventura,2664456749
9751,"Cruz Mendoza, Andres Felipe",48,Envigado,8238763850
9752,"Vásquez Moreno, Laura",68,Riohacha,9852632551
9753,"Delgado Mendoza, Enrique",62,Mitu,5292132552
9754,"Herrera Moreno, Gabriel",51,Cali,8312684353
9755,"Lugo Tapia, Daniela",53,Cartagena,9952482354
9756,"Gutierrez Castillo, Marcela",56,Popayan,7631612955
9757,"Montes Ochoa, Andres",36,Leticia,7981643556
9758,"Espinoza Valdez, Javier",26,Pereira,1756346557
9759,"Sandoval Serrano, Paula",34,Soacha,3335558758
9760,"Figueroa Ramos, Carmen",64,Bogota,3257630359
9761,"Arias Garcia, Ana",62,Quibdo,7612563760
9762,"Coronel Ruiz, Pablo",34,Soledad,7197853161
9763,"Acosta Coronel, Nicolas",70,Itagui,5061568662
9764,"Navarro Ramos, Alicia",33,Manizales,4444923763
9765,"Núñez Osorio, Laura",79,Pasto,4471125364
9766,"Núñez Delgado, Camila",55,Riohacha,6704185565
9767,"Soto Estrada, Roberto",41,Sincelejo,4924904766
9768,"Gallego Vega, Irene",52,Valledupar,1684480667
9769,"Padilla Guzmán, Ignacio",29,Manizales,8267303768
9770,"Diaz Bravo, Fabian",18,Popayan,9299724269
9771,"Ruiz Flores, Carlos",23,Envigado,3216185370
9772,"Mora Ramos, Blanca",31,Leticia,1305863571
9773,"Arias Vásquez, Catalina",58,Santa Marta,9317759972
9774,"Castillo Trujillo, Juan Pablo",34,Bucaramanga,8419414873
9775,"Suarez Cano, Hernan",57,Santa Marta,6865762574
9776,"Ruiz Fuentes, Juan",34,Saravena,6677103675
9777,"Bustos Morales, Oscar",48,Tunja,7078245376
9778,"Arias Camacho, Rosa",74,Medellin,5716982777
9779,"Garcia Aguilar, Oscar",53,Puerto Carreno,3014898678
9780,"Salazar Núñez, Julio",78,Soacha,1314640179
9781,"Morales Molina, Maria",56,Armenia,6497686180
9782,"Rubio Estrada, Rafael",38,Bogota,4011115581
9783,"Acosta Maldonado, Hernan",74,San Jose del Guaviare,9054232882
9784,"Avila Diaz, Luisa",34,Bogota,9438008883
9785,"Soto Vergara, Sandra",76,Cali,9940367184
9786,"Naranjo Lopez, Oscar",21,Barrancabermeja,8310983085
9787,"Bustos Sanchez, Marcela",25,Bucaramanga,8126681186
9788,"Blanco Arias, Angela",19,Buenaventura,8346953687
9789,"Zamora Soto, Ivan",27,Cucuta,7870480788
9790,"Arias Guerrero, Daniela",74,San Jose del Guaviare,3035508589
9791,"Acosta Gomez, Antonio",18,Ibague,3558374690
9792,"Meza Becerra, Angela",27,Cucuta,8359185491
9793,"Valdez Cabrera, Ana",42,Quibdo,1561475492
9794,"Núñez Barrera, Irene",28,Barrancabermeja,2628449193
9795,"Zamora Carrillo, Paula",55,Barranquilla,3270107094
9796,"Herrera Núñez, Raul",39,Villavicencio,5276504995
9797,"Villanueva Maldonado, Paula",41,Itagui,6191119396
9798,"Morales Fuente, Antonio",48,Pereira,3107149297
9799,"Silva Ibarra, Paula",35,Florencia,3252426798
9800,"Perez Herrera, Diego",57,Inirida,9465547399
9801,"Arias Ruiz, Rocio",22,Santa Marta,2176703300
9802,"Fuentes Lopez, Sergio",65,Villavicencio,6172481301
9803,"Naranjo Rios, Marcela",42,Mocoa,8903270102
9804,"Peralta Romero, Rodrigo",69,Palmira,3856805003
9805,"Ruiz Reyes, Daniela",20,Bogota,8105514104
9806,"Medina Reyes, Teresa",54,San Jose del Guaviare,9762005005
9807,"Maldonado Cardenas, Juan",55,Soacha,9580194806
9808,"Gomez Escobar, Beatriz",43,Cartagena,7914352907
9809,"Parra Cortez, Juan",58,Barranquilla,8599604108
9810,"Molina Zamora, Nicolas",62,Barrancabermeja,8523571309
9811,"Ponce Padilla, Manuel",70,Quibdo,4667041410
9812,"Serrano Espinoza, Hector",69,Soacha,9759098111
9813,"Trujillo Perez, Victor",78,Soledad,8910821212
9814,"Rubio Gallego, Miguel",31,Riohacha,1081699313
9815,"Salinas Acosta, Carmen",21,Saravena,1858939414
9816,"Montes Acosta, Julio",30,Buenaventura,1922508715
9817,"Mora Valencia, Juan Pablo",44,Villavicencio,2313089616
9818,"Rivera Acosta, Gustavo",34,Inirida,1002820117
9819,"Serrano Blanco, Gabriel",55,Cucuta,3307451018
9820,"Salazar Pena, Tomas",51,Cartagena,9486758119
9821,"Bravo Delgado, Arturo",38,San Jose del Guaviare,7287731820
9822,"Leon Nieto, Mario",56,Manizales,6162064721
9823,"Pena Salinas, Alicia",35,Saravena,6792788022
9824,"Diaz Suarez, Andrea",78,Barranquilla,7757153323
9825,"Navarro Mendez, Carlos",60,Riohacha,2980013724
9826,"Ochoa Perez, Gloria",62,Cali,1228500825
9827,"Cardenas Romero, Daniela",24,Medellin,4839754326
9828,"Bravo Gallego, Juan",34,Sincelejo,4160581927
9829,"Alvarez Vargas, Hernan",24,Buenaventura,7852068928
9830,"Velasquez Montes, Maria Clara",30,Itagui,9051125429
9831,"Camacho Peralta, Lina",41,Sincelejo,3728075630
9832,"Garcia Palacios, Hernan",34,Manizales,7157999131
9833,"Trujillo Acosta, Elena",55,Mocoa,2484615632
9834,"Navarro Miranda, Monica",78,Puerto Carreno,4893455133
9835,"Campos Nieto, Alejandra",42,Armenia,2550186234
9836,"Perez Ochoa, Camila",35,Yopal,3297334235
9837,"Suarez Rios, Paula",19,Bogota,5074176336
9838,"Ponce Rubio, David",71,Armenia,6341879837
9839,"Blanco Alvarez, Pedro",34,Mitu,5467325438
9840,"Barrera Dominguez, Camila",27,Medellin,7258979639
9841,"Alvarez Medina, Alejandra",33,Yopal,9360094140
9842,"Bustos Serrano, Rocio",45,Valledupar,6834599341
9843,"Nieto Sanchez, Jorge",76,Mitu,3890797542
9844,"Cortez Diaz, Juan",75,Arauca,3353300043
9845,"Osorio Gonzalez, Ramon",25,Envigado,5885938644
9846,"Delgado Guerrero, Beatriz",76,Riohacha,9020846345
9847,"Palacios Trujillo, Fernando",49,Inirida,4541885746
9848,"Dominguez Medina, Luisa",65,Valledupar,8654113147
9849,"Leon Ponce, Lorena",63,Riohacha,7433989748
9850,"Lara Bustos, Carlos",37,Barranquilla,3004548149
9851,"Guerrero Camacho, Roberto",47,Barranquilla,1814501550
9852,"Torres Ibarra, Mario",59,Armenia,3418798151
9853,"Cano Navarro, Sergio",55,Itagui,1282802752
9854,"Parra Cano, Victor",61,Riohacha,7310047053
9855,"Ibarra Medina, Paola",43,Ibague,5312599854
9856,"Ochoa Rojas, Laura",69,Buenaventura,6236211555
9857,"Figueroa Leon, Fernando",35,Arauca,1216099656
9858,"Cano Aguilar, Sebastian",38,Quibdo,6121334457
9859,"Cruz Lara, Esteban",61,Quibdo,3397425558
9860,"Osorio Jimenez, Luis",62,Soacha,6136521059
9861,"Suarez Aguilar, Andrea",49,Barrancabermeja,9434937160
9862,"Sanchez Flores, Eduardo",45,Envigado,4427279561
9863,"Cruz Guerrero, Hugo",37,Soledad,5489285162
9864,"Sandoval Suarez, Mario",71,Villavicencio,3124572163
9865,"Osorio Cortez, Mariana",73,Soledad,7349740464
9866,"Dominguez Leon, Esteban",38,Soacha,3460075365
9867,"Cruz Osorio, Victor",19,Popayan,9344645666
9868,"Carrillo Maldonado, Silvia",74,Sincelejo,3714228467
9869,"Navarro Serrano, Helena",25,Monteria,1757978268
9870,"Fuente Alvarado, Fabian",28,Ibague,9977466369
9871,"Alvarez Castillo, Martha",19,Cali,4515107770
9872,"Salazar Ortiz, Lorena",58,Palmira,2749835671
9873,"Rivera Coronel, Gabriel",61,Soacha,6616969072
9874,"Salazar Mendez, Juliana",50,Floridablanca,6701958673
9875,"Trujillo Escobar, Eduardo",56,Medellin,5701143274
9876,"Lara Mora, Hernan",66,Neiva,9963646375
9877,"Parra Mendez, Natalia",71,Itagui,8620771376
9878,"Mora Barrera, Arturo",65,Armenia,3543138177
9879,"Naranjo Vargas, Patricia",55,Mitu,2908938978
9880,"Castillo Jimenez, Mariana",62,Cucuta,7910204779
9881,"Mora Rubio, Ricardo",31,Floridablanca,3590273980
9882,"Miranda Flores, Beatriz",64,Pereira,8701600281
9883,"Ramirez Leon, Tomas",57,Manizales,9491472582
9884,"Lopez Barrera, Teresa",40,Florencia,4767781383
9885,"Mendoza Padilla, Diana",33,Envigado,3183654684
9886,"Vásquez Romero, Andres Felipe",50,Inirida,3798911485
9887,"Soto Becerra, Eduardo",70,Cucuta,5716335486
9888,"Cano Suarez, Hernan",80,Bello,7693974487
9889,"Medina Medina, Juan",65,Saravena,5448629788
9890,"Sandoval Campos, Cristina",69,Quibdo,1438534589
9891,"Gonzalez Gallego, Esteban",78,Bucaramanga,8648463690
9892,"Mora Vásquez, Esperanza",68,Riohacha,3183947391
9893,"Soto Cabrera, Juliana",56,Inirida,1461608092
9894,"Sanchez Ruiz, Camila",58,Bogota,8026666193
9895,"Lopez Villanueva, Julio",43,Quibdo,2872904894
9896,"Mendez Tapia, Luisa",58,Armenia,7144691695
9897,"Dominguez Ramos, Diego",49,Manizales,4721331896
9898,"Ramirez Coronel, Oscar",33,Yopal,7249799397
9899,"Núñez Leon, Miguel",28,Buenaventura,4855232998
9900,"Osorio Vásquez, Mariana",22,Pasto,4312876099
9901,"Guzmán Vásquez, Susana",68,Valledupar,9738272700
9902,"Cortez Arias, Rosa",28,Tunja,6770657501
9903,"Bustos Serrano, Cesar",71,Monteria,9039974502
9904,"Aguilar Morales, Isabella",28,Monteria,8750873503
9905,"Rodriguez Mora, Camila",26,Monteria,9548091404
9906,"Peralta Ramirez, Daniela",25,Soledad,6247893005
9907,"Navarro Muñoz, Alejandra",73,Pasto,5919609406
9908,"Cardenas Meza, Paula",40,Cartagena,2922576907
9909,"Coronel Villanueva, Rodrigo",50,Villavicencio,7186190408
9910,"Zamora Vásquez, Irene",29,Pereira,2215595709
9911,"Rivera Castillo, Helena",29,Pereira,5541293610
9912,"Becerra Navarro, Nicolas",48,San Jose del Guaviare,7592177711
9913,"Reyes Vargas, Eduardo",43,Mitu,8505375012
9914,"Rodriguez Ochoa, Andres",68,Quibdo,4110076413
9915,"Vásquez Jimenez, Luis",62,Cartagena,7064814414
9916,"Núñez Acosta, Blanca",56,Palmira,4762975215
9917,"Estrada Miranda, Rafael",38,Santa Marta,9013269516
9918,"Gallego Padilla, Valentina",25,Riohacha,5900626317
9919,"Cruz Moreno, Sofia",69,Riohacha,2662534518
9920,"Pena Castillo, Isabella",70,Bello,3684968019
9921,"Nieto Salazar, Francisco",48,San Jose del Guaviare,4622635920
9922,"Ramos Leon, Andres",73,Barrancabermeja,1669112621
9923,"Alvarado Navarro, Esteban",79,Sincelejo,6432370322
9924,"Vásquez Suarez, Julio",78,Bucaramanga,1235982923
9925,"Naranjo Gallego, Ramon",73,Floridablanca,3077921224
9926,"Ramirez Cardenas, Valentina",43,Floridablanca,8636070625
9927,"Valencia Estrada, Esperanza",65,Soacha,3596009026
9928,"Sanchez Barrera, Juan",35,Buenaventura,2917926827
9929,"Guerrero Padilla, Pablo",41,Florencia,9431280728
9930,"Avila Gutierrez, Alfredo",75,Valledupar,2922630429
9931,"Vásquez Navarro, Fernando",26,Mitu,6559838530
9932,"Cano Barrera, Juan Pablo",35,Itagui,6178943531
9933,"Figueroa Velasquez, Monica",79,Inirida,8839118532
9934,"Rubio Padilla, Paula",34,Valledupar,5210481033
9935,"Garcia Leon, Sergio",37,Pasto,9629214634
9936,"Rios Alvarado, Jorge",68,Florencia,1287789935
9937,"Velasquez Romero, Gustavo",39,Tunja,1863389236
9938,"Leon Gomez, Hugo",72,Neiva,1847349637
9939,"Velasquez Garcia, Lina",61,Neiva,8011953238
9940,"Ibarra Contreras, Sebastian",24,San Jose del Guaviare,4019460039
9941,"Martinez Ruiz, Gloria",20,Sincelejo,7474495140
9942,"Arias Ramos, Ignacio",77,Bucaramanga,1895752941
9943,"Blanco Ochoa, Arturo",64,Itagui,8308643442
9944,"Padilla Lugo, Pedro",30,Villavicencio,5334649243
9945,"Morales Romero, Arturo",28,Palmira,4823467244
9946,"Arias Cano, Patricia",62,San Jose del Guaviare,4256113245
9947,"Fuentes Maldonado, Silvia",72,Inirida,2358155146
9948,"Avila Tapia, Angela",45,Bogota,3503279147
9949,"Espinoza Estrada, Nora",24,Barrancabermeja,3410157748
9950,"Reyes Cortez, Laura",21,Barrancabermeja,3563918849
9951,"Barrera Ruiz, Rodrigo",67,Pereira,3683542150
9952,"Jimenez Garcia, Felipe",38,Quibdo,5997621251
9953,"Rios Bustos, Cristina",61,Ibague,6067374052
9954,"Carrillo Carrillo, Pedro",42,Puerto Carreno,7069809953
9955,"Meza Rios, Yolanda",48,Leticia,3308669154
9956,"Moreno Meza, Julio",36,Barrancabermeja,3322786355
9957,"Muñoz Rubio, Oscar",34,Cucuta,3433835856
9958,"Pena Castillo, Pilar",31,Monteria,1968523257
9959,"Zamora Padilla, Ana Maria",79,Palmira,6604872458
9960,"Lopez Ortiz, Francisco",26,Popayan,9641420359
9961,"Ibarra Miranda, Valentina",68,Floridablanca,8403989360
9962,"Delgado Blanco, Hector",69,Popayan,7694790661
9963,"Arias Ochoa, Nicolas",31,Soledad,4003019762
9964,"Martinez Cruz, Hector",29,Riohacha,8590448163
9965,"Alvarado Osorio, Rodrigo",18,Pereira,8043537664
9966,"Ortiz Espinoza, Ramon",50,Neiva,5533424265
9967,"Martinez Velasquez, Roberto",28,Tunja,3840332666
9968,"Sandoval Aguilar, Martha",21,Popayan,9221927967
9969,"Perez Guerrero, Cristina",62,Saravena,9093432368
9970,"Padilla Contreras, Sandra",80,Inirida,2190192169
9971,"Ramos Ochoa, Angela",27,Riohacha,8498210270
9972,"Maldonado Parra, Diego",53,Pasto,7836540871
9973,"Becerra Meza, Tomas",51,Yopal,2777053572
9974,"Valdez Coronel, Isabella",61,Cali,8558183573
9975,"Castillo Peralta, Raul",67,Yopal,1583578074
9976,"Palacios Rios, Hugo",53,Manizales,7212866075
9977,"Dominguez Perez, Mariana",66,Yopal,7652360876
9978,"Romero Vega, Cristina",58,Barrancabermeja,5860452777
9979,"Parra Moreno, Beatriz",42,Arauca,9439591078
9980,"Silva Ochoa, Pablo",31,Arauca,2742362879
9981,"Sandoval Ibarra, Oscar",75,Mitu,3185538480
9982,"Naranjo Zamora, Enrique",62,Arauca,1543674981
9983,"Escobar Ramos, Helena",69,Inirida,5063980782
9984,"Mendoza Gonzalez, David",32,Villavicencio,9198619783
9985,"Ramos Pena, Camila",23,Armenia,1511937384
9986,"Delgado Leon, Diana",30,Buenaventura,3976240785
9987,"Becerra Diaz, Ricardo",24,Inirida,7387622986
9988,"Miranda Rivera, Juan",63,Sincelejo,7428917087
9989,"Espinoza Avila, Melissa",63,Barrancabermeja,5519522788
9990,"Castillo Bravo, Paula",51,Cali,2077481489
9991,"Cabrera Morales, Victor",51,San Jose del Guaviare,5316483990
9992,"Gutierrez Gutierrez, Felipe",57,Mocoa,3795136191
9993,"Castillo Lara, Raul",78,Neiva,3622568992
9994,"Suarez Valdez, Adriana",31,Soacha,3502831893
9995,"Guerrero Lopez, Fabian",72,San Jose del Guaviare,5312065494
9996,"Cruz Figueroa, Arturo",35,Soacha,1384986695
9997,"Ibarra Herrera, Ernesto",22,Arauca,5479207696
9998,"Mora Romero, Adriana",40,Palmira,4237238597
9999,"Guerrero Cortez, Rosa",58,Quibdo,7776685998
10000,"Navarro Dominguez, Jorge",80,Bello,7356160799